video,beat_index,start_s,end_s,duration_s,duration_frames,image
16040.mp4,0,0.0,1.868,1.868,56.0,analysis/frames/16040/16040_beat_0000.png
16040.mp4,1,1.869,3.069,1.2,36.0,analysis/frames/16040/16040_beat_0001.png
16040.mp4,2,3.07,4.537,1.467,44.0,analysis/frames/16040/16040_beat_0002.png
16040.mp4,3,4.538,7.874,3.336,100.0,analysis/frames/16040/16040_beat_0003.png
16040.mp4,4,7.875,12.645,4.77,143.0,analysis/frames/16040/16040_beat_0004.png
16040.mp4,5,12.646,13.679,1.033,31.0,analysis/frames/16040/16040_beat_0005.png
16040.mp4,6,13.68,15.314,1.634,49.0,analysis/frames/16040/16040_beat_0006.png
16040.mp4,7,15.315,20.853,5.538,166.0,analysis/frames/16040/16040_beat_0007.png
16040.mp4,8,20.854,22.355,1.5,45.0,analysis/frames/16040/16040_beat_0008.png
16040.mp4,9,22.356,24.824,2.468,74.0,analysis/frames/16040/16040_beat_0009.png
16040.mp4,10,24.825,26.158,1.334,40.0,analysis/frames/16040/16040_beat_0010.png
16040.mp4,11,26.159,28.561,2.401,72.0,analysis/frames/16040/16040_beat_0011.png
16040.mp4,12,28.562,30.062,1.5,45.0,analysis/frames/16040/16040_beat_0012.png
16040.mp4,13,30.063,33.165,3.102,93.0,analysis/frames/16040/16040_beat_0013.png
16040.mp4,14,33.166,35.902,2.735,82.0,analysis/frames/16040/16040_beat_0014.png
16040.mp4,15,35.903,40.006,4.103,123.0,analysis/frames/16040/16040_beat_0015.png
16040.mp4,16,40.007,41.34,1.334,40.0,analysis/frames/16040/16040_beat_0016.png
16040.mp4,17,41.341,43.209,1.868,56.0,analysis/frames/16040/16040_beat_0017.png
16040.mp4,18,43.21,47.38,4.17,125.0,analysis/frames/16040/16040_beat_0018.png
16040.mp4,19,47.381,50.716,3.336,100.0,analysis/frames/16040/16040_beat_0019.png
16040.mp4,20,50.717,53.519,2.802,84.0,analysis/frames/16040/16040_beat_0020.png
16040.mp4,21,53.52,57.256,3.736,112.0,analysis/frames/16040/16040_beat_0021.png
16040.mp4,22,57.257,60.993,3.736,112.0,analysis/frames/16040/16040_beat_0022.png
16040.mp4,23,60.994,62.295,1.3,39.0,analysis/frames/16040/16040_beat_0023.png
16040.mp4,24,62.296,65.564,3.269,98.0,analysis/frames/16040/16040_beat_0024.png
16040.mp4,25,65.566,66.966,1.4,42.0,analysis/frames/16040/16040_beat_0025.png
16040.mp4,26,66.967,68.301,1.334,40.0,analysis/frames/16040/16040_beat_0026.png
16040.mp4,27,68.302,72.705,4.403,132.0,analysis/frames/16040/16040_beat_0027.png
16040.mp4,28,72.706,76.442,3.736,112.0,analysis/frames/16040/16040_beat_0028.png
16040.mp4,29,76.443,77.176,0.733,22.0,analysis/frames/16040/16040_beat_0029.png
16040.mp4,30,77.177,78.11,0.933,28.0,analysis/frames/16040/16040_beat_0030.png
16040.mp4,31,78.111,85.217,7.106,213.0,analysis/frames/16040/16040_beat_0031.png
16040.mp4,32,85.218,88.888,3.669,110.0,analysis/frames/16040/16040_beat_0032.png
16040.mp4,33,88.889,92.525,3.636,109.0,analysis/frames/16040/16040_beat_0033.png
16040.mp4,34,92.526,96.562,4.036,121.0,analysis/frames/16040/16040_beat_0034.png
16040.mp4,35,96.563,100.8,4.237,127.0,analysis/frames/16040/16040_beat_0035.png
16040.mp4,36,100.801,102.902,2.101,63.0,analysis/frames/16040/16040_beat_0036.png
16040.mp4,37,102.903,105.271,2.368,71.0,analysis/frames/16040/16040_beat_0037.png
16040.mp4,38,105.272,107.673,2.401,72.0,analysis/frames/16040/16040_beat_0038.png
16040.mp4,39,107.674,109.075,1.4,42.0,analysis/frames/16040/16040_beat_0039.png
16040.mp4,40,109.076,110.91,1.834,55.0,analysis/frames/16040/16040_beat_0040.png
16040.mp4,41,110.911,114.18,3.269,98.0,analysis/frames/16040/16040_beat_0041.png
16040.mp4,42,114.181,117.216,3.035,91.0,analysis/frames/16040/16040_beat_0042.png
16040.mp4,43,117.217,121.053,3.836,115.0,analysis/frames/16040/16040_beat_0043.png
16040.mp4,44,121.054,123.923,2.869,86.0,analysis/frames/16040/16040_beat_0044.png
16040.mp4,45,123.924,126.158,2.235,67.0,analysis/frames/16040/16040_beat_0045.png
16040.mp4,46,126.159,132.365,6.205,186.0,analysis/frames/16040/16040_beat_0046.png
16040.mp4,47,132.366,133.899,1.534,46.0,analysis/frames/16040/16040_beat_0047.png
16040.mp4,48,133.9,135.768,1.868,56.0,analysis/frames/16040/16040_beat_0048.png
16040.mp4,49,135.769,137.47,1.701,51.0,analysis/frames/16040/16040_beat_0049.png
16040.mp4,50,137.471,138.17,0.7,21.0,analysis/frames/16040/16040_beat_0050.png
16040.mp4,51,138.171,139.505,1.334,40.0,analysis/frames/16040/16040_beat_0051.png
16040.mp4,52,139.506,143.342,3.836,115.0,analysis/frames/16040/16040_beat_0052.png
16040.mp4,53,143.343,146.946,3.603,108.0,analysis/frames/16040/16040_beat_0053.png
16040.mp4,54,146.947,148.748,1.801,54.0,analysis/frames/16040/16040_beat_0054.png
16040.mp4,55,148.749,153.319,4.57,137.0,analysis/frames/16040/16040_beat_0055.png
16040.mp4,56,153.32,159.058,5.738,172.0,analysis/frames/16040/16040_beat_0056.png
16040.mp4,57,159.059,163.596,4.537,136.0,analysis/frames/16040/16040_beat_0057.png
16040.mp4,58,163.597,167.266,3.669,110.0,analysis/frames/16040/16040_beat_0058.png
16040.mp4,59,167.267,169.502,2.235,67.0,analysis/frames/16040/16040_beat_0059.png
16040.mp4,60,169.503,174.707,5.204,156.0,analysis/frames/16040/16040_beat_0060.png
16040.mp4,61,174.708,177.576,2.869,86.0,analysis/frames/16040/16040_beat_0061.png
16040.mp4,62,177.577,182.948,5.371,161.0,analysis/frames/16040/16040_beat_0062.png
16040.mp4,63,182.949,185.051,2.101,63.0,analysis/frames/16040/16040_beat_0063.png
16040.mp4,64,185.052,188.487,3.436,103.0,analysis/frames/16040/16040_beat_0064.png
16040.mp4,65,188.488,191.09,2.602,78.0,analysis/frames/16040/16040_beat_0065.png
16040.mp4,66,191.091,195.528,4.437,133.0,analysis/frames/16040/16040_beat_0066.png
16040.mp4,67,195.529,197.496,1.968,59.0,analysis/frames/16040/16040_beat_0067.png
16040.mp4,68,197.497,202.601,5.104,153.0,analysis/frames/16040/16040_beat_0068.png
16040.mp4,69,202.602,203.469,0.867,26.0,analysis/frames/16040/16040_beat_0069.png
16040.mp4,70,203.47,204.804,1.334,40.0,analysis/frames/16040/16040_beat_0070.png
16040.mp4,71,204.805,207.073,2.268,68.0,analysis/frames/16040/16040_beat_0071.png
16040.mp4,72,207.074,215.081,8.007,240.0,analysis/frames/16040/16040_beat_0072.png
16040.mp4,73,215.082,216.382,1.3,39.0,analysis/frames/16040/16040_beat_0073.png
16040.mp4,74,216.383,218.984,2.602,78.0,analysis/frames/16040/16040_beat_0074.png
16040.mp4,75,218.985,223.956,4.971,149.0,analysis/frames/16040/16040_beat_0075.png
16040.mp4,76,223.957,227.693,3.736,112.0,analysis/frames/16040/16040_beat_0076.png
16040.mp4,77,227.694,229.762,2.068,62.0,analysis/frames/16040/16040_beat_0077.png
16040.mp4,78,229.763,232.765,3.002,90.0,analysis/frames/16040/16040_beat_0078.png
16040.mp4,79,232.766,235.568,2.802,84.0,analysis/frames/16040/16040_beat_0079.png
16040.mp4,80,235.569,240.739,5.171,155.0,analysis/frames/16040/16040_beat_0080.png
16040.mp4,81,240.74,243.843,3.102,93.0,analysis/frames/16040/16040_beat_0081.png
16040.mp4,82,243.844,249.148,5.304,159.0,analysis/frames/16040/16040_beat_0082.png
16040.mp4,83,249.149,255.421,6.272,188.0,analysis/frames/16040/16040_beat_0083.png
16040.mp4,84,255.422,257.289,1.868,56.0,analysis/frames/16040/16040_beat_0084.png
16040.mp4,85,257.29,260.926,3.636,109.0,analysis/frames/16040/16040_beat_0085.png
16040.mp4,86,260.927,268.2,7.273,218.0,analysis/frames/16040/16040_beat_0086.png
16040.mp4,87,268.201,269.802,1.601,48.0,analysis/frames/16040/16040_beat_0087.png
16040.mp4,88,269.803,270.669,0.867,26.0,analysis/frames/16040/16040_beat_0088.png
16040.mp4,89,270.67,271.637,0.967,29.0,analysis/frames/16040/16040_beat_0089.png
16040.mp4,90,271.638,275.107,3.469,104.0,analysis/frames/16040/16040_beat_0090.png
16040.mp4,91,275.108,277.109,2.001,60.0,analysis/frames/16040/16040_beat_0091.png
16040.mp4,92,277.11,278.577,1.467,44.0,analysis/frames/16040/16040_beat_0092.png
16040.mp4,93,278.578,281.614,3.035,91.0,analysis/frames/16040/16040_beat_0093.png
16040.mp4,94,281.615,283.082,1.467,44.0,analysis/frames/16040/16040_beat_0094.png
16040.mp4,95,283.083,284.383,1.3,39.0,analysis/frames/16040/16040_beat_0095.png
16040.mp4,96,284.384,285.885,1.501,45.0,analysis/frames/16040/16040_beat_0096.png
16040.mp4,97,285.886,286.886,1.0,30.0,analysis/frames/16040/16040_beat_0097.png
16040.mp4,98,286.887,288.621,1.734,52.0,analysis/frames/16040/16040_beat_0098.png
16040.mp4,99,288.622,293.626,5.004,150.0,analysis/frames/16040/16040_beat_0099.png
16040.mp4,100,293.627,295.427,1.801,54.0,analysis/frames/16040/16040_beat_0100.png
16040.mp4,101,295.428,297.596,2.168,65.0,analysis/frames/16040/16040_beat_0101.png
16040.mp4,102,297.597,302.101,4.504,135.0,analysis/frames/16040/16040_beat_0102.png
16040.mp4,103,302.102,305.171,3.069,92.0,analysis/frames/16040/16040_beat_0103.png
16040.mp4,104,305.172,306.839,1.667,50.0,analysis/frames/16040/16040_beat_0104.png
16040.mp4,105,306.84,308.741,1.901,57.0,analysis/frames/16040/16040_beat_0105.png
16040.mp4,106,308.742,311.076,2.335,70.0,analysis/frames/16040/16040_beat_0106.png
16040.mp4,107,311.077,313.612,2.535,76.0,analysis/frames/16040/16040_beat_0107.png
16040.mp4,108,313.613,316.882,3.269,98.0,analysis/frames/16040/16040_beat_0108.png
16040.mp4,109,316.883,322.154,5.271,158.0,analysis/frames/16040/16040_beat_0109.png
16040.mp4,110,322.155,324.79,2.635,79.0,analysis/frames/16040/16040_beat_0110.png
16040.mp4,111,324.791,326.025,1.234,37.0,analysis/frames/16040/16040_beat_0111.png
16040.mp4,112,326.026,330.462,4.437,133.0,analysis/frames/16040/16040_beat_0112.png
16040.mp4,113,330.463,331.33,0.867,26.0,analysis/frames/16040/16040_beat_0113.png
16040.mp4,114,331.331,333.132,1.801,54.0,analysis/frames/16040/16040_beat_0114.png
16040.mp4,115,333.133,337.236,4.103,123.0,analysis/frames/16040/16040_beat_0115.png
16040.mp4,116,337.237,339.138,1.901,57.0,analysis/frames/16040/16040_beat_0116.png
16040.mp4,117,339.139,342.541,3.402,102.0,analysis/frames/16040/16040_beat_0117.png
16040.mp4,118,342.542,345.244,2.702,81.0,analysis/frames/16040/16040_beat_0118.png
16040.mp4,119,345.245,346.612,1.367,41.0,analysis/frames/16040/16040_beat_0119.png
16040.mp4,120,346.613,348.848,2.235,67.0,analysis/frames/16040/16040_beat_0120.png
16040.mp4,121,348.849,350.583,1.734,52.0,analysis/frames/16040/16040_beat_0121.png
16040.mp4,122,350.584,352.117,1.534,46.0,analysis/frames/16040/16040_beat_0122.png
16040.mp4,123,352.118,353.586,1.467,44.0,analysis/frames/16040/16040_beat_0123.png
16040.mp4,124,353.587,355.187,1.601,48.0,analysis/frames/16040/16040_beat_0124.png
16040.mp4,125,355.188,356.722,1.534,46.0,analysis/frames/16040/16040_beat_0125.png
16040.mp4,126,356.723,358.157,1.434,43.0,analysis/frames/16040/16040_beat_0126.png
16040.mp4,127,358.158,359.625,1.467,44.0,analysis/frames/16040/16040_beat_0127.png
16040.mp4,128,359.626,361.393,1.767,53.0,analysis/frames/16040/16040_beat_0128.png
16040.mp4,129,361.394,363.195,1.801,54.0,analysis/frames/16040/16040_beat_0129.png
16040.mp4,130,363.196,365.431,2.235,67.0,analysis/frames/16040/16040_beat_0130.png
16040.mp4,131,365.432,367.733,2.301,69.0,analysis/frames/16040/16040_beat_0131.png
16040.mp4,132,367.734,369.668,1.934,58.0,analysis/frames/16040/16040_beat_0132.png
16040.mp4,133,369.669,372.071,2.401,72.0,analysis/frames/16040/16040_beat_0133.png
16040.mp4,134,372.072,374.974,2.902,87.0,analysis/frames/16040/16040_beat_0134.png
16040.mp4,135,374.975,376.809,1.834,55.0,analysis/frames/16040/16040_beat_0135.png
16040.mp4,136,376.81,380.579,3.769,113.0,analysis/frames/16040/16040_beat_0136.png
16040.mp4,137,380.58,383.482,2.902,87.0,analysis/frames/16040/16040_beat_0137.png
16040.mp4,138,383.483,388.888,5.404,162.0,analysis/frames/16040/16040_beat_0138.png
16040.mp4,139,388.889,390.623,1.734,52.0,analysis/frames/16040/16040_beat_0139.png
16040.mp4,140,390.624,391.39,0.766,23.0,analysis/frames/16040/16040_beat_0140.png
16040.mp4,141,391.391,392.458,1.067,32.0,analysis/frames/16040/16040_beat_0141.png
16040.mp4,142,392.459,395.928,3.469,104.0,analysis/frames/16040/16040_beat_0142.png
16040.mp4,143,395.929,399.231,3.302,99.0,analysis/frames/16040/16040_beat_0143.png
16040.mp4,144,399.232,400.566,1.334,40.0,analysis/frames/16040/16040_beat_0144.png
16040.mp4,145,400.567,404.637,4.07,122.0,analysis/frames/16040/16040_beat_0145.png
16040.mp4,146,404.638,407.039,2.401,72.0,analysis/frames/16040/16040_beat_0146.png
16040.mp4,147,407.04,409.074,2.034,61.0,analysis/frames/16040/16040_beat_0147.png
16040.mp4,148,409.075,412.578,3.502,105.0,analysis/frames/16040/16040_beat_0148.png
16040.mp4,149,412.579,414.046,1.467,44.0,analysis/frames/16040/16040_beat_0149.png
16040.mp4,150,414.047,414.98,0.933,28.0,analysis/frames/16040/16040_beat_0150.png
16040.mp4,151,414.981,417.349,2.368,71.0,analysis/frames/16040/16040_beat_0151.png
16040.mp4,152,417.35,421.253,3.903,117.0,analysis/frames/16040/16040_beat_0152.png
16040.mp4,153,421.254,424.59,3.336,100.0,analysis/frames/16040/16040_beat_0153.png
16040.mp4,154,424.591,425.291,0.7,21.0,analysis/frames/16040/16040_beat_0154.png
16040.mp4,155,425.292,429.361,4.07,122.0,analysis/frames/16040/16040_beat_0155.png
16040.mp4,156,429.362,432.498,3.135,94.0,analysis/frames/16040/16040_beat_0156.png
16040.mp4,157,432.499,434.767,2.268,68.0,analysis/frames/16040/16040_beat_0157.png
16040.mp4,158,434.768,438.003,3.236,97.0,analysis/frames/16040/16040_beat_0158.png
16040.mp4,159,438.004,441.14,3.135,94.0,analysis/frames/16040/16040_beat_0159.png
16040.mp4,160,441.141,442.374,1.234,37.0,analysis/frames/16040/16040_beat_0160.png
16040.mp4,161,442.375,444.576,2.201,66.0,analysis/frames/16040/16040_beat_0161.png
16040.mp4,162,444.577,448.28,3.703,111.0,analysis/frames/16040/16040_beat_0162.png
16040.mp4,163,448.281,451.517,3.236,97.0,analysis/frames/16040/16040_beat_0163.png
16040.mp4,164,451.518,457.156,5.638,169.0,analysis/frames/16040/16040_beat_0164.png
16040.mp4,165,457.157,459.291,2.134,64.0,analysis/frames/16040/16040_beat_0165.png
16040.mp4,166,459.292,459.992,0.7,21.0,analysis/frames/16040/16040_beat_0166.png
16040.mp4,167,459.993,461.26,1.267,38.0,analysis/frames/16040/16040_beat_0167.png
16040.mp4,168,461.261,463.462,2.201,66.0,analysis/frames/16040/16040_beat_0168.png
16040.mp4,169,463.463,467.666,4.203,126.0,analysis/frames/16040/16040_beat_0169.png
16040.mp4,170,467.667,471.603,3.936,118.0,analysis/frames/16040/16040_beat_0170.png
16040.mp4,171,471.604,477.676,6.072,182.0,analysis/frames/16040/16040_beat_0171.png
16040.mp4,172,477.677,479.578,1.901,57.0,analysis/frames/16040/16040_beat_0172.png
16040.mp4,173,479.579,481.513,1.934,58.0,analysis/frames/16040/16040_beat_0173.png
16040.mp4,174,481.514,485.15,3.636,109.0,analysis/frames/16040/16040_beat_0174.png
16040.mp4,175,485.151,487.052,1.901,57.0,analysis/frames/16040/16040_beat_0175.png
16040.mp4,176,487.053,489.021,1.968,59.0,analysis/frames/16040/16040_beat_0176.png
16040.mp4,177,489.022,489.621,0.6,18.0,analysis/frames/16040/16040_beat_0177.png
16040.mp4,178,489.622,492.057,2.435,73.0,analysis/frames/16040/16040_beat_0178.png
16040.mp4,179,492.058,493.425,1.367,41.0,analysis/frames/16040/16040_beat_0179.png
16040.mp4,180,493.426,495.694,2.268,68.0,analysis/frames/16040/16040_beat_0180.png
16040.mp4,181,495.695,497.363,1.667,50.0,analysis/frames/16040/16040_beat_0181.png
16040.mp4,182,497.364,501.667,4.303,129.0,analysis/frames/16040/16040_beat_0182.png
16040.mp4,183,501.668,504.002,2.335,70.0,analysis/frames/16040/16040_beat_0183.png
16040.mp4,184,504.003,508.974,4.971,149.0,analysis/frames/16040/16040_beat_0184.png
16040.mp4,185,508.975,511.043,2.068,62.0,analysis/frames/16040/16040_beat_0185.png
16040.mp4,186,511.044,515.347,4.303,129.0,analysis/frames/16040/16040_beat_0186.png
16040.mp4,187,515.348,518.717,3.369,101.0,analysis/frames/16040/16040_beat_0187.png
16040.mp4,188,518.718,522.688,3.97,119.0,analysis/frames/16040/16040_beat_0188.png
16040.mp4,189,522.689,523.422,0.733,22.0,analysis/frames/16040/16040_beat_0189.png
16040.mp4,190,523.423,524.39,0.967,29.0,analysis/frames/16040/16040_beat_0190.png
16040.mp4,191,524.391,526.091,1.701,51.0,analysis/frames/16040/16040_beat_0191.png
16040.mp4,192,526.092,527.393,1.3,39.0,analysis/frames/16040/16040_beat_0192.png
16040.mp4,193,527.394,529.495,2.101,63.0,analysis/frames/16040/16040_beat_0193.png
16040.mp4,194,529.496,535.034,5.538,166.0,analysis/frames/16040/16040_beat_0194.png
16040.mp4,195,535.034,543.075,8.04,241.0,analysis/frames/16040/16040_beat_0195.png
16040.mp4,196,543.076,544.676,1.601,48.0,analysis/frames/16040/16040_beat_0196.png
16040.mp4,197,544.677,546.979,2.301,69.0,analysis/frames/16040/16040_beat_0197.png
16040.mp4,198,546.98,553.619,6.639,199.0,analysis/frames/16040/16040_beat_0198.png
16040.mp4,199,553.62,557.022,3.402,102.0,analysis/frames/16040/16040_beat_0199.png
16040.mp4,200,557.023,560.559,3.536,106.0,analysis/frames/16040/16040_beat_0200.png
16040.mp4,201,560.56,563.295,2.735,82.0,analysis/frames/16040/16040_beat_0201.png
16040.mp4,202,563.296,566.632,3.336,100.0,analysis/frames/16040/16040_beat_0202.png
16040.mp4,203,566.633,569.768,3.135,94.0,analysis/frames/16040/16040_beat_0203.png
16040.mp4,204,569.769,575.207,5.438,163.0,analysis/frames/16040/16040_beat_0204.png
16040.mp4,205,575.208,578.21,3.002,90.0,analysis/frames/16040/16040_beat_0205.png
16040.mp4,206,578.211,579.278,1.067,32.0,analysis/frames/16040/16040_beat_0206.png
16040.mp4,207,579.279,581.213,1.934,58.0,analysis/frames/16040/16040_beat_0207.png
16040.mp4,208,581.214,586.552,5.338,160.0,analysis/frames/16040/16040_beat_0208.png
16040.mp4,209,586.553,589.555,3.002,90.0,analysis/frames/16040/16040_beat_0209.png
16040.mp4,210,589.556,591.09,1.534,46.0,analysis/frames/16040/16040_beat_0210.png
16040.mp4,211,591.091,591.824,0.733,22.0,analysis/frames/16040/16040_beat_0211.png
16040.mp4,212,591.825,592.758,0.933,28.0,analysis/frames/16040/16040_beat_0212.png
16040.mp4,213,592.759,595.127,2.368,71.0,analysis/frames/16040/16040_beat_0213.png
16040.mp4,214,595.128,600.165,5.037,151.0,analysis/frames/16040/16040_beat_0214.png
16040.mp4,215,600.166,602.234,2.068,62.0,analysis/frames/16040/16040_beat_0215.png
16040.mp4,216,602.235,603.135,0.9,27.0,analysis/frames/16040/16040_beat_0216.png
16040.mp4,217,603.136,605.07,1.934,58.0,analysis/frames/16040/16040_beat_0217.png
16040.mp4,218,605.071,607.973,2.902,87.0,analysis/frames/16040/16040_beat_0218.png
16040.mp4,219,607.974,610.442,2.468,74.0,analysis/frames/16040/16040_beat_0219.png
16040.mp4,220,610.443,612.978,2.535,76.0,analysis/frames/16040/16040_beat_0220.png
16040.mp4,221,612.979,616.748,3.769,113.0,analysis/frames/16040/16040_beat_0221.png
16040.mp4,222,616.749,618.984,2.235,67.0,analysis/frames/16040/16040_beat_0222.png
16040.mp4,223,618.985,620.819,1.834,55.0,analysis/frames/16040/16040_beat_0223.png
16040.mp4,224,620.82,623.388,2.568,77.0,analysis/frames/16040/16040_beat_0224.png
16040.mp4,225,623.389,624.623,1.234,37.0,analysis/frames/16040/16040_beat_0225.png
16040.mp4,226,624.624,628.46,3.836,115.0,analysis/frames/16040/16040_beat_0226.png
16040.mp4,227,628.461,634.867,6.405,192.0,analysis/frames/16040/16040_beat_0227.png
16040.mp4,228,634.868,636.869,2.001,60.0,analysis/frames/16040/16040_beat_0228.png
16040.mp4,229,636.87,639.571,2.702,81.0,analysis/frames/16040/16040_beat_0229.png
16040.mp4,230,639.572,642.374,2.802,84.0,analysis/frames/16040/16040_beat_0230.png
16040.mp4,231,642.375,646.545,4.17,125.0,analysis/frames/16040/16040_beat_0231.png
16040.mp4,232,646.546,649.615,3.069,92.0,analysis/frames/16040/16040_beat_0232.png
16040.mp4,233,649.616,652.417,2.802,84.0,analysis/frames/16040/16040_beat_0233.png
16040.mp4,234,652.418,653.986,1.567,47.0,analysis/frames/16040/16040_beat_0234.png
16040.mp4,235,653.987,657.456,3.469,104.0,analysis/frames/16040/16040_beat_0235.png
16040.mp4,236,657.457,659.391,1.934,58.0,analysis/frames/16040/16040_beat_0236.png
16040.mp4,237,659.392,661.994,2.602,78.0,analysis/frames/16040/16040_beat_0237.png
16040.mp4,238,661.995,672.08,10.085,302.3,analysis/frames/16040/16040_beat_0238.png
16044.mp4,0,0.0,1.767,1.767,53.0,analysis/frames/16044/16044_beat_0000.png
16044.mp4,1,1.768,4.904,3.135,94.0,analysis/frames/16044/16044_beat_0001.png
16044.mp4,2,4.905,9.208,4.303,129.0,analysis/frames/16044/16044_beat_0002.png
16044.mp4,3,9.209,13.913,4.704,141.0,analysis/frames/16044/16044_beat_0003.png
16044.mp4,4,13.914,20.92,7.006,210.0,analysis/frames/16044/16044_beat_0004.png
16044.mp4,5,20.921,24.657,3.736,112.0,analysis/frames/16044/16044_beat_0005.png
16044.mp4,6,24.658,32.798,8.14,244.0,analysis/frames/16044/16044_beat_0006.png
16044.mp4,7,32.799,35.635,2.835,85.0,analysis/frames/16044/16044_beat_0007.png
16044.mp4,8,35.636,42.208,6.572,197.0,analysis/frames/16044/16044_beat_0008.png
16044.mp4,9,42.209,45.278,3.069,92.0,analysis/frames/16044/16044_beat_0009.png
16044.mp4,10,45.279,47.847,2.568,77.0,analysis/frames/16044/16044_beat_0010.png
16044.mp4,11,47.848,50.983,3.135,94.0,analysis/frames/16044/16044_beat_0011.png
16044.mp4,12,50.984,54.654,3.669,110.0,analysis/frames/16044/16044_beat_0012.png
16044.mp4,13,54.655,61.093,6.439,193.0,analysis/frames/16044/16044_beat_0013.png
16044.mp4,14,61.094,68.567,7.473,224.0,analysis/frames/16044/16044_beat_0014.png
16044.mp4,15,68.569,72.605,4.036,121.0,analysis/frames/16044/16044_beat_0015.png
16044.mp4,16,72.606,76.742,4.136,124.0,analysis/frames/16044/16044_beat_0016.png
16044.mp4,17,76.743,82.081,5.338,160.0,analysis/frames/16044/16044_beat_0017.png
16044.mp4,18,82.082,82.815,0.733,22.0,analysis/frames/16044/16044_beat_0018.png
16044.mp4,19,82.816,85.751,2.935,88.0,analysis/frames/16044/16044_beat_0019.png
16044.mp4,20,85.752,94.36,8.608,258.0,analysis/frames/16044/16044_beat_0020.png
16044.mp4,21,94.361,99.498,5.137,154.0,analysis/frames/16044/16044_beat_0021.png
16044.mp4,22,99.499,104.437,4.937,148.0,analysis/frames/16044/16044_beat_0022.png
16044.mp4,23,104.438,111.577,7.139,214.0,analysis/frames/16044/16044_beat_0023.png
16044.mp4,24,111.578,114.447,2.869,86.0,analysis/frames/16044/16044_beat_0024.png
16044.mp4,25,114.448,116.182,1.734,52.0,analysis/frames/16044/16044_beat_0025.png
16044.mp4,26,116.183,119.585,3.402,102.0,analysis/frames/16044/16044_beat_0026.png
16044.mp4,27,119.586,124.39,4.804,144.0,analysis/frames/16044/16044_beat_0027.png
16044.mp4,28,124.391,128.16,3.769,113.0,analysis/frames/16044/16044_beat_0028.png
16044.mp4,29,128.161,132.932,4.77,143.0,analysis/frames/16044/16044_beat_0029.png
16044.mp4,30,132.933,137.036,4.103,123.0,analysis/frames/16044/16044_beat_0030.png
16044.mp4,31,137.037,142.241,5.204,156.0,analysis/frames/16044/16044_beat_0031.png
16044.mp4,32,142.242,145.077,2.835,85.0,analysis/frames/16044/16044_beat_0032.png
16044.mp4,33,145.078,146.479,1.4,42.0,analysis/frames/16044/16044_beat_0033.png
16044.mp4,34,146.48,148.18,1.701,51.0,analysis/frames/16044/16044_beat_0034.png
16044.mp4,35,148.181,152.685,4.504,135.0,analysis/frames/16044/16044_beat_0035.png
16044.mp4,36,152.686,159.458,6.772,203.0,analysis/frames/16044/16044_beat_0036.png
16044.mp4,37,159.459,160.159,0.7,21.0,analysis/frames/16044/16044_beat_0037.png
16044.mp4,38,160.16,162.395,2.235,67.0,analysis/frames/16044/16044_beat_0038.png
16044.mp4,39,162.396,165.064,2.668,80.0,analysis/frames/16044/16044_beat_0039.png
16044.mp4,40,165.065,171.303,6.239,187.0,analysis/frames/16044/16044_beat_0040.png
16044.mp4,41,171.304,176.242,4.937,148.0,analysis/frames/16044/16044_beat_0041.png
16044.mp4,42,176.243,183.649,7.406,222.0,analysis/frames/16044/16044_beat_0042.png
16044.mp4,43,183.65,188.988,5.338,160.0,analysis/frames/16044/16044_beat_0043.png
16044.mp4,44,188.989,190.656,1.667,50.0,analysis/frames/16044/16044_beat_0044.png
16044.mp4,45,190.657,193.592,2.935,88.0,analysis/frames/16044/16044_beat_0045.png
16044.mp4,46,193.593,196.495,2.902,87.0,analysis/frames/16044/16044_beat_0046.png
16044.mp4,47,196.496,199.565,3.069,92.0,analysis/frames/16044/16044_beat_0047.png
16044.mp4,48,199.566,204.77,5.204,156.0,analysis/frames/16044/16044_beat_0048.png
16044.mp4,49,204.771,207.273,2.501,75.0,analysis/frames/16044/16044_beat_0049.png
16044.mp4,50,207.274,214.613,7.34,220.0,analysis/frames/16044/16044_beat_0050.png
16044.mp4,51,214.614,222.054,7.44,223.0,analysis/frames/16044/16044_beat_0051.png
16044.mp4,52,222.055,225.925,3.87,116.0,analysis/frames/16044/16044_beat_0052.png
16044.mp4,53,225.926,231.964,6.038,181.0,analysis/frames/16044/16044_beat_0053.png
16044.mp4,54,231.965,232.798,0.833,25.0,analysis/frames/16044/16044_beat_0054.png
16044.mp4,55,232.799,235.401,2.602,78.0,analysis/frames/16044/16044_beat_0055.png
16044.mp4,56,235.402,243.042,7.64,229.0,analysis/frames/16044/16044_beat_0056.png
16044.mp4,57,243.043,250.282,7.24,217.0,analysis/frames/16044/16044_beat_0057.png
16044.mp4,58,250.283,254.286,4.003,120.0,analysis/frames/16044/16044_beat_0058.png
16044.mp4,59,254.287,258.09,3.803,114.0,analysis/frames/16044/16044_beat_0059.png
16044.mp4,60,258.091,261.56,3.469,104.0,analysis/frames/16044/16044_beat_0060.png
16044.mp4,61,261.561,266.365,4.804,144.0,analysis/frames/16044/16044_beat_0061.png
16044.mp4,62,266.366,272.738,6.372,191.0,analysis/frames/16044/16044_beat_0062.png
16044.mp4,63,272.739,278.611,5.872,176.0,analysis/frames/16044/16044_beat_0063.png
16044.mp4,64,278.612,283.382,4.77,143.0,analysis/frames/16044/16044_beat_0064.png
16044.mp4,65,283.383,285.651,2.268,68.0,analysis/frames/16044/16044_beat_0065.png
16044.mp4,66,285.652,290.322,4.67,140.0,analysis/frames/16044/16044_beat_0066.png
16044.mp4,67,290.323,294.56,4.237,127.0,analysis/frames/16044/16044_beat_0067.png
16044.mp4,68,294.561,297.363,2.802,84.0,analysis/frames/16044/16044_beat_0068.png
16044.mp4,69,297.364,299.865,2.502,75.0,analysis/frames/16044/16044_beat_0069.png
16044.mp4,70,299.866,305.104,5.238,157.0,analysis/frames/16044/16044_beat_0070.png
16044.mp4,71,305.105,306.005,0.9,27.0,analysis/frames/16044/16044_beat_0071.png
16044.mp4,72,306.006,307.406,1.4,42.0,analysis/frames/16044/16044_beat_0072.png
16044.mp4,73,307.407,311.343,3.936,118.0,analysis/frames/16044/16044_beat_0073.png
16044.mp4,74,311.344,313.879,2.535,76.0,analysis/frames/16044/16044_beat_0074.png
16044.mp4,75,313.88,316.816,2.935,88.0,analysis/frames/16044/16044_beat_0075.png
16044.mp4,76,316.817,324.29,7.473,224.0,analysis/frames/16044/16044_beat_0076.png
16044.mp4,77,324.291,331.63,7.34,220.0,analysis/frames/16044/16044_beat_0077.png
16044.mp4,78,331.631,337.002,5.371,161.0,analysis/frames/16044/16044_beat_0078.png
16044.mp4,79,337.003,338.304,1.3,39.0,analysis/frames/16044/16044_beat_0079.png
16044.mp4,80,338.305,344.243,5.938,178.0,analysis/frames/16044/16044_beat_0080.png
16044.mp4,81,344.244,349.014,4.77,143.0,analysis/frames/16044/16044_beat_0081.png
16044.mp4,82,349.015,351.116,2.101,63.0,analysis/frames/16044/16044_beat_0082.png
16044.mp4,83,351.117,354.486,3.369,101.0,analysis/frames/16044/16044_beat_0083.png
16044.mp4,84,354.487,361.493,7.006,210.0,analysis/frames/16044/16044_beat_0084.png
16044.mp4,85,361.494,364.129,2.635,79.0,analysis/frames/16044/16044_beat_0085.png
16044.mp4,86,364.13,369.568,5.438,163.0,analysis/frames/16044/16044_beat_0086.png
16044.mp4,87,369.569,373.973,4.403,132.0,analysis/frames/16044/16044_beat_0087.png
16044.mp4,88,373.974,374.773,0.8,24.0,analysis/frames/16044/16044_beat_0088.png
16044.mp4,89,374.774,376.342,1.567,47.0,analysis/frames/16044/16044_beat_0089.png
16044.mp4,90,376.343,382.414,6.072,182.0,analysis/frames/16044/16044_beat_0090.png
16044.mp4,91,382.415,387.82,5.404,162.0,analysis/frames/16044/16044_beat_0091.png
16044.mp4,92,387.821,396.128,8.307,249.0,analysis/frames/16044/16044_beat_0092.png
16044.mp4,93,396.129,407.907,11.777,353.0,analysis/frames/16044/16044_beat_0093.png
16044.mp4,94,407.908,413.212,5.304,159.0,analysis/frames/16044/16044_beat_0094.png
16044.mp4,95,413.213,416.649,3.436,103.0,analysis/frames/16044/16044_beat_0095.png
16044.mp4,96,416.65,422.988,6.339,190.0,analysis/frames/16044/16044_beat_0096.png
16044.mp4,97,422.989,426.959,3.97,119.0,analysis/frames/16044/16044_beat_0097.png
16044.mp4,98,426.96,429.595,2.635,79.0,analysis/frames/16044/16044_beat_0098.png
16044.mp4,99,429.596,432.631,3.035,91.0,analysis/frames/16044/16044_beat_0099.png
16044.mp4,100,432.632,436.001,3.369,101.0,analysis/frames/16044/16044_beat_0100.png
16044.mp4,101,436.002,437.503,1.501,45.0,analysis/frames/16044/16044_beat_0101.png
16044.mp4,102,437.504,444.543,7.039,211.0,analysis/frames/16044/16044_beat_0102.png
16044.mp4,103,444.544,449.515,4.971,149.0,analysis/frames/16044/16044_beat_0103.png
16044.mp4,104,449.516,450.282,0.766,23.0,analysis/frames/16044/16044_beat_0104.png
16044.mp4,105,450.283,452.785,2.502,75.0,analysis/frames/16044/16044_beat_0105.png
16044.mp4,106,452.786,461.26,8.474,254.0,analysis/frames/16044/16044_beat_0106.png
16044.mp4,107,461.261,464.863,3.603,108.0,analysis/frames/16044/16044_beat_0107.png
16044.mp4,108,464.864,470.803,5.938,178.0,analysis/frames/16044/16044_beat_0108.png
16044.mp4,109,470.804,476.408,5.605,168.0,analysis/frames/16044/16044_beat_0109.png
16044.mp4,110,476.409,480.512,4.103,123.0,analysis/frames/16044/16044_beat_0110.png
16044.mp4,111,480.513,484.116,3.603,108.0,analysis/frames/16044/16044_beat_0111.png
16044.mp4,112,484.117,487.519,3.402,102.0,analysis/frames/16044/16044_beat_0112.png
16044.mp4,113,487.52,491.49,3.97,119.0,analysis/frames/16044/16044_beat_0113.png
16044.mp4,114,491.491,494.393,2.902,87.0,analysis/frames/16044/16044_beat_0114.png
16044.mp4,115,494.394,495.794,1.4,42.0,analysis/frames/16044/16044_beat_0115.png
16044.mp4,116,495.795,499.298,3.503,105.0,analysis/frames/16044/16044_beat_0116.png
16044.mp4,117,499.299,503.902,4.604,138.0,analysis/frames/16044/16044_beat_0117.png
16044.mp4,118,503.903,510.843,6.939,208.0,analysis/frames/16044/16044_beat_0118.png
16044.mp4,119,510.844,518.484,7.64,229.0,analysis/frames/16044/16044_beat_0119.png
16044.mp4,120,518.485,522.955,4.47,134.0,analysis/frames/16044/16044_beat_0120.png
16044.mp4,121,522.956,523.655,0.7,21.0,analysis/frames/16044/16044_beat_0121.png
16044.mp4,122,523.656,525.858,2.201,66.0,analysis/frames/16044/16044_beat_0122.png
16044.mp4,123,525.859,533.298,7.44,223.0,analysis/frames/16044/16044_beat_0123.png
16044.mp4,124,533.299,537.436,4.136,124.0,analysis/frames/16044/16044_beat_0124.png
16044.mp4,125,537.437,542.474,5.037,151.0,analysis/frames/16044/16044_beat_0125.png
16044.mp4,126,542.475,547.746,5.271,158.0,analysis/frames/16044/16044_beat_0126.png
16044.mp4,127,547.747,553.318,5.571,167.0,analysis/frames/16044/16044_beat_0127.png
16044.mp4,128,553.319,558.023,4.704,141.0,analysis/frames/16044/16044_beat_0128.png
16044.mp4,129,558.024,560.959,2.935,88.0,analysis/frames/16044/16044_beat_0129.png
16044.mp4,130,560.96,564.463,3.502,105.0,analysis/frames/16044/16044_beat_0130.png
16044.mp4,131,564.464,568.267,3.803,114.0,analysis/frames/16044/16044_beat_0131.png
16044.mp4,132,568.268,573.539,5.271,158.0,analysis/frames/16044/16044_beat_0132.png
16044.mp4,133,573.54,578.777,5.238,157.0,analysis/frames/16044/16044_beat_0133.png
16044.mp4,134,578.778,580.212,1.434,43.0,analysis/frames/16044/16044_beat_0134.png
16044.mp4,135,580.213,582.815,2.602,78.0,analysis/frames/16044/16044_beat_0135.png
16044.mp4,136,582.816,585.017,2.201,66.0,analysis/frames/16044/16044_beat_0136.png
16044.mp4,137,585.018,589.688,4.67,140.0,analysis/frames/16044/16044_beat_0137.png
16044.mp4,138,589.689,590.389,0.7,21.0,analysis/frames/16044/16044_beat_0138.png
16044.mp4,139,590.39,592.858,2.468,74.0,analysis/frames/16044/16044_beat_0139.png
16044.mp4,140,592.859,598.964,6.105,183.0,analysis/frames/16044/16044_beat_0140.png
16044.mp4,141,598.965,607.94,8.975,269.0,analysis/frames/16044/16044_beat_0141.png
16044.mp4,142,607.941,615.114,7.173,215.0,analysis/frames/16044/16044_beat_0142.png
16044.mp4,143,615.115,617.483,2.368,71.0,analysis/frames/16044/16044_beat_0143.png
16044.mp4,144,617.484,625.891,8.407,252.0,analysis/frames/16044/16044_beat_0144.png
16044.mp4,145,625.892,636.435,10.543,316.0,analysis/frames/16044/16044_beat_0145.png
16044.mp4,146,636.436,644.443,8.007,240.0,analysis/frames/16044/16044_beat_0146.png
16044.mp4,147,644.444,650.449,6.005,180.0,analysis/frames/16044/16044_beat_0147.png
16044.mp4,148,650.45,656.955,6.506,195.0,analysis/frames/16044/16044_beat_0148.png
16044.mp4,149,656.956,661.627,4.67,140.0,analysis/frames/16044/16044_beat_0149.png
16044.mp4,150,661.628,662.361,0.733,22.0,analysis/frames/16044/16044_beat_0150.png
16044.mp4,151,662.362,664.863,2.501,75.0,analysis/frames/16044/16044_beat_0151.png
16044.mp4,152,664.864,669.301,4.437,133.0,analysis/frames/16044/16044_beat_0152.png
16044.mp4,153,669.302,675.007,5.705,171.0,analysis/frames/16044/16044_beat_0153.png
16044.mp4,154,675.008,678.277,3.269,98.0,analysis/frames/16044/16044_beat_0154.png
16044.mp4,155,678.278,682.447,4.17,125.0,analysis/frames/16044/16044_beat_0155.png
16044.mp4,156,682.448,692.357,9.909,297.0,analysis/frames/16044/16044_beat_0156.png
16044.mp4,157,692.358,699.231,6.873,206.0,analysis/frames/16044/16044_beat_0157.png
16044.mp4,158,699.232,708.073,8.841,265.0,analysis/frames/16044/16044_beat_0158.png
16044.mp4,159,708.074,716.014,7.94,238.0,analysis/frames/16044/16044_beat_0159.png
16044.mp4,160,716.015,722.321,6.305,189.0,analysis/frames/16044/16044_beat_0160.png
16044.mp4,161,722.322,724.79,2.468,74.0,analysis/frames/16044/16044_beat_0161.png
16044.mp4,162,724.791,734.566,9.775,293.0,analysis/frames/16044/16044_beat_0162.png
16044.mp4,163,734.567,740.973,6.405,192.0,analysis/frames/16044/16044_beat_0163.png
16044.mp4,164,740.974,751.05,10.076,302.0,analysis/frames/16044/16044_beat_0164.png
16048.mp4,0,0.0,1.901,1.901,57.0,analysis/frames/16048/16048_beat_0000.png
16048.mp4,1,1.902,4.37,2.468,74.0,analysis/frames/16048/16048_beat_0001.png
16048.mp4,2,4.371,6.672,2.301,69.0,analysis/frames/16048/16048_beat_0002.png
16048.mp4,3,6.673,9.208,2.535,76.0,analysis/frames/16048/16048_beat_0003.png
16048.mp4,4,9.209,16.582,7.373,221.0,analysis/frames/16048/16048_beat_0004.png
16048.mp4,5,16.583,19.886,3.302,99.0,analysis/frames/16048/16048_beat_0005.png
16048.mp4,6,19.887,23.456,3.569,107.0,analysis/frames/16048/16048_beat_0006.png
16048.mp4,7,23.457,25.658,2.201,66.0,analysis/frames/16048/16048_beat_0007.png
16048.mp4,8,25.659,28.928,3.269,98.0,analysis/frames/16048/16048_beat_0008.png
16048.mp4,9,28.929,32.632,3.703,111.0,analysis/frames/16048/16048_beat_0009.png
16048.mp4,10,32.633,35.067,2.435,73.0,analysis/frames/16048/16048_beat_0010.png
16048.mp4,11,35.068,38.17,3.102,93.0,analysis/frames/16048/16048_beat_0011.png
16048.mp4,12,38.171,41.774,3.603,108.0,analysis/frames/16048/16048_beat_0012.png
16048.mp4,13,41.775,45.478,3.703,111.0,analysis/frames/16048/16048_beat_0013.png
16048.mp4,14,45.479,50.75,5.271,158.0,analysis/frames/16048/16048_beat_0014.png
16048.mp4,15,50.751,54.487,3.736,112.0,analysis/frames/16048/16048_beat_0015.png
16048.mp4,16,54.488,56.789,2.301,69.0,analysis/frames/16048/16048_beat_0016.png
16048.mp4,17,56.79,59.325,2.535,76.0,analysis/frames/16048/16048_beat_0017.png
16048.mp4,18,59.326,63.029,3.703,111.0,analysis/frames/16048/16048_beat_0018.png
16048.mp4,19,63.03,63.796,0.766,23.0,analysis/frames/16048/16048_beat_0019.png
16048.mp4,20,63.797,65.564,1.767,53.0,analysis/frames/16048/16048_beat_0020.png
16048.mp4,21,65.566,70.503,4.937,148.0,analysis/frames/16048/16048_beat_0021.png
16048.mp4,22,70.504,73.306,2.802,84.0,analysis/frames/16048/16048_beat_0022.png
16048.mp4,23,73.307,76.943,3.636,109.0,analysis/frames/16048/16048_beat_0023.png
16048.mp4,24,76.944,80.513,3.569,107.0,analysis/frames/16048/16048_beat_0024.png
16048.mp4,25,80.514,82.648,2.134,64.0,analysis/frames/16048/16048_beat_0025.png
16048.mp4,26,82.649,88.321,5.671,170.0,analysis/frames/16048/16048_beat_0026.png
16048.mp4,27,88.322,91.991,3.669,110.0,analysis/frames/16048/16048_beat_0027.png
16048.mp4,28,91.992,93.96,1.968,59.0,analysis/frames/16048/16048_beat_0028.png
16048.mp4,29,93.961,97.196,3.236,97.0,analysis/frames/16048/16048_beat_0029.png
16048.mp4,30,97.197,101.567,4.37,131.0,analysis/frames/16048/16048_beat_0030.png
16048.mp4,31,101.568,105.137,3.569,107.0,analysis/frames/16048/16048_beat_0031.png
16048.mp4,32,105.138,108.507,3.369,101.0,analysis/frames/16048/16048_beat_0032.png
16048.mp4,33,108.508,114.88,6.372,191.0,analysis/frames/16048/16048_beat_0033.png
16048.mp4,34,114.881,117.65,2.768,83.0,analysis/frames/16048/16048_beat_0034.png
16048.mp4,35,117.651,123.222,5.571,167.0,analysis/frames/16048/16048_beat_0035.png
16048.mp4,36,123.223,127.727,4.503,135.0,analysis/frames/16048/16048_beat_0036.png
16048.mp4,37,127.728,129.929,2.201,66.0,analysis/frames/16048/16048_beat_0037.png
16048.mp4,38,129.93,130.563,0.633,19.0,analysis/frames/16048/16048_beat_0038.png
16048.mp4,39,130.564,132.665,2.101,63.0,analysis/frames/16048/16048_beat_0039.png
16048.mp4,40,132.666,139.672,7.006,210.0,analysis/frames/16048/16048_beat_0040.png
16048.mp4,41,139.673,146.746,7.073,212.0,analysis/frames/16048/16048_beat_0041.png
16048.mp4,42,146.747,156.155,9.408,282.0,analysis/frames/16048/16048_beat_0042.png
16048.mp4,43,156.156,160.292,4.136,124.0,analysis/frames/16048/16048_beat_0043.png
16048.mp4,44,160.293,166.132,5.838,175.0,analysis/frames/16048/16048_beat_0044.png
16048.mp4,45,166.133,170.269,4.136,124.0,analysis/frames/16048/16048_beat_0045.png
16048.mp4,46,170.27,173.105,2.835,85.0,analysis/frames/16048/16048_beat_0046.png
16048.mp4,47,173.106,176.275,3.169,95.0,analysis/frames/16048/16048_beat_0047.png
16048.mp4,48,176.276,181.08,4.804,144.0,analysis/frames/16048/16048_beat_0048.png
16048.mp4,49,181.081,183.015,1.934,58.0,analysis/frames/16048/16048_beat_0049.png
16048.mp4,50,183.016,185.951,2.935,88.0,analysis/frames/16048/16048_beat_0050.png
16048.mp4,51,185.952,188.22,2.268,68.0,analysis/frames/16048/16048_beat_0051.png
16048.mp4,52,188.221,190.623,2.401,72.0,analysis/frames/16048/16048_beat_0052.png
16048.mp4,53,190.624,194.56,3.936,118.0,analysis/frames/16048/16048_beat_0053.png
16048.mp4,54,194.561,195.361,0.8,24.0,analysis/frames/16048/16048_beat_0054.png
16048.mp4,55,195.362,197.596,2.235,67.0,analysis/frames/16048/16048_beat_0055.png
16048.mp4,56,197.597,201.901,4.303,129.0,analysis/frames/16048/16048_beat_0056.png
16048.mp4,57,201.902,205.237,3.336,100.0,analysis/frames/16048/16048_beat_0057.png
16048.mp4,58,205.238,208.441,3.202,96.0,analysis/frames/16048/16048_beat_0058.png
16048.mp4,59,208.442,212.778,4.337,130.0,analysis/frames/16048/16048_beat_0059.png
16048.mp4,60,212.779,219.185,6.405,192.0,analysis/frames/16048/16048_beat_0060.png
16048.mp4,61,219.186,223.055,3.87,116.0,analysis/frames/16048/16048_beat_0061.png
16048.mp4,62,223.056,226.559,3.502,105.0,analysis/frames/16048/16048_beat_0062.png
16048.mp4,63,226.56,230.496,3.936,118.0,analysis/frames/16048/16048_beat_0063.png
16048.mp4,64,230.497,233.299,2.802,84.0,analysis/frames/16048/16048_beat_0064.png
16048.mp4,65,233.3,235.534,2.235,67.0,analysis/frames/16048/16048_beat_0065.png
16048.mp4,66,235.535,242.007,6.472,194.0,analysis/frames/16048/16048_beat_0066.png
16048.mp4,67,242.008,247.313,5.304,159.0,analysis/frames/16048/16048_beat_0067.png
16048.mp4,68,247.314,248.714,1.4,42.0,analysis/frames/16048/16048_beat_0068.png
16048.mp4,69,248.715,254.12,5.404,162.0,analysis/frames/16048/16048_beat_0069.png
16048.mp4,70,254.121,256.322,2.201,66.0,analysis/frames/16048/16048_beat_0070.png
16048.mp4,71,256.323,260.693,4.37,131.0,analysis/frames/16048/16048_beat_0071.png
16048.mp4,72,260.694,261.594,0.9,27.0,analysis/frames/16048/16048_beat_0072.png
16048.mp4,73,261.595,263.462,1.868,56.0,analysis/frames/16048/16048_beat_0073.png
16048.mp4,74,263.463,268.167,4.704,141.0,analysis/frames/16048/16048_beat_0074.png
16048.mp4,75,268.168,273.439,5.271,158.0,analysis/frames/16048/16048_beat_0075.png
16048.mp4,76,273.44,277.243,3.803,114.0,analysis/frames/16048/16048_beat_0076.png
16048.mp4,77,277.244,280.646,3.402,102.0,analysis/frames/16048/16048_beat_0077.png
16048.mp4,78,280.647,283.115,2.468,74.0,analysis/frames/16048/16048_beat_0078.png
16048.mp4,79,283.116,287.52,4.403,132.0,analysis/frames/16048/16048_beat_0079.png
16048.mp4,80,287.521,290.256,2.735,82.0,analysis/frames/16048/16048_beat_0080.png
16048.mp4,81,290.257,292.391,2.134,64.0,analysis/frames/16048/16048_beat_0081.png
16048.mp4,82,292.392,295.461,3.069,92.0,analysis/frames/16048/16048_beat_0082.png
16048.mp4,83,295.462,298.23,2.768,83.0,analysis/frames/16048/16048_beat_0083.png
16048.mp4,84,298.231,301.6,3.369,101.0,analysis/frames/16048/16048_beat_0084.png
16048.mp4,85,301.601,303.803,2.201,66.0,analysis/frames/16048/16048_beat_0085.png
16048.mp4,86,303.803,306.405,2.602,78.0,analysis/frames/16048/16048_beat_0086.png
16048.mp4,87,306.406,307.807,1.4,42.0,analysis/frames/16048/16048_beat_0087.png
16048.mp4,88,307.808,310.543,2.735,82.0,analysis/frames/16048/16048_beat_0088.png
16048.mp4,89,310.544,312.378,1.834,55.0,analysis/frames/16048/16048_beat_0089.png
16048.mp4,90,312.379,314.947,2.568,77.0,analysis/frames/16048/16048_beat_0090.png
16048.mp4,91,314.948,315.614,0.666,20.0,analysis/frames/16048/16048_beat_0091.png
16048.mp4,92,315.615,316.482,0.867,26.0,analysis/frames/16048/16048_beat_0092.png
16048.mp4,93,316.483,318.851,2.368,71.0,analysis/frames/16048/16048_beat_0093.png
16048.mp4,94,318.852,320.186,1.334,40.0,analysis/frames/16048/16048_beat_0094.png
16048.mp4,95,320.187,322.054,1.868,56.0,analysis/frames/16048/16048_beat_0095.png
16048.mp4,96,322.055,326.158,4.103,123.0,analysis/frames/16048/16048_beat_0096.png
16048.mp4,97,326.159,331.897,5.738,172.0,analysis/frames/16048/16048_beat_0097.png
16048.mp4,98,331.898,339.171,7.273,218.0,analysis/frames/16048/16048_beat_0098.png
16048.mp4,99,339.172,340.306,1.133,34.0,analysis/frames/16048/16048_beat_0099.png
16048.mp4,100,340.307,342.541,2.235,67.0,analysis/frames/16048/16048_beat_0100.png
16048.mp4,101,342.542,345.444,2.902,87.0,analysis/frames/16048/16048_beat_0101.png
16048.mp4,102,345.445,349.215,3.769,113.0,analysis/frames/16048/16048_beat_0102.png
16048.mp4,103,349.216,353.285,4.07,122.0,analysis/frames/16048/16048_beat_0103.png
16048.mp4,104,353.286,355.12,1.834,55.0,analysis/frames/16048/16048_beat_0104.png
16048.mp4,105,355.121,356.956,1.834,55.0,analysis/frames/16048/16048_beat_0105.png
16048.mp4,106,356.957,359.191,2.235,67.0,analysis/frames/16048/16048_beat_0106.png
16048.mp4,107,359.192,361.694,2.502,75.0,analysis/frames/16048/16048_beat_0107.png
16048.mp4,108,361.695,366.065,4.37,131.0,analysis/frames/16048/16048_beat_0108.png
16048.mp4,109,366.066,374.473,8.407,252.0,analysis/frames/16048/16048_beat_0109.png
16048.mp4,110,374.474,378.711,4.237,127.0,analysis/frames/16048/16048_beat_0110.png
16048.mp4,111,378.712,381.447,2.735,82.0,analysis/frames/16048/16048_beat_0111.png
16048.mp4,112,381.448,383.549,2.101,63.0,analysis/frames/16048/16048_beat_0112.png
16048.mp4,113,383.55,386.185,2.635,79.0,analysis/frames/16048/16048_beat_0113.png
16048.mp4,114,386.186,386.919,0.733,22.0,analysis/frames/16048/16048_beat_0114.png
16048.mp4,115,386.92,388.787,1.868,56.0,analysis/frames/16048/16048_beat_0115.png
16048.mp4,116,388.788,391.824,3.035,91.0,analysis/frames/16048/16048_beat_0116.png
16048.mp4,117,391.825,395.027,3.202,96.0,analysis/frames/16048/16048_beat_0117.png
16048.mp4,118,395.028,398.097,3.069,92.0,analysis/frames/16048/16048_beat_0118.png
16048.mp4,119,398.098,401.667,3.569,107.0,analysis/frames/16048/16048_beat_0119.png
16048.mp4,120,401.668,407.273,5.605,168.0,analysis/frames/16048/16048_beat_0120.png
16048.mp4,121,407.274,412.444,5.171,155.0,analysis/frames/16048/16048_beat_0121.png
16048.mp4,122,412.445,420.986,8.541,256.0,analysis/frames/16048/16048_beat_0122.png
16048.mp4,123,420.987,425.524,4.537,136.0,analysis/frames/16048/16048_beat_0123.png
16048.mp4,124,425.525,429.595,4.07,122.0,analysis/frames/16048/16048_beat_0124.png
16048.mp4,125,429.596,433.499,3.903,117.0,analysis/frames/16048/16048_beat_0125.png
16048.mp4,126,433.5,437.803,4.303,129.0,analysis/frames/16048/16048_beat_0126.png
16048.mp4,127,437.804,445.444,7.64,229.0,analysis/frames/16048/16048_beat_0127.png
16048.mp4,128,445.445,447.446,2.001,60.0,analysis/frames/16048/16048_beat_0128.png
16048.mp4,129,447.447,448.213,0.766,23.0,analysis/frames/16048/16048_beat_0129.png
16048.mp4,130,448.214,450.015,1.801,54.0,analysis/frames/16048/16048_beat_0130.png
16048.mp4,131,450.016,452.918,2.902,87.0,analysis/frames/16048/16048_beat_0131.png
16048.mp4,132,452.919,455.154,2.235,67.0,analysis/frames/16048/16048_beat_0132.png
16048.mp4,133,455.155,460.726,5.571,167.0,analysis/frames/16048/16048_beat_0133.png
16048.mp4,134,460.727,462.861,2.134,64.0,analysis/frames/16048/16048_beat_0134.png
16048.mp4,135,462.862,465.331,2.468,74.0,analysis/frames/16048/16048_beat_0135.png
16048.mp4,136,465.332,469.268,3.936,118.0,analysis/frames/16048/16048_beat_0136.png
16048.mp4,137,469.269,473.038,3.769,113.0,analysis/frames/16048/16048_beat_0137.png
16048.mp4,138,473.039,475.607,2.568,77.0,analysis/frames/16048/16048_beat_0138.png
16048.mp4,139,475.608,478.877,3.269,98.0,analysis/frames/16048/16048_beat_0139.png
16048.mp4,140,478.878,481.113,2.235,67.0,analysis/frames/16048/16048_beat_0140.png
16048.mp4,141,481.114,483.115,2.001,60.0,analysis/frames/16048/16048_beat_0141.png
16048.mp4,142,483.116,487.686,4.57,137.0,analysis/frames/16048/16048_beat_0142.png
16048.mp4,143,487.687,491.256,3.569,107.0,analysis/frames/16048/16048_beat_0143.png
16048.mp4,144,491.257,493.926,2.668,80.0,analysis/frames/16048/16048_beat_0144.png
16048.mp4,145,493.927,495.361,1.434,43.0,analysis/frames/16048/16048_beat_0145.png
16048.mp4,146,495.362,498.497,3.135,94.0,analysis/frames/16048/16048_beat_0146.png
16048.mp4,147,498.498,501.066,2.568,77.0,analysis/frames/16048/16048_beat_0147.png
16048.mp4,148,501.067,502.835,1.767,53.0,analysis/frames/16048/16048_beat_0148.png
16048.mp4,149,502.836,504.903,2.068,62.0,analysis/frames/16048/16048_beat_0149.png
16048.mp4,150,504.904,506.171,1.267,38.0,analysis/frames/16048/16048_beat_0150.png
16048.mp4,151,506.172,511.343,5.171,155.0,analysis/frames/16048/16048_beat_0151.png
16048.mp4,152,511.344,512.211,0.867,26.0,analysis/frames/16048/16048_beat_0152.png
16048.mp4,153,512.212,513.612,1.4,42.0,analysis/frames/16048/16048_beat_0153.png
16048.mp4,154,513.613,514.546,0.933,28.0,analysis/frames/16048/16048_beat_0154.png
16048.mp4,155,514.547,515.247,0.7,21.0,analysis/frames/16048/16048_beat_0155.png
16048.mp4,156,515.248,516.815,1.567,47.0,analysis/frames/16048/16048_beat_0156.png
16048.mp4,157,516.816,518.817,2.001,60.0,analysis/frames/16048/16048_beat_0157.png
16048.mp4,158,518.818,521.92,3.102,93.0,analysis/frames/16048/16048_beat_0158.png
16048.mp4,159,521.921,525.357,3.436,103.0,analysis/frames/16048/16048_beat_0159.png
16048.mp4,160,525.358,526.658,1.3,39.0,analysis/frames/16048/16048_beat_0160.png
16048.mp4,161,526.659,529.561,2.902,87.0,analysis/frames/16048/16048_beat_0161.png
16048.mp4,162,529.562,536.735,7.173,215.0,analysis/frames/16048/16048_beat_0162.png
16048.mp4,163,536.736,540.239,3.502,105.0,analysis/frames/16048/16048_beat_0163.png
16048.mp4,164,540.24,541.44,1.2,36.0,analysis/frames/16048/16048_beat_0164.png
16048.mp4,165,541.441,543.575,2.134,64.0,analysis/frames/16048/16048_beat_0165.png
16048.mp4,166,543.576,548.447,4.871,146.0,analysis/frames/16048/16048_beat_0166.png
16048.mp4,167,548.448,551.583,3.135,94.0,analysis/frames/16048/16048_beat_0167.png
16048.mp4,168,551.584,554.753,3.169,95.0,analysis/frames/16048/16048_beat_0168.png
16048.mp4,169,554.754,558.357,3.603,108.0,analysis/frames/16048/16048_beat_0169.png
16048.mp4,170,558.358,559.358,1.0,30.0,analysis/frames/16048/16048_beat_0170.png
16048.mp4,171,559.359,563.429,4.07,122.0,analysis/frames/16048/16048_beat_0171.png
16048.mp4,172,563.43,566.965,3.536,106.0,analysis/frames/16048/16048_beat_0172.png
16048.mp4,173,566.966,569.735,2.768,83.0,analysis/frames/16048/16048_beat_0173.png
16048.mp4,174,569.736,573.338,3.603,108.0,analysis/frames/16048/16048_beat_0174.png
16048.mp4,175,573.339,576.008,2.668,80.0,analysis/frames/16048/16048_beat_0175.png
16048.mp4,176,576.009,580.512,4.504,135.0,analysis/frames/16048/16048_beat_0176.png
16048.mp4,177,580.513,581.246,0.733,22.0,analysis/frames/16048/16048_beat_0177.png
16048.mp4,178,581.247,583.449,2.201,66.0,analysis/frames/16048/16048_beat_0178.png
16048.mp4,179,583.45,584.817,1.367,41.0,analysis/frames/16048/16048_beat_0179.png
16048.mp4,180,584.818,586.452,1.634,49.0,analysis/frames/16048/16048_beat_0180.png
16048.mp4,181,586.453,592.591,6.138,184.0,analysis/frames/16048/16048_beat_0181.png
16048.mp4,182,592.592,596.061,3.469,104.0,analysis/frames/16048/16048_beat_0182.png
16048.mp4,183,596.062,596.829,0.766,23.0,analysis/frames/16048/16048_beat_0183.png
16048.mp4,184,596.83,600.065,3.236,97.0,analysis/frames/16048/16048_beat_0184.png
16048.mp4,185,600.066,603.035,2.969,89.0,analysis/frames/16048/16048_beat_0185.png
16048.mp4,186,603.036,604.47,1.434,43.0,analysis/frames/16048/16048_beat_0186.png
16048.mp4,187,604.471,610.476,6.005,180.0,analysis/frames/16048/16048_beat_0187.png
16048.mp4,188,610.477,612.01,1.534,46.0,analysis/frames/16048/16048_beat_0188.png
16048.mp4,189,612.011,613.312,1.3,39.0,analysis/frames/16048/16048_beat_0189.png
16048.mp4,190,613.313,615.948,2.635,79.0,analysis/frames/16048/16048_beat_0190.png
16048.mp4,191,615.949,617.616,1.667,50.0,analysis/frames/16048/16048_beat_0191.png
16048.mp4,192,617.617,621.553,3.936,118.0,analysis/frames/16048/16048_beat_0192.png
16048.mp4,193,621.554,625.057,3.503,105.0,analysis/frames/16048/16048_beat_0193.png
16048.mp4,194,625.058,627.893,2.835,85.0,analysis/frames/16048/16048_beat_0194.png
16048.mp4,195,627.894,630.696,2.802,84.0,analysis/frames/16048/16048_beat_0195.png
16048.mp4,196,630.697,634.299,3.603,108.0,analysis/frames/16048/16048_beat_0196.png
16048.mp4,197,634.3,638.137,3.836,115.0,analysis/frames/16048/16048_beat_0197.png
16048.mp4,198,638.138,641.139,3.002,90.0,analysis/frames/16048/16048_beat_0198.png
16048.mp4,199,641.14,645.277,4.136,124.0,analysis/frames/16048/16048_beat_0199.png
16048.mp4,200,645.278,651.55,6.272,188.0,analysis/frames/16048/16048_beat_0200.png
16048.mp4,201,651.551,654.052,2.502,75.0,analysis/frames/16048/16048_beat_0201.png
16048.mp4,202,654.053,660.225,6.172,185.0,analysis/frames/16048/16048_beat_0202.png
16048.mp4,203,660.226,670.29,10.064,301.6,analysis/frames/16048/16048_beat_0203.png
16052.mp4,0,0.0,1.801,1.801,54.0,analysis/frames/16052/16052_beat_0000.png
16052.mp4,1,1.802,3.469,1.667,50.0,analysis/frames/16052/16052_beat_0001.png
16052.mp4,2,3.47,6.439,2.969,89.0,analysis/frames/16052/16052_beat_0002.png
16052.mp4,3,6.44,9.976,3.536,106.0,analysis/frames/16052/16052_beat_0003.png
16052.mp4,4,9.977,12.078,2.101,63.0,analysis/frames/16052/16052_beat_0004.png
16052.mp4,5,12.079,16.883,4.804,144.0,analysis/frames/16052/16052_beat_0005.png
16052.mp4,6,16.884,18.651,1.767,53.0,analysis/frames/16052/16052_beat_0006.png
16052.mp4,7,18.652,19.785,1.133,34.0,analysis/frames/16052/16052_beat_0007.png
16052.mp4,8,19.786,22.788,3.002,90.0,analysis/frames/16052/16052_beat_0008.png
16052.mp4,9,22.789,27.126,4.337,130.0,analysis/frames/16052/16052_beat_0009.png
16052.mp4,10,27.127,29.495,2.368,71.0,analysis/frames/16052/16052_beat_0010.png
16052.mp4,11,29.496,32.565,3.069,92.0,analysis/frames/16052/16052_beat_0011.png
16052.mp4,12,32.566,34.3,1.734,52.0,analysis/frames/16052/16052_beat_0012.png
16052.mp4,13,34.301,36.836,2.535,76.0,analysis/frames/16052/16052_beat_0013.png
16052.mp4,14,36.837,38.671,1.834,55.0,analysis/frames/16052/16052_beat_0014.png
16052.mp4,15,38.672,40.106,1.434,43.0,analysis/frames/16052/16052_beat_0015.png
16052.mp4,16,40.107,46.412,6.305,189.0,analysis/frames/16052/16052_beat_0016.png
16052.mp4,17,46.413,49.081,2.668,80.0,analysis/frames/16052/16052_beat_0017.png
16052.mp4,18,49.082,53.586,4.504,135.0,analysis/frames/16052/16052_beat_0018.png
16052.mp4,19,53.587,55.288,1.701,51.0,analysis/frames/16052/16052_beat_0019.png
16052.mp4,20,55.289,59.292,4.003,120.0,analysis/frames/16052/16052_beat_0020.png
16052.mp4,21,59.293,62.828,3.536,106.0,analysis/frames/16052/16052_beat_0021.png
16052.mp4,22,62.829,69.001,6.172,185.0,analysis/frames/16052/16052_beat_0022.png
16052.mp4,23,69.002,71.17,2.168,65.0,analysis/frames/16052/16052_beat_0023.png
16052.mp4,24,71.171,76.175,5.004,150.0,analysis/frames/16052/16052_beat_0024.png
16052.mp4,25,76.176,76.876,0.7,21.0,analysis/frames/16052/16052_beat_0025.png
16052.mp4,26,76.877,78.544,1.667,50.0,analysis/frames/16052/16052_beat_0026.png
16052.mp4,27,78.545,83.416,4.871,146.0,analysis/frames/16052/16052_beat_0027.png
16052.mp4,28,83.417,88.02,4.604,138.0,analysis/frames/16052/16052_beat_0028.png
16052.mp4,29,88.021,92.558,4.537,136.0,analysis/frames/16052/16052_beat_0029.png
16052.mp4,30,92.559,93.726,1.167,35.0,analysis/frames/16052/16052_beat_0030.png
16052.mp4,31,93.727,98.197,4.47,134.0,analysis/frames/16052/16052_beat_0031.png
16052.mp4,32,98.198,101.3,3.102,93.0,analysis/frames/16052/16052_beat_0032.png
16052.mp4,33,101.301,103.135,1.834,55.0,analysis/frames/16052/16052_beat_0033.png
16052.mp4,34,103.136,106.138,3.002,90.0,analysis/frames/16052/16052_beat_0034.png
16052.mp4,35,106.139,109.909,3.769,113.0,analysis/frames/16052/16052_beat_0035.png
16052.mp4,36,109.91,113.479,3.569,107.0,analysis/frames/16052/16052_beat_0036.png
16052.mp4,37,113.48,117.316,3.836,115.0,analysis/frames/16052/16052_beat_0037.png
16052.mp4,38,117.317,122.388,5.071,152.0,analysis/frames/16052/16052_beat_0038.png
16052.mp4,39,122.389,125.024,2.635,79.0,analysis/frames/16052/16052_beat_0039.png
16052.mp4,40,125.025,127.226,2.201,66.0,analysis/frames/16052/16052_beat_0040.png
16052.mp4,41,127.227,128.861,1.634,49.0,analysis/frames/16052/16052_beat_0041.png
16052.mp4,42,128.862,129.595,0.733,22.0,analysis/frames/16052/16052_beat_0042.png
16052.mp4,43,129.596,130.429,0.833,25.0,analysis/frames/16052/16052_beat_0043.png
16052.mp4,44,130.43,131.097,0.666,20.0,analysis/frames/16052/16052_beat_0044.png
16052.mp4,45,131.098,134.9,3.803,114.0,analysis/frames/16052/16052_beat_0045.png
16052.mp4,46,134.901,136.035,1.133,34.0,analysis/frames/16052/16052_beat_0046.png
16052.mp4,47,136.036,136.736,0.7,21.0,analysis/frames/16052/16052_beat_0047.png
16052.mp4,48,136.737,137.903,1.167,35.0,analysis/frames/16052/16052_beat_0048.png
16052.mp4,49,137.904,141.34,3.436,103.0,analysis/frames/16052/16052_beat_0049.png
16052.mp4,50,141.341,148.681,7.34,220.0,analysis/frames/16052/16052_beat_0050.png
16052.mp4,51,148.682,152.818,4.136,124.0,analysis/frames/16052/16052_beat_0051.png
16052.mp4,52,152.819,156.489,3.669,110.0,analysis/frames/16052/16052_beat_0052.png
16052.mp4,53,156.49,160.593,4.103,123.0,analysis/frames/16052/16052_beat_0053.png
16052.mp4,54,160.594,163.496,2.902,87.0,analysis/frames/16052/16052_beat_0054.png
16052.mp4,55,163.497,165.965,2.468,74.0,analysis/frames/16052/16052_beat_0055.png
16052.mp4,56,165.966,169.735,3.769,113.0,analysis/frames/16052/16052_beat_0056.png
16052.mp4,57,169.736,171.971,2.235,67.0,analysis/frames/16052/16052_beat_0057.png
16052.mp4,58,171.972,174.573,2.602,78.0,analysis/frames/16052/16052_beat_0058.png
16052.mp4,59,174.574,178.01,3.436,103.0,analysis/frames/16052/16052_beat_0059.png
16052.mp4,60,178.011,181.647,3.636,109.0,analysis/frames/16052/16052_beat_0060.png
16052.mp4,61,181.648,185.885,4.237,127.0,analysis/frames/16052/16052_beat_0061.png
16052.mp4,62,185.886,188.154,2.268,68.0,analysis/frames/16052/16052_beat_0062.png
16052.mp4,63,188.155,190.523,2.368,71.0,analysis/frames/16052/16052_beat_0063.png
16052.mp4,64,190.524,196.595,6.072,182.0,analysis/frames/16052/16052_beat_0064.png
16052.mp4,65,196.596,197.93,1.334,40.0,analysis/frames/16052/16052_beat_0065.png
16052.mp4,66,197.931,199.999,2.068,62.0,analysis/frames/16052/16052_beat_0066.png
16052.mp4,67,200.0,204.637,4.637,139.0,analysis/frames/16052/16052_beat_0067.png
16052.mp4,68,204.638,205.404,0.766,23.0,analysis/frames/16052/16052_beat_0068.png
16052.mp4,69,205.405,207.473,2.068,62.0,analysis/frames/16052/16052_beat_0069.png
16052.mp4,70,207.474,212.478,5.004,150.0,analysis/frames/16052/16052_beat_0070.png
16052.mp4,71,212.479,215.781,3.302,99.0,analysis/frames/16052/16052_beat_0071.png
16052.mp4,72,215.782,220.953,5.171,155.0,analysis/frames/16052/16052_beat_0072.png
16052.mp4,73,220.954,223.456,2.501,75.0,analysis/frames/16052/16052_beat_0073.png
16052.mp4,74,223.457,226.559,3.102,93.0,analysis/frames/16052/16052_beat_0074.png
16052.mp4,75,226.56,227.593,1.033,31.0,analysis/frames/16052/16052_beat_0075.png
16052.mp4,76,227.594,228.661,1.067,32.0,analysis/frames/16052/16052_beat_0076.png
16052.mp4,77,228.662,231.23,2.568,77.0,analysis/frames/16052/16052_beat_0077.png
16052.mp4,78,231.231,233.399,2.168,65.0,analysis/frames/16052/16052_beat_0078.png
16052.mp4,79,233.4,239.872,6.472,194.0,analysis/frames/16052/16052_beat_0079.png
16052.mp4,80,239.873,245.945,6.072,182.0,analysis/frames/16052/16052_beat_0080.png
16052.mp4,81,245.946,249.048,3.102,93.0,analysis/frames/16052/16052_beat_0081.png
16052.mp4,82,249.049,254.253,5.204,156.0,analysis/frames/16052/16052_beat_0082.png
16052.mp4,83,254.254,260.459,6.205,186.0,analysis/frames/16052/16052_beat_0083.png
16052.mp4,84,260.46,263.095,2.635,79.0,analysis/frames/16052/16052_beat_0084.png
16052.mp4,85,263.096,265.064,1.968,59.0,analysis/frames/16052/16052_beat_0085.png
16052.mp4,86,265.065,265.898,0.833,25.0,analysis/frames/16052/16052_beat_0086.png
16052.mp4,87,265.899,267.5,1.601,48.0,analysis/frames/16052/16052_beat_0087.png
16052.mp4,88,267.501,270.469,2.969,89.0,analysis/frames/16052/16052_beat_0088.png
16052.mp4,89,270.47,272.738,2.268,68.0,analysis/frames/16052/16052_beat_0089.png
16052.mp4,90,272.739,278.511,5.771,173.0,analysis/frames/16052/16052_beat_0090.png
16052.mp4,91,278.512,281.347,2.835,85.0,analysis/frames/16052/16052_beat_0091.png
16052.mp4,92,281.348,283.916,2.568,77.0,analysis/frames/16052/16052_beat_0092.png
16052.mp4,93,283.917,286.285,2.368,71.0,analysis/frames/16052/16052_beat_0093.png
16052.mp4,94,286.286,289.488,3.202,96.0,analysis/frames/16052/16052_beat_0094.png
16052.mp4,95,289.489,295.795,6.305,189.0,analysis/frames/16052/16052_beat_0095.png
16052.mp4,96,295.796,297.797,2.001,60.0,analysis/frames/16052/16052_beat_0096.png
16052.mp4,97,297.798,300.432,2.635,79.0,analysis/frames/16052/16052_beat_0097.png
16052.mp4,98,300.433,301.5,1.067,32.0,analysis/frames/16052/16052_beat_0098.png
16052.mp4,99,301.501,303.502,2.001,60.0,analysis/frames/16052/16052_beat_0099.png
16052.mp4,100,303.503,306.639,3.135,94.0,analysis/frames/16052/16052_beat_0100.png
16052.mp4,101,306.64,310.442,3.803,114.0,analysis/frames/16052/16052_beat_0101.png
16052.mp4,102,310.443,314.146,3.703,111.0,analysis/frames/16052/16052_beat_0102.png
16052.mp4,103,314.147,315.948,1.801,54.0,analysis/frames/16052/16052_beat_0103.png
16052.mp4,104,315.949,319.351,3.402,102.0,analysis/frames/16052/16052_beat_0104.png
16052.mp4,105,319.352,322.121,2.768,83.0,analysis/frames/16052/16052_beat_0105.png
16052.mp4,106,322.122,323.722,1.601,48.0,analysis/frames/16052/16052_beat_0106.png
16052.mp4,107,323.723,327.827,4.103,123.0,analysis/frames/16052/16052_beat_0107.png
16052.mp4,108,327.827,329.395,1.567,47.0,analysis/frames/16052/16052_beat_0108.png
16052.mp4,109,329.396,332.498,3.102,93.0,analysis/frames/16052/16052_beat_0109.png
16052.mp4,110,332.499,333.365,0.867,26.0,analysis/frames/16052/16052_beat_0110.png
16052.mp4,111,333.366,335.634,2.268,68.0,analysis/frames/16052/16052_beat_0111.png
16052.mp4,112,335.635,342.041,6.405,192.0,analysis/frames/16052/16052_beat_0112.png
16052.mp4,113,342.042,344.61,2.568,77.0,analysis/frames/16052/16052_beat_0113.png
16052.mp4,114,344.611,348.047,3.436,103.0,analysis/frames/16052/16052_beat_0114.png
16052.mp4,115,348.048,349.715,1.667,50.0,analysis/frames/16052/16052_beat_0115.png
16052.mp4,116,349.716,354.52,4.804,144.0,analysis/frames/16052/16052_beat_0116.png
16052.mp4,117,354.521,356.889,2.368,71.0,analysis/frames/16052/16052_beat_0117.png
16052.mp4,118,356.89,361.26,4.37,131.0,analysis/frames/16052/16052_beat_0118.png
16052.mp4,119,361.261,365.297,4.036,121.0,analysis/frames/16052/16052_beat_0119.png
16052.mp4,120,365.298,367.366,2.068,62.0,analysis/frames/16052/16052_beat_0120.png
16052.mp4,121,367.367,369.835,2.468,74.0,analysis/frames/16052/16052_beat_0121.png
16052.mp4,122,369.836,374.607,4.77,143.0,analysis/frames/16052/16052_beat_0122.png
16052.mp4,123,374.608,375.975,1.367,41.0,analysis/frames/16052/16052_beat_0123.png
16052.mp4,124,375.976,381.914,5.938,178.0,analysis/frames/16052/16052_beat_0124.png
16052.mp4,125,381.915,384.917,3.002,90.0,analysis/frames/16052/16052_beat_0125.png
16052.mp4,126,384.918,388.387,3.469,104.0,analysis/frames/16052/16052_beat_0126.png
16052.mp4,127,388.388,392.691,4.303,129.0,analysis/frames/16052/16052_beat_0127.png
16052.mp4,128,392.692,394.26,1.567,47.0,analysis/frames/16052/16052_beat_0128.png
16052.mp4,129,394.261,399.064,4.804,144.0,analysis/frames/16052/16052_beat_0129.png
16052.mp4,130,399.065,399.865,0.8,24.0,analysis/frames/16052/16052_beat_0130.png
16052.mp4,131,399.866,401.4,1.534,46.0,analysis/frames/16052/16052_beat_0131.png
16052.mp4,132,401.401,404.503,3.102,93.0,analysis/frames/16052/16052_beat_0132.png
16052.mp4,133,404.504,405.671,1.167,35.0,analysis/frames/16052/16052_beat_0133.png
16052.mp4,134,405.672,406.939,1.267,38.0,analysis/frames/16052/16052_beat_0134.png
16052.mp4,135,406.94,408.207,1.267,38.0,analysis/frames/16052/16052_beat_0135.png
16052.mp4,136,408.208,409.375,1.167,35.0,analysis/frames/16052/16052_beat_0136.png
16052.mp4,137,409.376,410.542,1.167,35.0,analysis/frames/16052/16052_beat_0137.png
16052.mp4,138,410.543,411.176,0.633,19.0,analysis/frames/16052/16052_beat_0138.png
16052.mp4,139,411.177,414.647,3.469,104.0,analysis/frames/16052/16052_beat_0139.png
16052.mp4,140,414.648,417.216,2.568,77.0,analysis/frames/16052/16052_beat_0140.png
16052.mp4,141,417.217,419.184,1.968,59.0,analysis/frames/16052/16052_beat_0141.png
16052.mp4,142,419.185,422.054,2.869,86.0,analysis/frames/16052/16052_beat_0142.png
16052.mp4,143,422.055,424.59,2.535,76.0,analysis/frames/16052/16052_beat_0143.png
16052.mp4,144,424.591,431.163,6.572,197.0,analysis/frames/16052/16052_beat_0144.png
16052.mp4,145,431.164,434.533,3.369,101.0,analysis/frames/16052/16052_beat_0145.png
16052.mp4,146,434.534,435.601,1.067,32.0,analysis/frames/16052/16052_beat_0146.png
16052.mp4,147,435.602,438.003,2.401,72.0,analysis/frames/16052/16052_beat_0147.png
16052.mp4,148,438.004,440.172,2.168,65.0,analysis/frames/16052/16052_beat_0148.png
16052.mp4,149,440.173,441.273,1.1,33.0,analysis/frames/16052/16052_beat_0149.png
16052.mp4,150,441.274,442.775,1.501,45.0,analysis/frames/16052/16052_beat_0150.png
16052.mp4,151,442.776,445.044,2.268,68.0,analysis/frames/16052/16052_beat_0151.png
16052.mp4,152,445.045,446.612,1.567,47.0,analysis/frames/16052/16052_beat_0152.png
16052.mp4,153,446.613,447.913,1.3,39.0,analysis/frames/16052/16052_beat_0153.png
16052.mp4,154,447.914,449.114,1.2,36.0,analysis/frames/16052/16052_beat_0154.png
16052.mp4,155,449.115,453.953,4.837,145.0,analysis/frames/16052/16052_beat_0155.png
16052.mp4,156,453.954,456.622,2.668,80.0,analysis/frames/16052/16052_beat_0156.png
16052.mp4,157,456.623,457.923,1.3,39.0,analysis/frames/16052/16052_beat_0157.png
16052.mp4,158,457.924,460.96,3.035,91.0,analysis/frames/16052/16052_beat_0158.png
16052.mp4,159,460.961,461.727,0.766,23.0,analysis/frames/16052/16052_beat_0159.png
16052.mp4,160,461.728,462.661,0.933,28.0,analysis/frames/16052/16052_beat_0160.png
16052.mp4,161,462.662,466.098,3.436,103.0,analysis/frames/16052/16052_beat_0161.png
16052.mp4,162,466.099,468.2,2.101,63.0,analysis/frames/16052/16052_beat_0162.png
16052.mp4,163,468.201,472.538,4.337,130.0,analysis/frames/16052/16052_beat_0163.png
16052.mp4,164,472.539,474.606,2.068,62.0,analysis/frames/16052/16052_beat_0164.png
16052.mp4,165,474.607,477.843,3.236,97.0,analysis/frames/16052/16052_beat_0165.png
16052.mp4,166,477.844,480.212,2.368,71.0,analysis/frames/16052/16052_beat_0166.png
16052.mp4,167,480.213,481.146,0.933,28.0,analysis/frames/16052/16052_beat_0167.png
16052.mp4,168,481.147,482.014,0.867,26.0,analysis/frames/16052/16052_beat_0168.png
16052.mp4,169,482.015,482.948,0.933,28.0,analysis/frames/16052/16052_beat_0169.png
16052.mp4,170,482.949,484.616,1.667,50.0,analysis/frames/16052/16052_beat_0170.png
16052.mp4,171,484.617,488.153,3.536,106.0,analysis/frames/16052/16052_beat_0171.png
16052.mp4,172,488.154,491.023,2.869,86.0,analysis/frames/16052/16052_beat_0172.png
16052.mp4,173,491.024,494.626,3.603,108.0,analysis/frames/16052/16052_beat_0173.png
16052.mp4,174,494.627,498.53,3.903,117.0,analysis/frames/16052/16052_beat_0174.png
16052.mp4,175,498.531,503.736,5.204,156.0,analysis/frames/16052/16052_beat_0175.png
16052.mp4,176,503.737,505.571,1.834,55.0,analysis/frames/16052/16052_beat_0176.png
16052.mp4,177,505.572,507.94,2.368,71.0,analysis/frames/16052/16052_beat_0177.png
16052.mp4,178,507.941,513.245,5.304,159.0,analysis/frames/16052/16052_beat_0178.png
16052.mp4,179,513.246,518.751,5.505,165.0,analysis/frames/16052/16052_beat_0179.png
16052.mp4,180,518.752,520.285,1.534,46.0,analysis/frames/16052/16052_beat_0180.png
16052.mp4,181,520.286,521.086,0.8,24.0,analysis/frames/16052/16052_beat_0181.png
16052.mp4,182,521.087,522.121,1.033,31.0,analysis/frames/16052/16052_beat_0182.png
16052.mp4,183,522.122,528.927,6.806,204.0,analysis/frames/16052/16052_beat_0183.png
16052.mp4,184,528.928,530.963,2.034,61.0,analysis/frames/16052/16052_beat_0184.png
16052.mp4,185,530.964,536.034,5.071,152.0,analysis/frames/16052/16052_beat_0185.png
16052.mp4,186,536.035,540.773,4.737,142.0,analysis/frames/16052/16052_beat_0186.png
16052.mp4,187,540.774,543.642,2.869,86.0,analysis/frames/16052/16052_beat_0187.png
16052.mp4,188,543.643,545.844,2.201,66.0,analysis/frames/16052/16052_beat_0188.png
16052.mp4,189,545.845,553.018,7.173,215.0,analysis/frames/16052/16052_beat_0189.png
16052.mp4,190,553.019,558.123,5.104,153.0,analysis/frames/16052/16052_beat_0190.png
16052.mp4,191,558.124,559.958,1.834,55.0,analysis/frames/16052/16052_beat_0191.png
16052.mp4,192,559.959,565.998,6.038,181.0,analysis/frames/16052/16052_beat_0192.png
16052.mp4,193,565.999,569.134,3.135,94.0,analysis/frames/16052/16052_beat_0193.png
16052.mp4,194,569.135,573.505,4.37,131.0,analysis/frames/16052/16052_beat_0194.png
16052.mp4,195,573.506,575.174,1.667,50.0,analysis/frames/16052/16052_beat_0195.png
16052.mp4,196,575.175,580.612,5.438,163.0,analysis/frames/16052/16052_beat_0196.png
16052.mp4,197,580.613,583.348,2.735,82.0,analysis/frames/16052/16052_beat_0197.png
16052.mp4,198,583.349,586.685,3.336,100.0,analysis/frames/16052/16052_beat_0198.png
16052.mp4,199,586.686,587.352,0.666,20.0,analysis/frames/16052/16052_beat_0199.png
16052.mp4,200,587.353,588.587,1.234,37.0,analysis/frames/16052/16052_beat_0200.png
16052.mp4,201,588.588,593.258,4.67,140.0,analysis/frames/16052/16052_beat_0201.png
16052.mp4,202,593.259,594.326,1.067,32.0,analysis/frames/16052/16052_beat_0202.png
16052.mp4,203,594.327,595.694,1.367,41.0,analysis/frames/16052/16052_beat_0203.png
16052.mp4,204,595.695,598.297,2.602,78.0,analysis/frames/16052/16052_beat_0204.png
16052.mp4,205,598.298,601.8,3.503,105.0,analysis/frames/16052/16052_beat_0205.png
16052.mp4,206,601.801,604.77,2.969,89.0,analysis/frames/16052/16052_beat_0206.png
16052.mp4,207,604.771,607.84,3.069,92.0,analysis/frames/16052/16052_beat_0207.png
16052.mp4,208,607.841,610.509,2.668,80.0,analysis/frames/16052/16052_beat_0208.png
16052.mp4,209,610.51,613.278,2.768,83.0,analysis/frames/16052/16052_beat_0209.png
16052.mp4,210,613.279,614.713,1.434,43.0,analysis/frames/16052/16052_beat_0210.png
16052.mp4,211,614.714,622.888,8.174,245.0,analysis/frames/16052/16052_beat_0211.png
16052.mp4,212,622.889,626.391,3.503,105.0,analysis/frames/16052/16052_beat_0212.png
16052.mp4,213,626.392,629.428,3.035,91.0,analysis/frames/16052/16052_beat_0213.png
16052.mp4,214,629.429,633.832,4.403,132.0,analysis/frames/16052/16052_beat_0214.png
16052.mp4,215,633.833,637.135,3.302,99.0,analysis/frames/16052/16052_beat_0215.png
16052.mp4,216,637.136,640.906,3.769,113.0,analysis/frames/16052/16052_beat_0216.png
16052.mp4,217,640.907,643.842,2.935,88.0,analysis/frames/16052/16052_beat_0217.png
16052.mp4,218,643.843,648.78,4.937,148.0,analysis/frames/16052/16052_beat_0218.png
16052.mp4,219,648.781,651.95,3.169,95.0,analysis/frames/16052/16052_beat_0219.png
16052.mp4,220,651.951,655.621,3.669,110.0,analysis/frames/16052/16052_beat_0220.png
16052.mp4,221,655.622,656.755,1.133,34.0,analysis/frames/16052/16052_beat_0221.png
16052.mp4,222,656.756,662.895,6.138,184.0,analysis/frames/16052/16052_beat_0222.png
16052.mp4,223,662.896,672.96,10.064,301.6,analysis/frames/16052/16052_beat_0223.png
16055.mp4,0,0.0,1.834,1.834,55.0,analysis/frames/16055/16055_beat_0000.png
16055.mp4,1,1.835,3.035,1.2,36.0,analysis/frames/16055/16055_beat_0001.png
16055.mp4,2,3.036,4.837,1.801,54.0,analysis/frames/16055/16055_beat_0002.png
16055.mp4,3,4.838,6.973,2.134,64.0,analysis/frames/16055/16055_beat_0003.png
16055.mp4,4,6.974,10.376,3.402,102.0,analysis/frames/16055/16055_beat_0004.png
16055.mp4,5,10.377,13.079,2.702,81.0,analysis/frames/16055/16055_beat_0005.png
16055.mp4,6,13.08,14.614,1.534,46.0,analysis/frames/16055/16055_beat_0006.png
16055.mp4,7,14.615,16.048,1.434,43.0,analysis/frames/16055/16055_beat_0007.png
16055.mp4,8,16.049,21.387,5.338,160.0,analysis/frames/16055/16055_beat_0008.png
16055.mp4,9,21.388,24.223,2.835,85.0,analysis/frames/16055/16055_beat_0009.png
16055.mp4,10,24.224,24.991,0.766,23.0,analysis/frames/16055/16055_beat_0010.png
16055.mp4,11,24.992,27.927,2.935,88.0,analysis/frames/16055/16055_beat_0011.png
16055.mp4,12,27.928,30.496,2.568,77.0,analysis/frames/16055/16055_beat_0012.png
16055.mp4,13,30.497,33.299,2.802,84.0,analysis/frames/16055/16055_beat_0013.png
16055.mp4,14,33.3,34.534,1.234,37.0,analysis/frames/16055/16055_beat_0014.png
16055.mp4,15,34.535,36.869,2.335,70.0,analysis/frames/16055/16055_beat_0015.png
16055.mp4,16,36.87,42.208,5.338,160.0,analysis/frames/16055/16055_beat_0016.png
16055.mp4,17,42.209,45.011,2.802,84.0,analysis/frames/16055/16055_beat_0017.png
16055.mp4,18,45.012,47.513,2.502,75.0,analysis/frames/16055/16055_beat_0018.png
16055.mp4,19,47.514,48.581,1.067,32.0,analysis/frames/16055/16055_beat_0019.png
16055.mp4,20,48.582,50.416,1.834,55.0,analysis/frames/16055/16055_beat_0020.png
16055.mp4,21,50.417,51.083,0.666,20.0,analysis/frames/16055/16055_beat_0021.png
16055.mp4,22,51.084,52.618,1.534,46.0,analysis/frames/16055/16055_beat_0022.png
16055.mp4,23,52.619,54.52,1.901,57.0,analysis/frames/16055/16055_beat_0023.png
16055.mp4,24,54.521,59.292,4.77,143.0,analysis/frames/16055/16055_beat_0024.png
16055.mp4,25,59.293,61.694,2.401,72.0,analysis/frames/16055/16055_beat_0025.png
16055.mp4,26,61.695,69.101,7.406,222.0,analysis/frames/16055/16055_beat_0026.png
16055.mp4,27,69.102,70.469,1.367,41.0,analysis/frames/16055/16055_beat_0027.png
16055.mp4,28,70.47,72.338,1.868,56.0,analysis/frames/16055/16055_beat_0028.png
16055.mp4,29,72.339,76.375,4.036,121.0,analysis/frames/16055/16055_beat_0029.png
16055.mp4,30,76.376,79.278,2.902,87.0,analysis/frames/16055/16055_beat_0030.png
16055.mp4,31,79.279,81.647,2.368,71.0,analysis/frames/16055/16055_beat_0031.png
16055.mp4,32,81.648,84.817,3.169,95.0,analysis/frames/16055/16055_beat_0032.png
16055.mp4,33,84.818,88.12,3.302,99.0,analysis/frames/16055/16055_beat_0033.png
16055.mp4,34,88.121,89.889,1.767,53.0,analysis/frames/16055/16055_beat_0034.png
16055.mp4,35,89.89,92.825,2.935,88.0,analysis/frames/16055/16055_beat_0035.png
16055.mp4,36,92.826,94.994,2.168,65.0,analysis/frames/16055/16055_beat_0036.png
16055.mp4,37,94.995,96.662,1.667,50.0,analysis/frames/16055/16055_beat_0037.png
16055.mp4,38,96.663,99.832,3.169,95.0,analysis/frames/16055/16055_beat_0038.png
16055.mp4,39,99.833,104.737,4.904,147.0,analysis/frames/16055/16055_beat_0039.png
16055.mp4,40,104.738,107.473,2.735,82.0,analysis/frames/16055/16055_beat_0040.png
16055.mp4,41,107.474,110.309,2.835,85.0,analysis/frames/16055/16055_beat_0041.png
16055.mp4,42,110.31,112.345,2.034,61.0,analysis/frames/16055/16055_beat_0042.png
16055.mp4,43,112.346,115.715,3.369,101.0,analysis/frames/16055/16055_beat_0043.png
16055.mp4,44,115.716,116.349,0.633,19.0,analysis/frames/16055/16055_beat_0044.png
16055.mp4,45,116.35,117.516,1.167,35.0,analysis/frames/16055/16055_beat_0045.png
16055.mp4,46,117.517,119.352,1.834,55.0,analysis/frames/16055/16055_beat_0046.png
16055.mp4,47,119.353,120.486,1.133,34.0,analysis/frames/16055/16055_beat_0047.png
16055.mp4,48,120.487,122.555,2.068,62.0,analysis/frames/16055/16055_beat_0048.png
16055.mp4,49,122.556,126.859,4.303,129.0,analysis/frames/16055/16055_beat_0049.png
16055.mp4,50,126.86,129.395,2.535,76.0,analysis/frames/16055/16055_beat_0050.png
16055.mp4,51,129.396,130.663,1.267,38.0,analysis/frames/16055/16055_beat_0051.png
16055.mp4,52,130.664,131.464,0.8,24.0,analysis/frames/16055/16055_beat_0052.png
16055.mp4,53,131.465,133.199,1.734,52.0,analysis/frames/16055/16055_beat_0053.png
16055.mp4,54,133.2,135.568,2.368,71.0,analysis/frames/16055/16055_beat_0054.png
16055.mp4,55,135.569,137.77,2.201,66.0,analysis/frames/16055/16055_beat_0055.png
16055.mp4,56,137.771,139.538,1.767,53.0,analysis/frames/16055/16055_beat_0056.png
16055.mp4,57,139.539,141.607,2.068,62.0,analysis/frames/16055/16055_beat_0057.png
16055.mp4,58,141.608,146.846,5.238,157.0,analysis/frames/16055/16055_beat_0058.png
16055.mp4,59,146.847,148.18,1.334,40.0,analysis/frames/16055/16055_beat_0059.png
16055.mp4,60,148.181,150.516,2.335,70.0,analysis/frames/16055/16055_beat_0060.png
16055.mp4,61,150.517,153.252,2.735,82.0,analysis/frames/16055/16055_beat_0061.png
16055.mp4,62,153.253,155.187,1.934,58.0,analysis/frames/16055/16055_beat_0062.png
16055.mp4,63,155.188,157.757,2.568,77.0,analysis/frames/16055/16055_beat_0063.png
16055.mp4,64,157.758,159.959,2.201,66.0,analysis/frames/16055/16055_beat_0064.png
16055.mp4,65,159.96,161.06,1.1,33.0,analysis/frames/16055/16055_beat_0065.png
16055.mp4,66,161.061,163.295,2.235,67.0,analysis/frames/16055/16055_beat_0066.png
16055.mp4,67,163.296,163.963,0.666,20.0,analysis/frames/16055/16055_beat_0067.png
16055.mp4,68,163.964,164.897,0.933,28.0,analysis/frames/16055/16055_beat_0068.png
16055.mp4,69,164.898,165.631,0.733,22.0,analysis/frames/16055/16055_beat_0069.png
16055.mp4,70,165.632,168.701,3.069,92.0,analysis/frames/16055/16055_beat_0070.png
16055.mp4,71,168.702,169.468,0.766,23.0,analysis/frames/16055/16055_beat_0071.png
16055.mp4,72,169.469,170.503,1.033,31.0,analysis/frames/16055/16055_beat_0072.png
16055.mp4,73,170.504,171.404,0.9,27.0,analysis/frames/16055/16055_beat_0073.png
16055.mp4,74,171.405,173.172,1.767,53.0,analysis/frames/16055/16055_beat_0074.png
16055.mp4,75,173.173,174.54,1.367,41.0,analysis/frames/16055/16055_beat_0075.png
16055.mp4,76,174.541,177.443,2.902,87.0,analysis/frames/16055/16055_beat_0076.png
16055.mp4,77,177.444,178.377,0.933,28.0,analysis/frames/16055/16055_beat_0077.png
16055.mp4,78,178.378,182.181,3.803,114.0,analysis/frames/16055/16055_beat_0078.png
16055.mp4,79,182.182,183.449,1.267,38.0,analysis/frames/16055/16055_beat_0079.png
16055.mp4,80,183.45,189.255,5.805,174.0,analysis/frames/16055/16055_beat_0080.png
16055.mp4,81,189.256,191.39,2.134,64.0,analysis/frames/16055/16055_beat_0081.png
16055.mp4,82,191.391,193.225,1.834,55.0,analysis/frames/16055/16055_beat_0082.png
16055.mp4,83,193.226,196.095,2.869,86.0,analysis/frames/16055/16055_beat_0083.png
16055.mp4,84,196.096,197.997,1.901,57.0,analysis/frames/16055/16055_beat_0084.png
16055.mp4,85,197.998,200.566,2.568,77.0,analysis/frames/16055/16055_beat_0085.png
16055.mp4,86,200.567,204.737,4.17,125.0,analysis/frames/16055/16055_beat_0086.png
16055.mp4,87,204.738,212.244,7.506,225.0,analysis/frames/16055/16055_beat_0087.png
16055.mp4,88,212.245,213.179,0.933,28.0,analysis/frames/16055/16055_beat_0088.png
16055.mp4,89,213.18,214.48,1.3,39.0,analysis/frames/16055/16055_beat_0089.png
16055.mp4,90,214.481,217.216,2.735,82.0,analysis/frames/16055/16055_beat_0090.png
16055.mp4,91,217.217,220.786,3.569,107.0,analysis/frames/16055/16055_beat_0091.png
16055.mp4,92,220.787,224.29,3.502,105.0,analysis/frames/16055/16055_beat_0092.png
16055.mp4,93,224.291,227.059,2.768,83.0,analysis/frames/16055/16055_beat_0093.png
16055.mp4,94,227.06,231.163,4.103,123.0,analysis/frames/16055/16055_beat_0094.png
16055.mp4,95,231.164,233.566,2.401,72.0,analysis/frames/16055/16055_beat_0095.png
16055.mp4,96,233.567,234.433,0.867,26.0,analysis/frames/16055/16055_beat_0096.png
16055.mp4,97,234.434,236.068,1.634,49.0,analysis/frames/16055/16055_beat_0097.png
16055.mp4,98,236.069,244.11,8.04,241.0,analysis/frames/16055/16055_beat_0098.png
16055.mp4,99,244.111,248.447,4.337,130.0,analysis/frames/16055/16055_beat_0099.png
16055.mp4,100,248.448,250.182,1.734,52.0,analysis/frames/16055/16055_beat_0100.png
16055.mp4,101,250.183,251.851,1.667,50.0,analysis/frames/16055/16055_beat_0101.png
16055.mp4,102,251.852,256.288,4.437,133.0,analysis/frames/16055/16055_beat_0102.png
16055.mp4,103,256.289,261.026,4.737,142.0,analysis/frames/16055/16055_beat_0103.png
16055.mp4,104,261.027,262.294,1.267,38.0,analysis/frames/16055/16055_beat_0104.png
16055.mp4,105,262.295,263.662,1.367,41.0,analysis/frames/16055/16055_beat_0105.png
16055.mp4,106,263.663,266.899,3.236,97.0,analysis/frames/16055/16055_beat_0106.png
16055.mp4,107,266.9,268.768,1.868,56.0,analysis/frames/16055/16055_beat_0107.png
16055.mp4,108,268.769,270.97,2.201,66.0,analysis/frames/16055/16055_beat_0108.png
16055.mp4,109,270.971,273.672,2.702,81.0,analysis/frames/16055/16055_beat_0109.png
16055.mp4,110,273.673,277.009,3.336,100.0,analysis/frames/16055/16055_beat_0110.png
16055.mp4,111,277.01,278.744,1.734,52.0,analysis/frames/16055/16055_beat_0111.png
16055.mp4,112,278.745,280.613,1.868,56.0,analysis/frames/16055/16055_beat_0112.png
16055.mp4,113,280.614,282.848,2.235,67.0,analysis/frames/16055/16055_beat_0113.png
16055.mp4,114,282.849,290.156,7.306,219.0,analysis/frames/16055/16055_beat_0114.png
16055.mp4,115,290.157,293.292,3.135,94.0,analysis/frames/16055/16055_beat_0115.png
16055.mp4,116,293.293,294.66,1.367,41.0,analysis/frames/16055/16055_beat_0116.png
16055.mp4,117,294.661,297.63,2.969,89.0,analysis/frames/16055/16055_beat_0117.png
16055.mp4,118,297.631,300.232,2.602,78.0,analysis/frames/16055/16055_beat_0118.png
16055.mp4,119,300.233,302.568,2.335,70.0,analysis/frames/16055/16055_beat_0119.png
16055.mp4,120,302.569,303.402,0.833,25.0,analysis/frames/16055/16055_beat_0120.png
16055.mp4,121,303.403,304.937,1.534,46.0,analysis/frames/16055/16055_beat_0121.png
16055.mp4,122,304.938,308.874,3.936,118.0,analysis/frames/16055/16055_beat_0122.png
16055.mp4,123,308.875,312.711,3.836,115.0,analysis/frames/16055/16055_beat_0123.png
16055.mp4,124,312.712,317.55,4.837,145.0,analysis/frames/16055/16055_beat_0124.png
16055.mp4,125,317.551,319.585,2.034,61.0,analysis/frames/16055/16055_beat_0125.png
16055.mp4,126,319.586,320.886,1.3,39.0,analysis/frames/16055/16055_beat_0126.png
16055.mp4,127,320.887,322.321,1.434,43.0,analysis/frames/16055/16055_beat_0127.png
16055.mp4,128,322.322,328.027,5.705,171.0,analysis/frames/16055/16055_beat_0128.png
16055.mp4,129,328.028,332.998,4.971,149.0,analysis/frames/16055/16055_beat_0129.png
16055.mp4,130,332.999,337.269,4.27,128.0,analysis/frames/16055/16055_beat_0130.png
16055.mp4,131,337.27,339.405,2.134,64.0,analysis/frames/16055/16055_beat_0131.png
16055.mp4,132,339.406,342.741,3.336,100.0,analysis/frames/16055/16055_beat_0132.png
16055.mp4,133,342.742,347.913,5.171,155.0,analysis/frames/16055/16055_beat_0133.png
16055.mp4,134,347.914,349.849,1.934,58.0,analysis/frames/16055/16055_beat_0134.png
16055.mp4,135,349.849,355.387,5.538,166.0,analysis/frames/16055/16055_beat_0135.png
16055.mp4,136,355.388,359.391,4.003,120.0,analysis/frames/16055/16055_beat_0136.png
16055.mp4,137,359.392,360.059,0.666,20.0,analysis/frames/16055/16055_beat_0137.png
16055.mp4,138,360.06,362.061,2.001,60.0,analysis/frames/16055/16055_beat_0138.png
16055.mp4,139,362.062,365.297,3.236,97.0,analysis/frames/16055/16055_beat_0139.png
16055.mp4,140,365.298,369.902,4.604,138.0,analysis/frames/16055/16055_beat_0140.png
16055.mp4,141,369.903,371.937,2.034,61.0,analysis/frames/16055/16055_beat_0141.png
16055.mp4,142,371.938,375.841,3.903,117.0,analysis/frames/16055/16055_beat_0142.png
16055.mp4,143,375.842,380.779,4.937,148.0,analysis/frames/16055/16055_beat_0143.png
16055.mp4,144,380.78,385.284,4.504,135.0,analysis/frames/16055/16055_beat_0144.png
16055.mp4,145,385.285,387.152,1.868,56.0,analysis/frames/16055/16055_beat_0145.png
16055.mp4,146,387.153,389.288,2.134,64.0,analysis/frames/16055/16055_beat_0146.png
16055.mp4,147,389.289,391.457,2.168,65.0,analysis/frames/16055/16055_beat_0147.png
16055.mp4,148,391.458,394.426,2.969,89.0,analysis/frames/16055/16055_beat_0148.png
16055.mp4,149,394.427,395.694,1.267,38.0,analysis/frames/16055/16055_beat_0149.png
16055.mp4,150,395.695,401.934,6.239,187.0,analysis/frames/16055/16055_beat_0150.png
16055.mp4,151,401.935,404.97,3.035,91.0,analysis/frames/16055/16055_beat_0151.png
16055.mp4,152,404.971,411.01,6.038,181.0,analysis/frames/16055/16055_beat_0152.png
16055.mp4,153,411.011,412.511,1.5,45.0,analysis/frames/16055/16055_beat_0153.png
16055.mp4,154,412.512,414.48,1.968,59.0,analysis/frames/16055/16055_beat_0154.png
16055.mp4,155,414.481,416.015,1.534,46.0,analysis/frames/16055/16055_beat_0155.png
16055.mp4,156,416.016,417.816,1.801,54.0,analysis/frames/16055/16055_beat_0156.png
16055.mp4,157,417.817,420.219,2.401,72.0,analysis/frames/16055/16055_beat_0157.png
16055.mp4,158,420.22,423.255,3.035,91.0,analysis/frames/16055/16055_beat_0158.png
16055.mp4,159,423.256,430.562,7.306,219.0,analysis/frames/16055/16055_beat_0159.png
16055.mp4,160,430.563,431.43,0.867,26.0,analysis/frames/16055/16055_beat_0160.png
16055.mp4,161,431.431,432.164,0.733,22.0,analysis/frames/16055/16055_beat_0161.png
16055.mp4,162,432.165,433.766,1.601,48.0,analysis/frames/16055/16055_beat_0162.png
16055.mp4,163,433.767,434.533,0.766,23.0,analysis/frames/16055/16055_beat_0163.png
16055.mp4,164,434.534,436.001,1.467,44.0,analysis/frames/16055/16055_beat_0164.png
16055.mp4,165,436.002,437.603,1.601,48.0,analysis/frames/16055/16055_beat_0165.png
16055.mp4,166,437.604,440.839,3.236,97.0,analysis/frames/16055/16055_beat_0166.png
16055.mp4,167,440.84,442.441,1.601,48.0,analysis/frames/16055/16055_beat_0167.png
16055.mp4,168,442.442,444.243,1.801,54.0,analysis/frames/16055/16055_beat_0168.png
16055.mp4,169,444.244,447.78,3.536,106.0,analysis/frames/16055/16055_beat_0169.png
16055.mp4,170,447.781,449.949,2.168,65.0,analysis/frames/16055/16055_beat_0170.png
16055.mp4,171,449.95,452.251,2.301,69.0,analysis/frames/16055/16055_beat_0171.png
16055.mp4,172,452.252,458.791,6.539,196.0,analysis/frames/16055/16055_beat_0172.png
16055.mp4,173,458.792,460.993,2.201,66.0,analysis/frames/16055/16055_beat_0173.png
16055.mp4,174,460.994,463.696,2.702,81.0,analysis/frames/16055/16055_beat_0174.png
16055.mp4,175,463.697,467.132,3.436,103.0,analysis/frames/16055/16055_beat_0175.png
16055.mp4,176,467.133,470.803,3.669,110.0,analysis/frames/16055/16055_beat_0176.png
16055.mp4,177,470.804,472.237,1.434,43.0,analysis/frames/16055/16055_beat_0177.png
16055.mp4,178,472.238,474.44,2.201,66.0,analysis/frames/16055/16055_beat_0178.png
16055.mp4,179,474.441,477.109,2.668,80.0,analysis/frames/16055/16055_beat_0179.png
16055.mp4,180,477.11,480.612,3.503,105.0,analysis/frames/16055/16055_beat_0180.png
16055.mp4,181,480.613,484.116,3.502,105.0,analysis/frames/16055/16055_beat_0181.png
16055.mp4,182,484.117,485.584,1.467,44.0,analysis/frames/16055/16055_beat_0182.png
16055.mp4,183,485.585,486.318,0.733,22.0,analysis/frames/16055/16055_beat_0183.png
16055.mp4,184,486.319,487.886,1.567,47.0,analysis/frames/16055/16055_beat_0184.png
16055.mp4,185,487.887,489.355,1.467,44.0,analysis/frames/16055/16055_beat_0185.png
16055.mp4,186,489.356,490.122,0.766,23.0,analysis/frames/16055/16055_beat_0186.png
16055.mp4,187,490.123,493.058,2.935,88.0,analysis/frames/16055/16055_beat_0187.png
16055.mp4,188,493.059,496.762,3.703,111.0,analysis/frames/16055/16055_beat_0188.png
16055.mp4,189,496.763,497.329,0.566,17.0,analysis/frames/16055/16055_beat_0189.png
16055.mp4,190,497.33,500.332,3.002,90.0,analysis/frames/16055/16055_beat_0190.png
16055.mp4,191,500.333,501.8,1.467,44.0,analysis/frames/16055/16055_beat_0191.png
16055.mp4,192,501.801,505.004,3.202,96.0,analysis/frames/16055/16055_beat_0192.png
16055.mp4,193,505.005,505.804,0.8,24.0,analysis/frames/16055/16055_beat_0193.png
16055.mp4,194,505.805,507.539,1.734,52.0,analysis/frames/16055/16055_beat_0194.png
16055.mp4,195,507.54,512.177,4.637,139.0,analysis/frames/16055/16055_beat_0195.png
16055.mp4,196,512.178,513.545,1.367,41.0,analysis/frames/16055/16055_beat_0196.png
16055.mp4,197,513.546,518.217,4.67,140.0,analysis/frames/16055/16055_beat_0197.png
16055.mp4,198,518.218,521.987,3.769,113.0,analysis/frames/16055/16055_beat_0198.png
16055.mp4,199,521.988,523.355,1.367,41.0,analysis/frames/16055/16055_beat_0199.png
16055.mp4,200,523.356,524.656,1.3,39.0,analysis/frames/16055/16055_beat_0200.png
16055.mp4,201,524.657,526.558,1.901,57.0,analysis/frames/16055/16055_beat_0201.png
16055.mp4,202,526.559,528.66,2.101,63.0,analysis/frames/16055/16055_beat_0202.png
16055.mp4,203,528.661,533.632,4.971,149.0,analysis/frames/16055/16055_beat_0203.png
16055.mp4,204,533.633,536.001,2.368,71.0,analysis/frames/16055/16055_beat_0204.png
16055.mp4,205,536.002,537.169,1.167,35.0,analysis/frames/16055/16055_beat_0205.png
16055.mp4,206,537.17,537.97,0.8,24.0,analysis/frames/16055/16055_beat_0206.png
16055.mp4,207,537.971,545.644,7.673,230.0,analysis/frames/16055/16055_beat_0207.png
16055.mp4,208,545.645,550.215,4.57,137.0,analysis/frames/16055/16055_beat_0208.png
16055.mp4,209,550.216,553.485,3.269,98.0,analysis/frames/16055/16055_beat_0209.png
16055.mp4,210,553.486,554.186,0.7,21.0,analysis/frames/16055/16055_beat_0210.png
16055.mp4,211,554.187,555.854,1.667,50.0,analysis/frames/16055/16055_beat_0211.png
16055.mp4,212,555.855,559.725,3.87,116.0,analysis/frames/16055/16055_beat_0212.png
16055.mp4,213,559.726,560.726,1.0,30.0,analysis/frames/16055/16055_beat_0213.png
16055.mp4,214,560.727,561.76,1.033,31.0,analysis/frames/16055/16055_beat_0214.png
16055.mp4,215,561.761,564.63,2.869,86.0,analysis/frames/16055/16055_beat_0215.png
16055.mp4,216,564.631,569.435,4.804,144.0,analysis/frames/16055/16055_beat_0216.png
16055.mp4,217,569.436,571.203,1.767,53.0,analysis/frames/16055/16055_beat_0217.png
16055.mp4,218,571.204,579.411,8.207,246.0,analysis/frames/16055/16055_beat_0218.png
16055.mp4,219,579.412,581.68,2.268,68.0,analysis/frames/16055/16055_beat_0219.png
16055.mp4,220,581.681,586.218,4.537,136.0,analysis/frames/16055/16055_beat_0220.png
16055.mp4,221,586.219,588.62,2.401,72.0,analysis/frames/16055/16055_beat_0221.png
16055.mp4,222,588.621,589.855,1.234,37.0,analysis/frames/16055/16055_beat_0222.png
16055.mp4,223,589.856,591.39,1.534,46.0,analysis/frames/16055/16055_beat_0223.png
16055.mp4,224,591.391,594.493,3.102,93.0,analysis/frames/16055/16055_beat_0224.png
16055.mp4,225,594.494,598.63,4.136,124.0,analysis/frames/16055/16055_beat_0225.png
16055.mp4,226,598.631,603.335,4.704,141.0,analysis/frames/16055/16055_beat_0226.png
16055.mp4,227,603.336,608.373,5.037,151.0,analysis/frames/16055/16055_beat_0227.png
16055.mp4,228,608.374,609.975,1.601,48.0,analysis/frames/16055/16055_beat_0228.png
16055.mp4,229,609.976,614.279,4.303,129.0,analysis/frames/16055/16055_beat_0229.png
16055.mp4,230,614.28,624.31,10.03,300.6,analysis/frames/16055/16055_beat_0230.png
16060.mp4,0,0.0,1.801,1.801,54.0,analysis/frames/16060/16060_beat_0000.png
16060.mp4,1,1.802,4.237,2.435,73.0,analysis/frames/16060/16060_beat_0001.png
16060.mp4,2,4.238,10.71,6.472,194.0,analysis/frames/16060/16060_beat_0002.png
16060.mp4,3,10.711,13.946,3.236,97.0,analysis/frames/16060/16060_beat_0003.png
16060.mp4,4,13.947,18.651,4.704,141.0,analysis/frames/16060/16060_beat_0004.png
16060.mp4,5,18.652,21.487,2.835,85.0,analysis/frames/16060/16060_beat_0005.png
16060.mp4,6,21.488,26.259,4.77,143.0,analysis/frames/16060/16060_beat_0006.png
16060.mp4,7,26.26,28.094,1.834,55.0,analysis/frames/16060/16060_beat_0007.png
16060.mp4,8,28.095,32.565,4.47,134.0,analysis/frames/16060/16060_beat_0008.png
16060.mp4,9,32.566,35.234,2.668,80.0,analysis/frames/16060/16060_beat_0009.png
16060.mp4,10,35.235,37.336,2.101,63.0,analysis/frames/16060/16060_beat_0010.png
16060.mp4,11,37.337,40.84,3.503,105.0,analysis/frames/16060/16060_beat_0011.png
16060.mp4,12,40.841,46.946,6.105,183.0,analysis/frames/16060/16060_beat_0012.png
16060.mp4,13,46.947,48.18,1.234,37.0,analysis/frames/16060/16060_beat_0013.png
16060.mp4,14,48.181,54.086,5.905,177.0,analysis/frames/16060/16060_beat_0014.png
16060.mp4,15,54.087,58.424,4.337,130.0,analysis/frames/16060/16060_beat_0015.png
16060.mp4,16,58.425,60.826,2.401,72.0,analysis/frames/16060/16060_beat_0016.png
16060.mp4,17,60.827,65.298,4.47,134.0,analysis/frames/16060/16060_beat_0017.png
16060.mp4,18,65.299,69.702,4.403,132.0,analysis/frames/16060/16060_beat_0018.png
16060.mp4,19,69.703,75.074,5.371,161.0,analysis/frames/16060/16060_beat_0019.png
16060.mp4,20,75.075,75.841,0.766,23.0,analysis/frames/16060/16060_beat_0020.png
16060.mp4,21,75.842,77.343,1.501,45.0,analysis/frames/16060/16060_beat_0021.png
16060.mp4,22,77.344,80.947,3.603,108.0,analysis/frames/16060/16060_beat_0022.png
16060.mp4,23,80.948,86.085,5.137,154.0,analysis/frames/16060/16060_beat_0023.png
16060.mp4,24,86.086,88.754,2.668,80.0,analysis/frames/16060/16060_beat_0024.png
16060.mp4,25,88.755,91.19,2.435,73.0,analysis/frames/16060/16060_beat_0025.png
16060.mp4,26,91.191,93.326,2.134,64.0,analysis/frames/16060/16060_beat_0026.png
16060.mp4,27,93.327,96.228,2.902,87.0,analysis/frames/16060/16060_beat_0027.png
16060.mp4,28,96.229,101.0,4.77,143.0,analysis/frames/16060/16060_beat_0028.png
16060.mp4,29,101.001,103.202,2.201,66.0,analysis/frames/16060/16060_beat_0029.png
16060.mp4,30,103.203,104.337,1.133,34.0,analysis/frames/16060/16060_beat_0030.png
16060.mp4,31,104.338,107.306,2.969,89.0,analysis/frames/16060/16060_beat_0031.png
16060.mp4,32,107.307,110.843,3.536,106.0,analysis/frames/16060/16060_beat_0032.png
16060.mp4,33,110.844,113.813,2.969,89.0,analysis/frames/16060/16060_beat_0033.png
16060.mp4,34,113.814,119.885,6.072,182.0,analysis/frames/16060/16060_beat_0034.png
16060.mp4,35,119.886,122.588,2.702,81.0,analysis/frames/16060/16060_beat_0035.png
16060.mp4,36,122.589,127.493,4.904,147.0,analysis/frames/16060/16060_beat_0036.png
16060.mp4,37,127.494,129.095,1.601,48.0,analysis/frames/16060/16060_beat_0037.png
16060.mp4,38,129.096,129.862,0.766,23.0,analysis/frames/16060/16060_beat_0038.png
16060.mp4,39,129.863,130.763,0.9,27.0,analysis/frames/16060/16060_beat_0039.png
16060.mp4,40,130.764,131.797,1.033,31.0,analysis/frames/16060/16060_beat_0040.png
16060.mp4,41,131.798,134.133,2.335,70.0,analysis/frames/16060/16060_beat_0041.png
16060.mp4,42,134.134,135.801,1.667,50.0,analysis/frames/16060/16060_beat_0042.png
16060.mp4,43,135.802,140.206,4.403,132.0,analysis/frames/16060/16060_beat_0043.png
16060.mp4,44,140.207,142.541,2.335,70.0,analysis/frames/16060/16060_beat_0044.png
16060.mp4,45,142.542,144.176,1.634,49.0,analysis/frames/16060/16060_beat_0045.png
16060.mp4,46,144.177,144.944,0.766,23.0,analysis/frames/16060/16060_beat_0046.png
16060.mp4,47,144.945,147.046,2.101,63.0,analysis/frames/16060/16060_beat_0047.png
16060.mp4,48,147.047,148.314,1.267,38.0,analysis/frames/16060/16060_beat_0048.png
16060.mp4,49,148.315,150.416,2.101,63.0,analysis/frames/16060/16060_beat_0049.png
16060.mp4,50,150.417,152.518,2.101,63.0,analysis/frames/16060/16060_beat_0050.png
16060.mp4,51,152.519,155.855,3.336,100.0,analysis/frames/16060/16060_beat_0051.png
16060.mp4,52,155.856,162.395,6.539,196.0,analysis/frames/16060/16060_beat_0052.png
16060.mp4,53,162.396,167.366,4.971,149.0,analysis/frames/16060/16060_beat_0053.png
16060.mp4,54,167.367,171.771,4.403,132.0,analysis/frames/16060/16060_beat_0054.png
16060.mp4,55,171.772,175.441,3.669,110.0,analysis/frames/16060/16060_beat_0055.png
16060.mp4,56,175.442,178.577,3.135,94.0,analysis/frames/16060/16060_beat_0056.png
16060.mp4,57,178.578,183.082,4.504,135.0,analysis/frames/16060/16060_beat_0057.png
16060.mp4,58,183.083,184.717,1.634,49.0,analysis/frames/16060/16060_beat_0058.png
16060.mp4,59,184.718,187.653,2.935,88.0,analysis/frames/16060/16060_beat_0059.png
16060.mp4,60,187.654,188.821,1.167,35.0,analysis/frames/16060/16060_beat_0060.png
16060.mp4,61,188.822,193.192,4.37,131.0,analysis/frames/16060/16060_beat_0061.png
16060.mp4,62,193.193,196.929,3.736,112.0,analysis/frames/16060/16060_beat_0062.png
16060.mp4,63,196.93,199.465,2.535,76.0,analysis/frames/16060/16060_beat_0063.png
16060.mp4,64,199.466,201.233,1.767,53.0,analysis/frames/16060/16060_beat_0064.png
16060.mp4,65,201.234,204.937,3.703,111.0,analysis/frames/16060/16060_beat_0065.png
16060.mp4,66,204.938,207.606,2.668,80.0,analysis/frames/16060/16060_beat_0066.png
16060.mp4,67,207.607,210.976,3.369,101.0,analysis/frames/16060/16060_beat_0067.png
16060.mp4,68,210.977,213.145,2.168,65.0,analysis/frames/16060/16060_beat_0068.png
16060.mp4,69,213.146,213.913,0.766,23.0,analysis/frames/16060/16060_beat_0069.png
16060.mp4,70,213.914,215.915,2.001,60.0,analysis/frames/16060/16060_beat_0070.png
16060.mp4,71,215.916,219.351,3.436,103.0,analysis/frames/16060/16060_beat_0071.png
16060.mp4,72,219.352,221.487,2.134,64.0,analysis/frames/16060/16060_beat_0072.png
16060.mp4,73,221.488,223.255,1.767,53.0,analysis/frames/16060/16060_beat_0073.png
16060.mp4,74,223.256,224.957,1.701,51.0,analysis/frames/16060/16060_beat_0074.png
16060.mp4,75,224.958,226.926,1.968,59.0,analysis/frames/16060/16060_beat_0075.png
16060.mp4,76,226.927,230.129,3.202,96.0,analysis/frames/16060/16060_beat_0076.png
16060.mp4,77,230.13,232.198,2.068,62.0,analysis/frames/16060/16060_beat_0077.png
16060.mp4,78,232.199,234.767,2.568,77.0,analysis/frames/16060/16060_beat_0078.png
16060.mp4,79,234.768,237.269,2.501,75.0,analysis/frames/16060/16060_beat_0079.png
16060.mp4,80,237.27,241.507,4.237,127.0,analysis/frames/16060/16060_beat_0080.png
16060.mp4,81,241.508,244.577,3.069,92.0,analysis/frames/16060/16060_beat_0081.png
16060.mp4,82,244.578,248.013,3.436,103.0,analysis/frames/16060/16060_beat_0082.png
16060.mp4,83,248.014,249.749,1.734,52.0,analysis/frames/16060/16060_beat_0083.png
16060.mp4,84,249.75,251.584,1.834,55.0,analysis/frames/16060/16060_beat_0084.png
16060.mp4,85,251.585,255.621,4.036,121.0,analysis/frames/16060/16060_beat_0085.png
16060.mp4,86,255.622,257.89,2.268,68.0,analysis/frames/16060/16060_beat_0086.png
16060.mp4,87,257.891,260.359,2.468,74.0,analysis/frames/16060/16060_beat_0087.png
16060.mp4,88,260.36,261.66,1.3,39.0,analysis/frames/16060/16060_beat_0088.png
16060.mp4,89,261.661,264.33,2.668,80.0,analysis/frames/16060/16060_beat_0089.png
16060.mp4,90,264.331,265.364,1.033,31.0,analysis/frames/16060/16060_beat_0090.png
16060.mp4,91,265.365,269.635,4.27,128.0,analysis/frames/16060/16060_beat_0091.png
16060.mp4,92,269.636,271.504,1.868,56.0,analysis/frames/16060/16060_beat_0092.png
16060.mp4,93,271.505,274.006,2.502,75.0,analysis/frames/16060/16060_beat_0093.png
16060.mp4,94,274.007,274.74,0.733,22.0,analysis/frames/16060/16060_beat_0094.png
16060.mp4,95,274.741,277.51,2.768,83.0,analysis/frames/16060/16060_beat_0095.png
16060.mp4,96,277.511,281.68,4.17,125.0,analysis/frames/16060/16060_beat_0096.png
16060.mp4,97,281.681,287.052,5.371,161.0,analysis/frames/16060/16060_beat_0097.png
16060.mp4,98,287.053,289.388,2.335,70.0,analysis/frames/16060/16060_beat_0098.png
16060.mp4,99,289.389,292.825,3.436,103.0,analysis/frames/16060/16060_beat_0099.png
16060.mp4,100,292.826,297.63,4.804,144.0,analysis/frames/16060/16060_beat_0100.png
16060.mp4,101,297.631,301.6,3.97,119.0,analysis/frames/16060/16060_beat_0101.png
16060.mp4,102,301.601,303.903,2.301,69.0,analysis/frames/16060/16060_beat_0102.png
16060.mp4,103,303.904,310.342,6.439,193.0,analysis/frames/16060/16060_beat_0103.png
16060.mp4,104,310.343,311.811,1.467,44.0,analysis/frames/16060/16060_beat_0104.png
16060.mp4,105,311.812,314.914,3.102,93.0,analysis/frames/16060/16060_beat_0105.png
16060.mp4,106,314.915,317.082,2.168,65.0,analysis/frames/16060/16060_beat_0106.png
16060.mp4,107,317.083,319.084,2.001,60.0,analysis/frames/16060/16060_beat_0107.png
16060.mp4,108,319.085,323.022,3.936,118.0,analysis/frames/16060/16060_beat_0108.png
16060.mp4,109,323.023,325.524,2.502,75.0,analysis/frames/16060/16060_beat_0109.png
16060.mp4,110,325.525,329.595,4.07,122.0,analysis/frames/16060/16060_beat_0110.png
16060.mp4,111,329.596,333.165,3.569,107.0,analysis/frames/16060/16060_beat_0111.png
16060.mp4,112,333.166,335.901,2.735,82.0,analysis/frames/16060/16060_beat_0112.png
16060.mp4,113,335.902,336.735,0.833,25.0,analysis/frames/16060/16060_beat_0113.png
16060.mp4,114,336.736,338.404,1.667,50.0,analysis/frames/16060/16060_beat_0114.png
16060.mp4,115,338.405,340.339,1.934,58.0,analysis/frames/16060/16060_beat_0115.png
16060.mp4,116,340.34,342.908,2.568,77.0,analysis/frames/16060/16060_beat_0116.png
16060.mp4,117,342.909,347.413,4.504,135.0,analysis/frames/16060/16060_beat_0117.png
16060.mp4,118,347.414,348.647,1.234,37.0,analysis/frames/16060/16060_beat_0118.png
16060.mp4,119,348.648,351.116,2.468,74.0,analysis/frames/16060/16060_beat_0119.png
16060.mp4,120,351.117,354.253,3.135,94.0,analysis/frames/16060/16060_beat_0120.png
16060.mp4,121,354.254,357.122,2.869,86.0,analysis/frames/16060/16060_beat_0121.png
16060.mp4,122,357.123,360.593,3.469,104.0,analysis/frames/16060/16060_beat_0122.png
16060.mp4,123,360.594,362.528,1.934,58.0,analysis/frames/16060/16060_beat_0123.png
16060.mp4,124,362.529,365.865,3.336,100.0,analysis/frames/16060/16060_beat_0124.png
16060.mp4,125,365.865,369.401,3.536,106.0,analysis/frames/16060/16060_beat_0125.png
16060.mp4,126,369.402,373.973,4.57,137.0,analysis/frames/16060/16060_beat_0126.png
16060.mp4,127,373.974,375.174,1.2,36.0,analysis/frames/16060/16060_beat_0127.png
16060.mp4,128,375.175,377.977,2.802,84.0,analysis/frames/16060/16060_beat_0128.png
16060.mp4,129,377.978,382.481,4.504,135.0,analysis/frames/16060/16060_beat_0129.png
16060.mp4,130,382.482,384.617,2.134,64.0,analysis/frames/16060/16060_beat_0130.png
16060.mp4,131,384.618,387.82,3.202,96.0,analysis/frames/16060/16060_beat_0131.png
16060.mp4,132,387.821,391.223,3.402,102.0,analysis/frames/16060/16060_beat_0132.png
16060.mp4,133,391.224,393.926,2.702,81.0,analysis/frames/16060/16060_beat_0133.png
16060.mp4,134,393.927,394.66,0.733,22.0,analysis/frames/16060/16060_beat_0134.png
16060.mp4,135,394.661,395.828,1.167,35.0,analysis/frames/16060/16060_beat_0135.png
16060.mp4,136,395.829,398.063,2.235,67.0,analysis/frames/16060/16060_beat_0136.png
16060.mp4,137,398.064,401.166,3.102,93.0,analysis/frames/16060/16060_beat_0137.png
16060.mp4,138,401.167,403.035,1.868,56.0,analysis/frames/16060/16060_beat_0138.png
16060.mp4,139,403.036,405.137,2.101,63.0,analysis/frames/16060/16060_beat_0139.png
16060.mp4,140,405.138,407.172,2.034,61.0,analysis/frames/16060/16060_beat_0140.png
16060.mp4,141,407.173,410.209,3.035,91.0,analysis/frames/16060/16060_beat_0141.png
16060.mp4,142,410.21,411.744,1.534,46.0,analysis/frames/16060/16060_beat_0142.png
16060.mp4,143,411.745,415.314,3.569,107.0,analysis/frames/16060/16060_beat_0143.png
16060.mp4,144,415.315,420.119,4.804,144.0,analysis/frames/16060/16060_beat_0144.png
16060.mp4,145,420.12,424.79,4.67,140.0,analysis/frames/16060/16060_beat_0145.png
16060.mp4,146,424.791,426.091,1.3,39.0,analysis/frames/16060/16060_beat_0146.png
16060.mp4,147,426.092,428.093,2.001,60.0,analysis/frames/16060/16060_beat_0147.png
16060.mp4,148,428.094,430.663,2.568,77.0,analysis/frames/16060/16060_beat_0148.png
16060.mp4,149,430.664,431.931,1.267,38.0,analysis/frames/16060/16060_beat_0149.png
16060.mp4,150,431.932,433.365,1.434,43.0,analysis/frames/16060/16060_beat_0150.png
16060.mp4,151,433.366,435.167,1.801,54.0,analysis/frames/16060/16060_beat_0151.png
16060.mp4,152,435.168,437.002,1.834,55.0,analysis/frames/16060/16060_beat_0152.png
16060.mp4,153,437.003,440.272,3.269,98.0,analysis/frames/16060/16060_beat_0153.png
16060.mp4,154,440.273,444.71,4.437,133.0,analysis/frames/16060/16060_beat_0154.png
16060.mp4,155,444.711,447.313,2.602,78.0,analysis/frames/16060/16060_beat_0155.png
16060.mp4,156,447.314,452.751,5.438,163.0,analysis/frames/16060/16060_beat_0156.png
16060.mp4,157,452.752,456.789,4.036,121.0,analysis/frames/16060/16060_beat_0157.png
16060.mp4,158,456.79,459.391,2.602,78.0,analysis/frames/16060/16060_beat_0158.png
16060.mp4,159,459.392,463.996,4.604,138.0,analysis/frames/16060/16060_beat_0159.png
16060.mp4,160,463.997,467.499,3.502,105.0,analysis/frames/16060/16060_beat_0160.png
16060.mp4,161,467.5,468.867,1.367,41.0,analysis/frames/16060/16060_beat_0161.png
16060.mp4,162,468.868,471.103,2.235,67.0,analysis/frames/16060/16060_beat_0162.png
16060.mp4,163,471.104,472.438,1.334,40.0,analysis/frames/16060/16060_beat_0163.png
16060.mp4,164,472.439,474.807,2.368,71.0,analysis/frames/16060/16060_beat_0164.png
16060.mp4,165,474.808,479.011,4.203,126.0,analysis/frames/16060/16060_beat_0165.png
16060.mp4,166,479.012,485.184,6.172,185.0,analysis/frames/16060/16060_beat_0166.png
16060.mp4,167,485.185,488.587,3.402,102.0,analysis/frames/16060/16060_beat_0167.png
16060.mp4,168,488.588,490.689,2.101,63.0,analysis/frames/16060/16060_beat_0168.png
16060.mp4,169,490.69,493.525,2.835,85.0,analysis/frames/16060/16060_beat_0169.png
16060.mp4,170,493.526,496.962,3.436,103.0,analysis/frames/16060/16060_beat_0170.png
16060.mp4,171,496.963,501.9,4.937,148.0,analysis/frames/16060/16060_beat_0171.png
16060.mp4,172,501.901,504.269,2.368,71.0,analysis/frames/16060/16060_beat_0172.png
16060.mp4,173,504.27,505.137,0.867,26.0,analysis/frames/16060/16060_beat_0173.png
16060.mp4,174,505.138,505.938,0.8,24.0,analysis/frames/16060/16060_beat_0174.png
16060.mp4,175,505.939,507.706,1.767,53.0,analysis/frames/16060/16060_beat_0175.png
16060.mp4,176,507.707,509.074,1.367,41.0,analysis/frames/16060/16060_beat_0176.png
16060.mp4,177,509.075,513.812,4.737,142.0,analysis/frames/16060/16060_beat_0177.png
16060.mp4,178,513.813,516.315,2.501,75.0,analysis/frames/16060/16060_beat_0178.png
16060.mp4,179,516.316,518.217,1.901,57.0,analysis/frames/16060/16060_beat_0179.png
16060.mp4,180,518.218,521.754,3.536,106.0,analysis/frames/16060/16060_beat_0180.png
16060.mp4,181,521.755,524.523,2.768,83.0,analysis/frames/16060/16060_beat_0181.png
16060.mp4,182,524.524,527.426,2.902,87.0,analysis/frames/16060/16060_beat_0182.png
16060.mp4,183,527.427,530.162,2.735,82.0,analysis/frames/16060/16060_beat_0183.png
16060.mp4,184,530.163,532.564,2.401,72.0,analysis/frames/16060/16060_beat_0184.png
16060.mp4,185,532.565,536.602,4.036,121.0,analysis/frames/16060/16060_beat_0185.png
16060.mp4,186,536.603,539.605,3.002,90.0,analysis/frames/16060/16060_beat_0186.png
16060.mp4,187,539.606,541.006,1.4,42.0,analysis/frames/16060/16060_beat_0187.png
16060.mp4,188,541.007,543.108,2.101,63.0,analysis/frames/16060/16060_beat_0188.png
16060.mp4,189,543.109,547.546,4.437,133.0,analysis/frames/16060/16060_beat_0189.png
16060.mp4,190,547.547,550.282,2.735,82.0,analysis/frames/16060/16060_beat_0190.png
16060.mp4,191,550.283,555.921,5.638,169.0,analysis/frames/16060/16060_beat_0191.png
16060.mp4,192,555.922,559.525,3.603,108.0,analysis/frames/16060/16060_beat_0192.png
16060.mp4,193,559.526,561.894,2.368,71.0,analysis/frames/16060/16060_beat_0193.png
16060.mp4,194,561.895,565.23,3.336,100.0,analysis/frames/16060/16060_beat_0194.png
16060.mp4,195,565.231,571.003,5.771,173.0,analysis/frames/16060/16060_beat_0195.png
16060.mp4,196,571.004,571.804,0.8,24.0,analysis/frames/16060/16060_beat_0196.png
16060.mp4,197,571.805,573.005,1.2,36.0,analysis/frames/16060/16060_beat_0197.png
16060.mp4,198,573.006,575.374,2.368,71.0,analysis/frames/16060/16060_beat_0198.png
16060.mp4,199,575.375,580.245,4.871,146.0,analysis/frames/16060/16060_beat_0199.png
16060.mp4,200,580.246,582.281,2.034,61.0,analysis/frames/16060/16060_beat_0200.png
16060.mp4,201,582.282,584.817,2.535,76.0,analysis/frames/16060/16060_beat_0201.png
16060.mp4,202,584.818,586.118,1.3,39.0,analysis/frames/16060/16060_beat_0202.png
16060.mp4,203,586.119,588.153,2.034,61.0,analysis/frames/16060/16060_beat_0203.png
16060.mp4,204,588.154,593.926,5.771,173.0,analysis/frames/16060/16060_beat_0204.png
16060.mp4,205,593.927,596.161,2.235,67.0,analysis/frames/16060/16060_beat_0205.png
16060.mp4,206,596.162,597.296,1.133,34.0,analysis/frames/16060/16060_beat_0206.png
16060.mp4,207,597.297,600.766,3.469,104.0,analysis/frames/16060/16060_beat_0207.png
16060.mp4,208,600.767,609.675,8.908,267.0,analysis/frames/16060/16060_beat_0208.png
16060.mp4,209,609.676,613.779,4.103,123.0,analysis/frames/16060/16060_beat_0209.png
16060.mp4,210,613.78,614.847,1.067,32.0,analysis/frames/16060/16060_beat_0210.png
16060.mp4,211,614.848,616.115,1.267,38.0,analysis/frames/16060/16060_beat_0211.png
16060.mp4,212,616.115,619.785,3.669,110.0,analysis/frames/16060/16060_beat_0212.png
16060.mp4,213,619.786,624.056,4.27,128.0,analysis/frames/16060/16060_beat_0213.png
16060.mp4,214,624.057,626.024,1.968,59.0,analysis/frames/16060/16060_beat_0214.png
16060.mp4,215,626.025,627.759,1.734,52.0,analysis/frames/16060/16060_beat_0215.png
16060.mp4,216,627.76,633.632,5.872,176.0,analysis/frames/16060/16060_beat_0216.png
16060.mp4,217,633.633,644.14,10.507,314.9,analysis/frames/16060/16060_beat_0217.png
16064.mp4,0,0.0,1.701,1.701,51.0,analysis/frames/16064/16064_beat_0000.png
16064.mp4,1,1.702,3.336,1.634,49.0,analysis/frames/16064/16064_beat_0001.png
16064.mp4,2,3.337,6.072,2.735,82.0,analysis/frames/16064/16064_beat_0002.png
16064.mp4,3,6.073,7.44,1.367,41.0,analysis/frames/16064/16064_beat_0003.png
16064.mp4,4,7.441,10.243,2.802,84.0,analysis/frames/16064/16064_beat_0004.png
16064.mp4,5,10.244,12.178,1.934,58.0,analysis/frames/16064/16064_beat_0005.png
16064.mp4,6,12.179,18.184,6.005,180.0,analysis/frames/16064/16064_beat_0006.png
16064.mp4,7,18.185,20.453,2.268,68.0,analysis/frames/16064/16064_beat_0007.png
16064.mp4,8,20.454,25.658,5.204,156.0,analysis/frames/16064/16064_beat_0008.png
16064.mp4,9,25.659,28.06,2.401,72.0,analysis/frames/16064/16064_beat_0009.png
16064.mp4,10,28.061,29.295,1.234,37.0,analysis/frames/16064/16064_beat_0010.png
16064.mp4,11,29.296,31.43,2.134,64.0,analysis/frames/16064/16064_beat_0011.png
16064.mp4,12,31.431,34.567,3.135,94.0,analysis/frames/16064/16064_beat_0012.png
16064.mp4,13,34.568,38.437,3.87,116.0,analysis/frames/16064/16064_beat_0013.png
16064.mp4,14,38.438,40.84,2.401,72.0,analysis/frames/16064/16064_beat_0014.png
16064.mp4,15,40.841,44.81,3.97,119.0,analysis/frames/16064/16064_beat_0015.png
16064.mp4,16,44.811,47.113,2.301,69.0,analysis/frames/16064/16064_beat_0016.png
16064.mp4,17,47.114,50.816,3.703,111.0,analysis/frames/16064/16064_beat_0017.png
16064.mp4,18,50.817,55.588,4.77,143.0,analysis/frames/16064/16064_beat_0018.png
16064.mp4,19,55.589,59.058,3.469,104.0,analysis/frames/16064/16064_beat_0019.png
16064.mp4,20,59.059,61.193,2.134,64.0,analysis/frames/16064/16064_beat_0020.png
16064.mp4,21,61.194,63.829,2.635,79.0,analysis/frames/16064/16064_beat_0021.png
16064.mp4,22,63.83,64.597,0.766,23.0,analysis/frames/16064/16064_beat_0022.png
16064.mp4,23,64.598,66.198,1.601,48.0,analysis/frames/16064/16064_beat_0023.png
16064.mp4,24,66.199,71.57,5.371,161.0,analysis/frames/16064/16064_beat_0024.png
16064.mp4,25,71.572,75.408,3.836,115.0,analysis/frames/16064/16064_beat_0025.png
16064.mp4,26,75.409,82.281,6.873,206.0,analysis/frames/16064/16064_beat_0026.png
16064.mp4,27,82.282,83.883,1.601,48.0,analysis/frames/16064/16064_beat_0027.png
16064.mp4,28,83.884,87.62,3.736,112.0,analysis/frames/16064/16064_beat_0028.png
16064.mp4,29,87.621,89.322,1.701,51.0,analysis/frames/16064/16064_beat_0029.png
16064.mp4,30,89.323,91.057,1.734,52.0,analysis/frames/16064/16064_beat_0030.png
16064.mp4,31,91.058,97.33,6.272,188.0,analysis/frames/16064/16064_beat_0031.png
16064.mp4,32,97.331,102.034,4.704,141.0,analysis/frames/16064/16064_beat_0032.png
16064.mp4,33,102.035,107.506,5.471,164.0,analysis/frames/16064/16064_beat_0033.png
16064.mp4,34,107.507,112.278,4.77,143.0,analysis/frames/16064/16064_beat_0034.png
16064.mp4,35,112.279,115.948,3.669,110.0,analysis/frames/16064/16064_beat_0035.png
16064.mp4,36,115.949,117.516,1.567,47.0,analysis/frames/16064/16064_beat_0036.png
16064.mp4,37,117.517,120.553,3.035,91.0,analysis/frames/16064/16064_beat_0037.png
16064.mp4,38,120.554,121.354,0.8,24.0,analysis/frames/16064/16064_beat_0038.png
16064.mp4,39,121.355,122.722,1.367,41.0,analysis/frames/16064/16064_beat_0039.png
16064.mp4,40,122.723,125.992,3.269,98.0,analysis/frames/16064/16064_beat_0040.png
16064.mp4,41,125.993,128.861,2.869,86.0,analysis/frames/16064/16064_beat_0041.png
16064.mp4,42,128.862,130.896,2.034,61.0,analysis/frames/16064/16064_beat_0042.png
16064.mp4,43,130.897,136.302,5.404,162.0,analysis/frames/16064/16064_beat_0043.png
16064.mp4,44,136.303,138.004,1.701,51.0,analysis/frames/16064/16064_beat_0044.png
16064.mp4,45,138.005,140.94,2.935,88.0,analysis/frames/16064/16064_beat_0045.png
16064.mp4,46,140.941,145.444,4.504,135.0,analysis/frames/16064/16064_beat_0046.png
16064.mp4,47,145.445,147.58,2.134,64.0,analysis/frames/16064/16064_beat_0047.png
16064.mp4,48,147.581,150.816,3.236,97.0,analysis/frames/16064/16064_beat_0048.png
16064.mp4,49,150.817,152.385,1.567,47.0,analysis/frames/16064/16064_beat_0049.png
16064.mp4,50,152.386,154.754,2.368,71.0,analysis/frames/16064/16064_beat_0050.png
16064.mp4,51,154.755,158.09,3.336,100.0,analysis/frames/16064/16064_beat_0051.png
16064.mp4,52,158.091,160.96,2.869,86.0,analysis/frames/16064/16064_beat_0052.png
16064.mp4,53,160.961,166.032,5.071,152.0,analysis/frames/16064/16064_beat_0053.png
16064.mp4,54,166.033,170.736,4.704,141.0,analysis/frames/16064/16064_beat_0054.png
16064.mp4,55,170.737,172.905,2.168,65.0,analysis/frames/16064/16064_beat_0055.png
16064.mp4,56,172.906,175.041,2.134,64.0,analysis/frames/16064/16064_beat_0056.png
16064.mp4,57,175.042,178.477,3.436,103.0,analysis/frames/16064/16064_beat_0057.png
16064.mp4,58,178.478,180.946,2.468,74.0,analysis/frames/16064/16064_beat_0058.png
16064.mp4,59,180.947,181.814,0.867,26.0,analysis/frames/16064/16064_beat_0059.png
16064.mp4,60,181.815,183.849,2.034,61.0,analysis/frames/16064/16064_beat_0060.png
16064.mp4,61,183.85,186.952,3.102,93.0,analysis/frames/16064/16064_beat_0061.png
16064.mp4,62,186.953,189.188,2.235,67.0,analysis/frames/16064/16064_beat_0062.png
16064.mp4,63,189.189,190.489,1.3,39.0,analysis/frames/16064/16064_beat_0063.png
16064.mp4,64,190.49,199.732,9.242,277.0,analysis/frames/16064/16064_beat_0064.png
16064.mp4,65,199.733,202.635,2.902,87.0,analysis/frames/16064/16064_beat_0065.png
16064.mp4,66,202.636,203.469,0.833,25.0,analysis/frames/16064/16064_beat_0066.png
16064.mp4,67,203.47,206.539,3.069,92.0,analysis/frames/16064/16064_beat_0067.png
16064.mp4,68,206.54,212.945,6.405,192.0,analysis/frames/16064/16064_beat_0068.png
16064.mp4,69,212.946,214.914,1.968,59.0,analysis/frames/16064/16064_beat_0069.png
16064.mp4,70,214.915,216.515,1.601,48.0,analysis/frames/16064/16064_beat_0070.png
16064.mp4,71,216.516,218.15,1.634,49.0,analysis/frames/16064/16064_beat_0071.png
16064.mp4,72,218.151,222.154,4.003,120.0,analysis/frames/16064/16064_beat_0072.png
16064.mp4,73,222.155,228.494,6.339,190.0,analysis/frames/16064/16064_beat_0073.png
16064.mp4,74,228.495,232.832,4.337,130.0,analysis/frames/16064/16064_beat_0074.png
16064.mp4,75,232.833,238.471,5.638,169.0,analysis/frames/16064/16064_beat_0075.png
16064.mp4,76,238.472,240.773,2.301,69.0,analysis/frames/16064/16064_beat_0076.png
16064.mp4,77,240.774,241.574,0.8,24.0,analysis/frames/16064/16064_beat_0077.png
16064.mp4,78,241.575,243.442,1.868,56.0,analysis/frames/16064/16064_beat_0078.png
16064.mp4,79,243.443,245.845,2.401,72.0,analysis/frames/16064/16064_beat_0079.png
16064.mp4,80,245.846,247.146,1.3,39.0,analysis/frames/16064/16064_beat_0080.png
16064.mp4,81,247.147,248.547,1.4,42.0,analysis/frames/16064/16064_beat_0081.png
16064.mp4,82,248.548,250.516,1.968,59.0,analysis/frames/16064/16064_beat_0082.png
16064.mp4,83,250.517,252.017,1.5,45.0,analysis/frames/16064/16064_beat_0083.png
16064.mp4,84,252.018,253.552,1.534,46.0,analysis/frames/16064/16064_beat_0084.png
16064.mp4,85,253.553,259.425,5.872,176.0,analysis/frames/16064/16064_beat_0085.png
16064.mp4,86,259.426,261.994,2.568,77.0,analysis/frames/16064/16064_beat_0086.png
16064.mp4,87,261.995,265.931,3.936,118.0,analysis/frames/16064/16064_beat_0087.png
16064.mp4,88,265.932,269.668,3.736,112.0,analysis/frames/16064/16064_beat_0088.png
16064.mp4,89,269.669,272.304,2.635,79.0,analysis/frames/16064/16064_beat_0089.png
16064.mp4,90,272.305,275.274,2.969,89.0,analysis/frames/16064/16064_beat_0090.png
16064.mp4,91,275.275,276.942,1.667,50.0,analysis/frames/16064/16064_beat_0091.png
16064.mp4,92,276.943,281.013,4.07,122.0,analysis/frames/16064/16064_beat_0092.png
16064.mp4,93,281.014,285.384,4.37,131.0,analysis/frames/16064/16064_beat_0093.png
16064.mp4,94,285.385,288.921,3.536,106.0,analysis/frames/16064/16064_beat_0094.png
16064.mp4,95,288.922,289.688,0.766,23.0,analysis/frames/16064/16064_beat_0095.png
16064.mp4,96,289.689,291.757,2.068,62.0,analysis/frames/16064/16064_beat_0096.png
16064.mp4,97,291.758,293.893,2.134,64.0,analysis/frames/16064/16064_beat_0097.png
16064.mp4,98,293.894,297.73,3.836,115.0,analysis/frames/16064/16064_beat_0098.png
16064.mp4,99,297.731,300.733,3.002,90.0,analysis/frames/16064/16064_beat_0099.png
16064.mp4,100,300.734,304.303,3.569,107.0,analysis/frames/16064/16064_beat_0100.png
16064.mp4,101,304.304,306.939,2.635,79.0,analysis/frames/16064/16064_beat_0101.png
16064.mp4,102,306.94,308.207,1.267,38.0,analysis/frames/16064/16064_beat_0102.png
16064.mp4,103,308.208,309.542,1.334,40.0,analysis/frames/16064/16064_beat_0103.png
16064.mp4,104,309.543,312.478,2.935,88.0,analysis/frames/16064/16064_beat_0104.png
16064.mp4,105,312.479,315.714,3.236,97.0,analysis/frames/16064/16064_beat_0105.png
16064.mp4,106,315.715,318.25,2.535,76.0,analysis/frames/16064/16064_beat_0106.png
16064.mp4,107,318.251,320.786,2.535,76.0,analysis/frames/16064/16064_beat_0107.png
16064.mp4,108,320.787,328.594,7.807,234.0,analysis/frames/16064/16064_beat_0108.png
16064.mp4,109,328.595,330.996,2.401,72.0,analysis/frames/16064/16064_beat_0109.png
16064.mp4,110,330.997,336.101,5.104,153.0,analysis/frames/16064/16064_beat_0110.png
16064.mp4,111,336.102,339.338,3.236,97.0,analysis/frames/16064/16064_beat_0111.png
16064.mp4,112,339.339,341.64,2.301,69.0,analysis/frames/16064/16064_beat_0112.png
16064.mp4,113,341.641,348.28,6.639,199.0,analysis/frames/16064/16064_beat_0113.png
16064.mp4,114,348.281,350.749,2.468,74.0,analysis/frames/16064/16064_beat_0114.png
16064.mp4,115,350.75,354.72,3.97,119.0,analysis/frames/16064/16064_beat_0115.png
16064.mp4,116,354.721,355.387,0.666,20.0,analysis/frames/16064/16064_beat_0116.png
16064.mp4,117,355.388,357.99,2.602,78.0,analysis/frames/16064/16064_beat_0117.png
16064.mp4,118,357.991,361.06,3.069,92.0,analysis/frames/16064/16064_beat_0118.png
16064.mp4,119,361.061,364.029,2.969,89.0,analysis/frames/16064/16064_beat_0119.png
16064.mp4,120,364.03,369.134,5.104,153.0,analysis/frames/16064/16064_beat_0120.png
16064.mp4,121,369.135,370.636,1.501,45.0,analysis/frames/16064/16064_beat_0121.png
16064.mp4,122,370.637,372.171,1.534,46.0,analysis/frames/16064/16064_beat_0122.png
16064.mp4,123,372.172,373.505,1.334,40.0,analysis/frames/16064/16064_beat_0123.png
16064.mp4,124,373.506,376.175,2.668,80.0,analysis/frames/16064/16064_beat_0124.png
16064.mp4,125,376.176,376.976,0.8,24.0,analysis/frames/16064/16064_beat_0125.png
16064.mp4,126,376.977,380.346,3.369,101.0,analysis/frames/16064/16064_beat_0126.png
16064.mp4,127,380.347,385.684,5.338,160.0,analysis/frames/16064/16064_beat_0127.png
16064.mp4,128,385.685,387.953,2.268,68.0,analysis/frames/16064/16064_beat_0128.png
16064.mp4,129,387.954,390.456,2.502,75.0,analysis/frames/16064/16064_beat_0129.png
16064.mp4,130,390.457,391.29,0.833,25.0,analysis/frames/16064/16064_beat_0130.png
16064.mp4,131,391.291,393.325,2.034,61.0,analysis/frames/16064/16064_beat_0131.png
16064.mp4,132,393.326,397.263,3.936,118.0,analysis/frames/16064/16064_beat_0132.png
16064.mp4,133,397.264,399.798,2.535,76.0,analysis/frames/16064/16064_beat_0133.png
16064.mp4,134,399.799,402.668,2.869,86.0,analysis/frames/16064/16064_beat_0134.png
16064.mp4,135,402.669,404.703,2.034,61.0,analysis/frames/16064/16064_beat_0135.png
16064.mp4,136,404.704,405.838,1.133,34.0,analysis/frames/16064/16064_beat_0136.png
16064.mp4,137,405.839,409.108,3.269,98.0,analysis/frames/16064/16064_beat_0137.png
16064.mp4,138,409.109,413.913,4.804,144.0,analysis/frames/16064/16064_beat_0138.png
16064.mp4,139,413.913,415.347,1.434,43.0,analysis/frames/16064/16064_beat_0139.png
16064.mp4,140,415.348,422.187,6.839,205.0,analysis/frames/16064/16064_beat_0140.png
16064.mp4,141,422.188,424.89,2.702,81.0,analysis/frames/16064/16064_beat_0141.png
16064.mp4,142,424.891,431.697,6.806,204.0,analysis/frames/16064/16064_beat_0142.png
16064.mp4,143,431.698,433.532,1.834,55.0,analysis/frames/16064/16064_beat_0143.png
16064.mp4,144,433.533,434.767,1.234,37.0,analysis/frames/16064/16064_beat_0144.png
16064.mp4,145,434.768,438.737,3.97,119.0,analysis/frames/16064/16064_beat_0145.png
16064.mp4,146,438.738,443.175,4.437,133.0,analysis/frames/16064/16064_beat_0146.png
16064.mp4,147,443.176,446.178,3.002,90.0,analysis/frames/16064/16064_beat_0147.png
16064.mp4,148,446.179,446.912,0.733,22.0,analysis/frames/16064/16064_beat_0148.png
16064.mp4,149,446.913,447.947,1.033,31.0,analysis/frames/16064/16064_beat_0149.png
16064.mp4,150,447.947,451.717,3.769,113.0,analysis/frames/16064/16064_beat_0150.png
16064.mp4,151,451.718,456.989,5.271,158.0,analysis/frames/16064/16064_beat_0151.png
16064.mp4,152,456.99,458.223,1.234,37.0,analysis/frames/16064/16064_beat_0152.png
16064.mp4,153,458.224,462.861,4.637,139.0,analysis/frames/16064/16064_beat_0153.png
16064.mp4,154,462.862,465.431,2.568,77.0,analysis/frames/16064/16064_beat_0154.png
16064.mp4,155,465.432,469.034,3.603,108.0,analysis/frames/16064/16064_beat_0155.png
16064.mp4,156,469.035,470.302,1.267,38.0,analysis/frames/16064/16064_beat_0156.png
16064.mp4,157,470.303,471.37,1.067,32.0,analysis/frames/16064/16064_beat_0157.png
16064.mp4,158,471.371,474.64,3.269,98.0,analysis/frames/16064/16064_beat_0158.png
16064.mp4,159,474.641,476.742,2.101,63.0,analysis/frames/16064/16064_beat_0159.png
16064.mp4,160,476.743,480.312,3.569,107.0,analysis/frames/16064/16064_beat_0160.png
16064.mp4,161,480.313,483.282,2.969,89.0,analysis/frames/16064/16064_beat_0161.png
16064.mp4,162,483.283,485.884,2.602,78.0,analysis/frames/16064/16064_beat_0162.png
16064.mp4,163,485.885,489.088,3.202,96.0,analysis/frames/16064/16064_beat_0163.png
16064.mp4,164,489.089,493.258,4.17,125.0,analysis/frames/16064/16064_beat_0164.png
16064.mp4,165,493.259,493.959,0.7,21.0,analysis/frames/16064/16064_beat_0165.png
16064.mp4,166,493.96,495.728,1.767,53.0,analysis/frames/16064/16064_beat_0166.png
16064.mp4,167,495.729,498.864,3.135,94.0,analysis/frames/16064/16064_beat_0167.png
16064.mp4,168,498.865,501.433,2.568,77.0,analysis/frames/16064/16064_beat_0168.png
16064.mp4,169,501.434,506.171,4.737,142.0,analysis/frames/16064/16064_beat_0169.png
16064.mp4,170,506.172,509.341,3.169,95.0,analysis/frames/16064/16064_beat_0170.png
16064.mp4,171,509.342,512.111,2.768,83.0,analysis/frames/16064/16064_beat_0171.png
16064.mp4,172,512.112,516.582,4.47,134.0,analysis/frames/16064/16064_beat_0172.png
16064.mp4,173,516.583,517.616,1.033,31.0,analysis/frames/16064/16064_beat_0173.png
16064.mp4,174,517.617,518.65,1.033,31.0,analysis/frames/16064/16064_beat_0174.png
16064.mp4,175,518.651,521.053,2.401,72.0,analysis/frames/16064/16064_beat_0175.png
16064.mp4,176,521.054,525.991,4.937,148.0,analysis/frames/16064/16064_beat_0176.png
16064.mp4,177,525.992,528.327,2.335,70.0,analysis/frames/16064/16064_beat_0177.png
16064.mp4,178,528.328,531.43,3.102,93.0,analysis/frames/16064/16064_beat_0178.png
16064.mp4,179,531.431,539.371,7.94,238.0,analysis/frames/16064/16064_beat_0179.png
16064.mp4,180,539.372,546.378,7.006,210.0,analysis/frames/16064/16064_beat_0180.png
16064.mp4,181,546.379,557.21,10.831,324.6,analysis/frames/16064/16064_beat_0181.png
16068.mp4,0,0.0,1.801,1.801,54.0,analysis/frames/16068/16068_beat_0000.png
16068.mp4,1,1.802,4.203,2.401,72.0,analysis/frames/16068/16068_beat_0001.png
16068.mp4,2,4.204,10.643,6.439,193.0,analysis/frames/16068/16068_beat_0002.png
16068.mp4,3,10.644,14.247,3.603,108.0,analysis/frames/16068/16068_beat_0003.png
16068.mp4,4,14.248,17.583,3.336,100.0,analysis/frames/16068/16068_beat_0004.png
16068.mp4,5,17.584,19.886,2.301,69.0,analysis/frames/16068/16068_beat_0005.png
16068.mp4,6,19.887,21.587,1.701,51.0,analysis/frames/16068/16068_beat_0006.png
16068.mp4,7,21.588,24.257,2.668,80.0,analysis/frames/16068/16068_beat_0007.png
16068.mp4,8,24.258,27.793,3.536,106.0,analysis/frames/16068/16068_beat_0008.png
16068.mp4,9,27.794,30.83,3.035,91.0,analysis/frames/16068/16068_beat_0009.png
16068.mp4,10,30.831,33.165,2.335,70.0,analysis/frames/16068/16068_beat_0010.png
16068.mp4,11,33.166,36.936,3.769,113.0,analysis/frames/16068/16068_beat_0011.png
16068.mp4,12,36.937,41.674,4.737,142.0,analysis/frames/16068/16068_beat_0012.png
16068.mp4,13,41.675,45.945,4.27,128.0,analysis/frames/16068/16068_beat_0013.png
16068.mp4,14,45.946,48.614,2.668,80.0,analysis/frames/16068/16068_beat_0014.png
16068.mp4,15,48.615,51.25,2.635,79.0,analysis/frames/16068/16068_beat_0015.png
16068.mp4,16,51.251,56.589,5.338,160.0,analysis/frames/16068/16068_beat_0016.png
16068.mp4,17,56.59,57.356,0.766,23.0,analysis/frames/16068/16068_beat_0017.png
16068.mp4,18,57.357,59.859,2.502,75.0,analysis/frames/16068/16068_beat_0018.png
16068.mp4,19,59.86,66.432,6.572,197.0,analysis/frames/16068/16068_beat_0019.png
16068.mp4,20,66.433,67.266,0.833,25.0,analysis/frames/16068/16068_beat_0020.png
16068.mp4,21,67.267,69.902,2.635,79.0,analysis/frames/16068/16068_beat_0021.png
16068.mp4,22,69.903,73.539,3.636,109.0,analysis/frames/16068/16068_beat_0022.png
16068.mp4,23,73.54,75.107,1.567,47.0,analysis/frames/16068/16068_beat_0023.png
16068.mp4,24,75.108,78.678,3.569,107.0,analysis/frames/16068/16068_beat_0024.png
16068.mp4,25,78.679,84.15,5.471,164.0,analysis/frames/16068/16068_beat_0025.png
16068.mp4,26,84.151,88.387,4.237,127.0,analysis/frames/16068/16068_beat_0026.png
16068.mp4,27,88.388,89.455,1.067,32.0,analysis/frames/16068/16068_beat_0027.png
16068.mp4,28,89.456,92.191,2.735,82.0,analysis/frames/16068/16068_beat_0028.png
16068.mp4,29,92.192,93.559,1.367,41.0,analysis/frames/16068/16068_beat_0029.png
16068.mp4,30,93.56,96.028,2.468,74.0,analysis/frames/16068/16068_beat_0030.png
16068.mp4,31,96.029,101.667,5.638,169.0,analysis/frames/16068/16068_beat_0031.png
16068.mp4,32,101.668,105.571,3.903,117.0,analysis/frames/16068/16068_beat_0032.png
16068.mp4,33,105.572,108.24,2.668,80.0,analysis/frames/16068/16068_beat_0033.png
16068.mp4,34,108.241,114.113,5.872,176.0,analysis/frames/16068/16068_beat_0034.png
16068.mp4,35,114.114,118.284,4.17,125.0,analysis/frames/16068/16068_beat_0035.png
16068.mp4,36,118.285,123.99,5.705,171.0,analysis/frames/16068/16068_beat_0036.png
16068.mp4,37,123.991,127.193,3.202,96.0,analysis/frames/16068/16068_beat_0037.png
16068.mp4,38,127.194,132.365,5.171,155.0,analysis/frames/16068/16068_beat_0038.png
16068.mp4,39,132.366,133.032,0.666,20.0,analysis/frames/16068/16068_beat_0039.png
16068.mp4,40,133.033,136.502,3.469,104.0,analysis/frames/16068/16068_beat_0040.png
16068.mp4,41,136.503,141.54,5.037,151.0,analysis/frames/16068/16068_beat_0041.png
16068.mp4,42,141.541,143.042,1.5,45.0,analysis/frames/16068/16068_beat_0042.png
16068.mp4,43,143.043,145.111,2.068,62.0,analysis/frames/16068/16068_beat_0043.png
16068.mp4,44,145.112,148.414,3.302,99.0,analysis/frames/16068/16068_beat_0044.png
16068.mp4,45,148.415,153.252,4.837,145.0,analysis/frames/16068/16068_beat_0045.png
16068.mp4,46,153.253,154.587,1.334,40.0,analysis/frames/16068/16068_beat_0046.png
16068.mp4,47,154.588,160.493,5.905,177.0,analysis/frames/16068/16068_beat_0047.png
16068.mp4,48,160.494,164.964,4.47,134.0,analysis/frames/16068/16068_beat_0048.png
16068.mp4,49,164.965,166.365,1.4,42.0,analysis/frames/16068/16068_beat_0049.png
16068.mp4,50,166.366,171.737,5.371,161.0,analysis/frames/16068/16068_beat_0050.png
16068.mp4,51,171.738,173.806,2.068,62.0,analysis/frames/16068/16068_beat_0051.png
16068.mp4,52,173.807,175.474,1.667,50.0,analysis/frames/16068/16068_beat_0052.png
16068.mp4,53,175.475,177.143,1.667,50.0,analysis/frames/16068/16068_beat_0053.png
16068.mp4,54,177.144,179.311,2.168,65.0,analysis/frames/16068/16068_beat_0054.png
16068.mp4,55,179.312,183.716,4.403,132.0,analysis/frames/16068/16068_beat_0055.png
16068.mp4,56,183.717,188.521,4.804,144.0,analysis/frames/16068/16068_beat_0056.png
16068.mp4,57,188.522,191.257,2.735,82.0,analysis/frames/16068/16068_beat_0057.png
16068.mp4,58,191.258,194.026,2.768,83.0,analysis/frames/16068/16068_beat_0058.png
16068.mp4,59,194.027,197.43,3.402,102.0,analysis/frames/16068/16068_beat_0059.png
16068.mp4,60,197.431,198.898,1.467,44.0,analysis/frames/16068/16068_beat_0060.png
16068.mp4,61,198.899,203.636,4.737,142.0,analysis/frames/16068/16068_beat_0061.png
16068.mp4,62,203.637,204.403,0.766,23.0,analysis/frames/16068/16068_beat_0062.png
16068.mp4,63,204.404,206.772,2.368,71.0,analysis/frames/16068/16068_beat_0063.png
16068.mp4,64,206.773,210.643,3.87,116.0,analysis/frames/16068/16068_beat_0064.png
16068.mp4,65,210.644,218.217,7.573,227.0,analysis/frames/16068/16068_beat_0065.png
16068.mp4,66,218.218,220.753,2.535,76.0,analysis/frames/16068/16068_beat_0066.png
16068.mp4,67,220.754,225.758,5.004,150.0,analysis/frames/16068/16068_beat_0067.png
16068.mp4,68,225.759,230.83,5.071,152.0,analysis/frames/16068/16068_beat_0068.png
16068.mp4,69,230.831,232.798,1.968,59.0,analysis/frames/16068/16068_beat_0069.png
16068.mp4,70,232.799,234.233,1.434,43.0,analysis/frames/16068/16068_beat_0070.png
16068.mp4,71,234.234,236.102,1.868,56.0,analysis/frames/16068/16068_beat_0071.png
16068.mp4,72,236.103,241.073,4.971,149.0,analysis/frames/16068/16068_beat_0072.png
16068.mp4,73,241.074,244.076,3.002,90.0,analysis/frames/16068/16068_beat_0073.png
16068.mp4,74,244.077,245.845,1.767,53.0,analysis/frames/16068/16068_beat_0074.png
16068.mp4,75,245.846,248.514,2.668,80.0,analysis/frames/16068/16068_beat_0075.png
16068.mp4,76,248.515,252.585,4.07,122.0,analysis/frames/16068/16068_beat_0076.png
16068.mp4,77,252.586,254.186,1.601,48.0,analysis/frames/16068/16068_beat_0077.png
16068.mp4,78,254.187,259.925,5.738,172.0,analysis/frames/16068/16068_beat_0078.png
16068.mp4,79,259.926,261.06,1.133,34.0,analysis/frames/16068/16068_beat_0079.png
16068.mp4,80,261.061,264.497,3.436,103.0,analysis/frames/16068/16068_beat_0080.png
16068.mp4,81,264.498,269.201,4.704,141.0,analysis/frames/16068/16068_beat_0081.png
16068.mp4,82,269.202,271.604,2.401,72.0,analysis/frames/16068/16068_beat_0082.png
16068.mp4,83,271.605,275.541,3.936,118.0,analysis/frames/16068/16068_beat_0083.png
16068.mp4,84,275.542,276.442,0.9,27.0,analysis/frames/16068/16068_beat_0084.png
16068.mp4,85,276.443,279.178,2.735,82.0,analysis/frames/16068/16068_beat_0085.png
16068.mp4,86,279.179,283.783,4.604,138.0,analysis/frames/16068/16068_beat_0086.png
16068.mp4,87,283.784,288.821,5.037,151.0,analysis/frames/16068/16068_beat_0087.png
16068.mp4,88,288.822,292.458,3.636,109.0,analysis/frames/16068/16068_beat_0088.png
16068.mp4,89,292.459,293.425,0.967,29.0,analysis/frames/16068/16068_beat_0089.png
16068.mp4,90,293.426,294.76,1.334,40.0,analysis/frames/16068/16068_beat_0090.png
16068.mp4,91,294.761,296.829,2.068,62.0,analysis/frames/16068/16068_beat_0091.png
16068.mp4,92,296.83,298.964,2.134,64.0,analysis/frames/16068/16068_beat_0092.png
16068.mp4,93,298.965,301.4,2.435,73.0,analysis/frames/16068/16068_beat_0093.png
16068.mp4,94,301.401,303.135,1.734,52.0,analysis/frames/16068/16068_beat_0094.png
16068.mp4,95,303.136,304.203,1.067,32.0,analysis/frames/16068/16068_beat_0095.png
16068.mp4,96,304.204,310.81,6.606,198.0,analysis/frames/16068/16068_beat_0096.png
16068.mp4,97,310.81,313.212,2.401,72.0,analysis/frames/16068/16068_beat_0097.png
16068.mp4,98,313.213,314.847,1.634,49.0,analysis/frames/16068/16068_beat_0098.png
16068.mp4,99,314.848,318.017,3.169,95.0,analysis/frames/16068/16068_beat_0099.png
16068.mp4,100,318.018,318.851,0.833,25.0,analysis/frames/16068/16068_beat_0100.png
16068.mp4,101,318.852,319.652,0.8,24.0,analysis/frames/16068/16068_beat_0101.png
16068.mp4,102,319.653,321.253,1.601,48.0,analysis/frames/16068/16068_beat_0102.png
16068.mp4,103,321.254,323.789,2.535,76.0,analysis/frames/16068/16068_beat_0103.png
16068.mp4,104,323.79,325.224,1.434,43.0,analysis/frames/16068/16068_beat_0104.png
16068.mp4,105,325.225,329.628,4.403,132.0,analysis/frames/16068/16068_beat_0105.png
16068.mp4,106,329.629,334.633,5.004,150.0,analysis/frames/16068/16068_beat_0106.png
16068.mp4,107,334.634,339.939,5.304,159.0,analysis/frames/16068/16068_beat_0107.png
16068.mp4,108,339.94,340.84,0.9,27.0,analysis/frames/16068/16068_beat_0108.png
16068.mp4,109,340.841,342.975,2.134,64.0,analysis/frames/16068/16068_beat_0109.png
16068.mp4,110,342.976,348.314,5.338,160.0,analysis/frames/16068/16068_beat_0110.png
16068.mp4,111,348.315,350.216,1.901,57.0,analysis/frames/16068/16068_beat_0111.png
16068.mp4,112,350.217,353.652,3.436,103.0,analysis/frames/16068/16068_beat_0112.png
16068.mp4,113,353.653,355.855,2.201,66.0,analysis/frames/16068/16068_beat_0113.png
16068.mp4,114,355.856,358.39,2.535,76.0,analysis/frames/16068/16068_beat_0114.png
16068.mp4,115,358.391,363.062,4.67,140.0,analysis/frames/16068/16068_beat_0115.png
16068.mp4,116,363.063,364.797,1.734,52.0,analysis/frames/16068/16068_beat_0116.png
16068.mp4,117,364.798,371.871,7.073,212.0,analysis/frames/16068/16068_beat_0117.png
16068.mp4,118,371.872,375.241,3.369,101.0,analysis/frames/16068/16068_beat_0118.png
16068.mp4,119,375.242,378.01,2.768,83.0,analysis/frames/16068/16068_beat_0119.png
16068.mp4,120,378.011,379.778,1.767,53.0,analysis/frames/16068/16068_beat_0120.png
16068.mp4,121,379.779,382.214,2.435,73.0,analysis/frames/16068/16068_beat_0121.png
16068.mp4,122,382.215,388.988,6.772,203.0,analysis/frames/16068/16068_beat_0122.png
16068.mp4,123,388.989,391.09,2.101,63.0,analysis/frames/16068/16068_beat_0123.png
16068.mp4,124,391.091,396.195,5.104,153.0,analysis/frames/16068/16068_beat_0124.png
16068.mp4,125,396.196,399.131,2.935,88.0,analysis/frames/16068/16068_beat_0125.png
16068.mp4,126,399.132,402.735,3.603,108.0,analysis/frames/16068/16068_beat_0126.png
16068.mp4,127,402.736,406.171,3.436,103.0,analysis/frames/16068/16068_beat_0127.png
16068.mp4,128,406.172,412.077,5.905,177.0,analysis/frames/16068/16068_beat_0128.png
16068.mp4,129,412.078,413.312,1.234,37.0,analysis/frames/16068/16068_beat_0129.png
16068.mp4,130,413.313,414.046,0.733,22.0,analysis/frames/16068/16068_beat_0130.png
16068.mp4,131,414.047,417.316,3.269,98.0,analysis/frames/16068/16068_beat_0131.png
16068.mp4,132,417.317,419.518,2.201,66.0,analysis/frames/16068/16068_beat_0132.png
16068.mp4,133,419.519,424.29,4.77,143.0,analysis/frames/16068/16068_beat_0133.png
16068.mp4,134,424.291,426.292,2.001,60.0,analysis/frames/16068/16068_beat_0134.png
16068.mp4,135,426.293,428.794,2.502,75.0,analysis/frames/16068/16068_beat_0135.png
16068.mp4,136,428.795,430.162,1.367,41.0,analysis/frames/16068/16068_beat_0136.png
16068.mp4,137,430.163,431.897,1.734,52.0,analysis/frames/16068/16068_beat_0137.png
16068.mp4,138,431.898,435.534,3.636,109.0,analysis/frames/16068/16068_beat_0138.png
16068.mp4,139,435.535,439.238,3.703,111.0,analysis/frames/16068/16068_beat_0139.png
16068.mp4,140,439.239,440.272,1.033,31.0,analysis/frames/16068/16068_beat_0140.png
16068.mp4,141,440.273,443.275,3.002,90.0,analysis/frames/16068/16068_beat_0141.png
16068.mp4,142,443.276,444.777,1.501,45.0,analysis/frames/16068/16068_beat_0142.png
16068.mp4,143,444.778,448.047,3.269,98.0,analysis/frames/16068/16068_beat_0143.png
16068.mp4,144,448.048,450.082,2.034,61.0,analysis/frames/16068/16068_beat_0144.png
16068.mp4,145,450.083,455.12,5.037,151.0,analysis/frames/16068/16068_beat_0145.png
16068.mp4,146,455.121,456.622,1.501,45.0,analysis/frames/16068/16068_beat_0146.png
16068.mp4,147,456.623,463.362,6.739,202.0,analysis/frames/16068/16068_beat_0147.png
16068.mp4,148,463.363,464.897,1.534,46.0,analysis/frames/16068/16068_beat_0148.png
16068.mp4,149,464.898,469.668,4.77,143.0,analysis/frames/16068/16068_beat_0149.png
16068.mp4,150,469.669,471.57,1.901,57.0,analysis/frames/16068/16068_beat_0150.png
16068.mp4,151,471.571,474.94,3.369,101.0,analysis/frames/16068/16068_beat_0151.png
16068.mp4,152,474.941,480.779,5.838,175.0,analysis/frames/16068/16068_beat_0152.png
16068.mp4,153,480.78,482.114,1.334,40.0,analysis/frames/16068/16068_beat_0153.png
16068.mp4,154,482.115,490.689,8.574,257.0,analysis/frames/16068/16068_beat_0154.png
16068.mp4,155,490.69,491.457,0.766,23.0,analysis/frames/16068/16068_beat_0155.png
16068.mp4,156,491.458,493.058,1.601,48.0,analysis/frames/16068/16068_beat_0156.png
16068.mp4,157,493.059,498.831,5.771,173.0,analysis/frames/16068/16068_beat_0157.png
16068.mp4,158,498.832,503.068,4.237,127.0,analysis/frames/16068/16068_beat_0158.png
16068.mp4,159,503.069,505.004,1.934,58.0,analysis/frames/16068/16068_beat_0159.png
16068.mp4,160,505.005,509.375,4.37,131.0,analysis/frames/16068/16068_beat_0160.png
16068.mp4,161,509.376,511.276,1.901,57.0,analysis/frames/16068/16068_beat_0161.png
16068.mp4,162,511.277,513.679,2.401,72.0,analysis/frames/16068/16068_beat_0162.png
16068.mp4,163,513.68,515.28,1.601,48.0,analysis/frames/16068/16068_beat_0163.png
16068.mp4,164,515.281,517.082,1.801,54.0,analysis/frames/16068/16068_beat_0164.png
16068.mp4,165,517.083,519.351,2.268,68.0,analysis/frames/16068/16068_beat_0165.png
16068.mp4,166,519.352,524.023,4.67,140.0,analysis/frames/16068/16068_beat_0166.png
16068.mp4,167,524.024,526.625,2.602,78.0,analysis/frames/16068/16068_beat_0167.png
16068.mp4,168,526.626,530.262,3.636,109.0,analysis/frames/16068/16068_beat_0168.png
16068.mp4,169,530.263,532.064,1.801,54.0,analysis/frames/16068/16068_beat_0169.png
16068.mp4,170,532.065,536.101,4.036,121.0,analysis/frames/16068/16068_beat_0170.png
16068.mp4,171,536.102,541.807,5.705,171.0,analysis/frames/16068/16068_beat_0171.png
16068.mp4,172,541.808,545.844,4.036,121.0,analysis/frames/16068/16068_beat_0172.png
16068.mp4,173,545.845,548.781,2.935,88.0,analysis/frames/16068/16068_beat_0173.png
16068.mp4,174,548.782,553.385,4.604,138.0,analysis/frames/16068/16068_beat_0174.png
16068.mp4,175,553.386,557.389,4.003,120.0,analysis/frames/16068/16068_beat_0175.png
16068.mp4,176,557.39,558.157,0.766,23.0,analysis/frames/16068/16068_beat_0176.png
16068.mp4,177,558.158,559.358,1.2,36.0,analysis/frames/16068/16068_beat_0177.png
16068.mp4,178,559.359,563.028,3.669,110.0,analysis/frames/16068/16068_beat_0178.png
16068.mp4,179,563.029,569.001,5.972,179.0,analysis/frames/16068/16068_beat_0179.png
16068.mp4,180,569.002,571.336,2.335,70.0,analysis/frames/16068/16068_beat_0180.png
16068.mp4,181,571.337,576.642,5.304,159.0,analysis/frames/16068/16068_beat_0181.png
16068.mp4,182,576.643,580.345,3.703,111.0,analysis/frames/16068/16068_beat_0182.png
16068.mp4,183,580.346,585.484,5.137,154.0,analysis/frames/16068/16068_beat_0183.png
16068.mp4,184,585.485,587.252,1.767,53.0,analysis/frames/16068/16068_beat_0184.png
16068.mp4,185,587.253,591.723,4.47,134.0,analysis/frames/16068/16068_beat_0185.png
16068.mp4,186,591.724,593.459,1.734,52.0,analysis/frames/16068/16068_beat_0186.png
16068.mp4,187,593.46,596.695,3.236,97.0,analysis/frames/16068/16068_beat_0187.png
16068.mp4,188,596.696,601.5,4.804,144.0,analysis/frames/16068/16068_beat_0188.png
16068.mp4,189,601.501,605.204,3.703,111.0,analysis/frames/16068/16068_beat_0189.png
16068.mp4,190,605.205,611.31,6.105,183.0,analysis/frames/16068/16068_beat_0190.png
16068.mp4,191,611.311,613.779,2.468,74.0,analysis/frames/16068/16068_beat_0191.png
16068.mp4,192,613.78,617.916,4.136,124.0,analysis/frames/16068/16068_beat_0192.png
16068.mp4,193,617.917,624.556,6.639,199.0,analysis/frames/16068/16068_beat_0193.png
16068.mp4,194,624.557,626.592,2.034,61.0,analysis/frames/16068/16068_beat_0194.png
16068.mp4,195,626.593,627.426,0.833,25.0,analysis/frames/16068/16068_beat_0195.png
16068.mp4,196,627.427,629.595,2.168,65.0,analysis/frames/16068/16068_beat_0196.png
16068.mp4,197,629.596,634.299,4.704,141.0,analysis/frames/16068/16068_beat_0197.png
16068.mp4,198,634.3,640.839,6.539,196.0,analysis/frames/16068/16068_beat_0198.png
16068.mp4,199,640.84,643.876,3.035,91.0,analysis/frames/16068/16068_beat_0199.png
16068.mp4,200,643.877,647.579,3.703,111.0,analysis/frames/16068/16068_beat_0200.png
16068.mp4,201,647.58,650.182,2.602,78.0,analysis/frames/16068/16068_beat_0201.png
16068.mp4,202,650.183,653.318,3.135,94.0,analysis/frames/16068/16068_beat_0202.png
16068.mp4,203,653.319,657.489,4.17,125.0,analysis/frames/16068/16068_beat_0203.png
16068.mp4,204,657.49,660.225,2.735,82.0,analysis/frames/16068/16068_beat_0204.png
16068.mp4,205,660.226,663.829,3.603,108.0,analysis/frames/16068/16068_beat_0205.png
16068.mp4,206,663.83,666.865,3.035,91.0,analysis/frames/16068/16068_beat_0206.png
16068.mp4,207,666.866,671.169,4.303,129.0,analysis/frames/16068/16068_beat_0207.png
16068.mp4,208,671.17,675.841,4.67,140.0,analysis/frames/16068/16068_beat_0208.png
16068.mp4,209,675.842,680.145,4.303,129.0,analysis/frames/16068/16068_beat_0209.png
16068.mp4,210,680.146,683.248,3.102,93.0,analysis/frames/16068/16068_beat_0210.png
16068.mp4,211,683.249,686.552,3.302,99.0,analysis/frames/16068/16068_beat_0211.png
16068.mp4,212,686.553,690.989,4.437,133.0,analysis/frames/16068/16068_beat_0212.png
16068.mp4,213,690.99,697.462,6.472,194.0,analysis/frames/16068/16068_beat_0213.png
16068.mp4,214,697.463,707.54,10.077,302.0,analysis/frames/16068/16068_beat_0214.png
16072.mp4,0,0.0,1.834,1.834,55.0,analysis/frames/16072/16072_beat_0000.png
16072.mp4,1,1.835,3.035,1.2,36.0,analysis/frames/16072/16072_beat_0001.png
16072.mp4,2,3.036,8.508,5.471,164.0,analysis/frames/16072/16072_beat_0002.png
16072.mp4,3,8.508,13.279,4.77,143.0,analysis/frames/16072/16072_beat_0003.png
16072.mp4,4,13.28,16.515,3.236,97.0,analysis/frames/16072/16072_beat_0004.png
16072.mp4,5,16.517,20.119,3.603,108.0,analysis/frames/16072/16072_beat_0005.png
16072.mp4,6,20.12,23.289,3.169,95.0,analysis/frames/16072/16072_beat_0006.png
16072.mp4,7,23.29,28.094,4.804,144.0,analysis/frames/16072/16072_beat_0007.png
16072.mp4,8,28.095,29.395,1.3,39.0,analysis/frames/16072/16072_beat_0008.png
16072.mp4,9,29.396,31.464,2.068,62.0,analysis/frames/16072/16072_beat_0009.png
16072.mp4,10,31.465,33.165,1.701,51.0,analysis/frames/16072/16072_beat_0010.png
16072.mp4,11,33.166,35.968,2.802,84.0,analysis/frames/16072/16072_beat_0011.png
16072.mp4,12,35.969,39.772,3.803,114.0,analysis/frames/16072/16072_beat_0012.png
16072.mp4,13,39.773,45.811,6.038,181.0,analysis/frames/16072/16072_beat_0013.png
16072.mp4,14,45.812,48.581,2.768,83.0,analysis/frames/16072/16072_beat_0014.png
16072.mp4,15,48.582,50.316,1.734,52.0,analysis/frames/16072/16072_beat_0015.png
16072.mp4,16,50.317,56.155,5.838,175.0,analysis/frames/16072/16072_beat_0016.png
16072.mp4,17,56.156,58.691,2.535,76.0,analysis/frames/16072/16072_beat_0017.png
16072.mp4,18,58.692,60.326,1.634,49.0,analysis/frames/16072/16072_beat_0018.png
16072.mp4,19,60.327,62.028,1.701,51.0,analysis/frames/16072/16072_beat_0019.png
16072.mp4,20,62.029,67.099,5.071,152.0,analysis/frames/16072/16072_beat_0020.png
16072.mp4,21,67.1,70.202,3.102,93.0,analysis/frames/16072/16072_beat_0021.png
16072.mp4,22,70.203,72.271,2.068,62.0,analysis/frames/16072/16072_beat_0022.png
16072.mp4,23,72.272,74.073,1.801,54.0,analysis/frames/16072/16072_beat_0023.png
16072.mp4,24,74.074,76.809,2.735,82.0,analysis/frames/16072/16072_beat_0024.png
16072.mp4,25,76.81,77.576,0.766,23.0,analysis/frames/16072/16072_beat_0025.png
16072.mp4,26,77.578,78.978,1.4,42.0,analysis/frames/16072/16072_beat_0026.png
16072.mp4,27,78.979,83.382,4.403,132.0,analysis/frames/16072/16072_beat_0027.png
16072.mp4,28,83.383,86.218,2.835,85.0,analysis/frames/16072/16072_beat_0028.png
16072.mp4,29,86.219,92.992,6.772,203.0,analysis/frames/16072/16072_beat_0029.png
16072.mp4,30,92.993,97.33,4.337,130.0,analysis/frames/16072/16072_beat_0030.png
16072.mp4,31,97.331,99.565,2.235,67.0,analysis/frames/16072/16072_beat_0031.png
16072.mp4,32,99.566,100.8,1.234,37.0,analysis/frames/16072/16072_beat_0032.png
16072.mp4,33,100.801,105.605,4.804,144.0,analysis/frames/16072/16072_beat_0033.png
16072.mp4,34,105.606,111.077,5.471,164.0,analysis/frames/16072/16072_beat_0034.png
16072.mp4,35,111.078,112.812,1.734,52.0,analysis/frames/16072/16072_beat_0035.png
16072.mp4,36,112.813,116.015,3.202,96.0,analysis/frames/16072/16072_beat_0036.png
16072.mp4,37,116.016,119.251,3.236,97.0,analysis/frames/16072/16072_beat_0037.png
16072.mp4,38,119.252,122.955,3.703,111.0,analysis/frames/16072/16072_beat_0038.png
16072.mp4,39,122.956,127.626,4.67,140.0,analysis/frames/16072/16072_beat_0039.png
16072.mp4,40,127.627,129.829,2.201,66.0,analysis/frames/16072/16072_beat_0040.png
16072.mp4,41,129.83,131.697,1.868,56.0,analysis/frames/16072/16072_beat_0041.png
16072.mp4,42,131.698,135.167,3.469,104.0,analysis/frames/16072/16072_beat_0042.png
16072.mp4,43,135.168,137.069,1.901,57.0,analysis/frames/16072/16072_beat_0043.png
16072.mp4,44,137.07,140.172,3.102,93.0,analysis/frames/16072/16072_beat_0044.png
16072.mp4,45,140.173,143.409,3.236,97.0,analysis/frames/16072/16072_beat_0045.png
16072.mp4,46,143.41,144.11,0.7,21.0,analysis/frames/16072/16072_beat_0046.png
16072.mp4,47,144.111,145.378,1.267,38.0,analysis/frames/16072/16072_beat_0047.png
16072.mp4,48,145.379,149.715,4.337,130.0,analysis/frames/16072/16072_beat_0048.png
16072.mp4,49,149.716,154.954,5.238,157.0,analysis/frames/16072/16072_beat_0049.png
16072.mp4,50,154.955,156.822,1.868,56.0,analysis/frames/16072/16072_beat_0050.png
16072.mp4,51,156.823,158.424,1.601,48.0,analysis/frames/16072/16072_beat_0051.png
16072.mp4,52,158.425,160.092,1.667,50.0,analysis/frames/16072/16072_beat_0052.png
16072.mp4,53,160.093,163.796,3.703,111.0,analysis/frames/16072/16072_beat_0053.png
16072.mp4,54,163.797,167.199,3.402,102.0,analysis/frames/16072/16072_beat_0054.png
16072.mp4,55,167.2,173.005,5.805,174.0,analysis/frames/16072/16072_beat_0055.png
16072.mp4,56,173.006,176.409,3.402,102.0,analysis/frames/16072/16072_beat_0056.png
16072.mp4,57,176.41,179.545,3.135,94.0,analysis/frames/16072/16072_beat_0057.png
16072.mp4,58,179.546,183.816,4.27,128.0,analysis/frames/16072/16072_beat_0058.png
16072.mp4,59,183.817,191.724,7.907,237.0,analysis/frames/16072/16072_beat_0059.png
16072.mp4,60,191.725,192.858,1.133,34.0,analysis/frames/16072/16072_beat_0060.png
16072.mp4,61,192.859,194.794,1.934,58.0,analysis/frames/16072/16072_beat_0061.png
16072.mp4,62,194.795,197.463,2.668,80.0,analysis/frames/16072/16072_beat_0062.png
16072.mp4,63,197.464,199.899,2.435,73.0,analysis/frames/16072/16072_beat_0063.png
16072.mp4,64,199.9,203.135,3.236,97.0,analysis/frames/16072/16072_beat_0064.png
16072.mp4,65,203.136,203.869,0.733,22.0,analysis/frames/16072/16072_beat_0065.png
16072.mp4,66,203.87,205.371,1.501,45.0,analysis/frames/16072/16072_beat_0066.png
16072.mp4,67,205.372,207.606,2.235,67.0,analysis/frames/16072/16072_beat_0067.png
16072.mp4,68,207.607,209.608,2.001,60.0,analysis/frames/16072/16072_beat_0068.png
16072.mp4,69,209.609,211.71,2.101,63.0,analysis/frames/16072/16072_beat_0069.png
16072.mp4,70,211.712,218.818,7.106,213.0,analysis/frames/16072/16072_beat_0070.png
16072.mp4,71,218.819,222.388,3.569,107.0,analysis/frames/16072/16072_beat_0071.png
16072.mp4,72,222.389,226.358,3.97,119.0,analysis/frames/16072/16072_beat_0072.png
16072.mp4,73,226.359,228.527,2.168,65.0,analysis/frames/16072/16072_beat_0073.png
16072.mp4,74,228.528,230.296,1.767,53.0,analysis/frames/16072/16072_beat_0074.png
16072.mp4,75,230.297,235.234,4.937,148.0,analysis/frames/16072/16072_beat_0075.png
16072.mp4,76,235.235,239.605,4.37,131.0,analysis/frames/16072/16072_beat_0076.png
16072.mp4,77,239.606,244.276,4.67,140.0,analysis/frames/16072/16072_beat_0077.png
16072.mp4,78,244.277,251.05,6.772,203.0,analysis/frames/16072/16072_beat_0078.png
16072.mp4,79,251.051,252.785,1.734,52.0,analysis/frames/16072/16072_beat_0079.png
16072.mp4,80,252.786,256.789,4.003,120.0,analysis/frames/16072/16072_beat_0080.png
16072.mp4,81,256.79,260.359,3.569,107.0,analysis/frames/16072/16072_beat_0081.png
16072.mp4,82,260.36,262.094,1.734,52.0,analysis/frames/16072/16072_beat_0082.png
16072.mp4,83,262.095,268.467,6.372,191.0,analysis/frames/16072/16072_beat_0083.png
16072.mp4,84,268.468,271.27,2.802,84.0,analysis/frames/16072/16072_beat_0084.png
16072.mp4,85,271.271,275.875,4.604,138.0,analysis/frames/16072/16072_beat_0085.png
16072.mp4,86,275.876,276.742,0.867,26.0,analysis/frames/16072/16072_beat_0086.png
16072.mp4,87,276.743,278.01,1.267,38.0,analysis/frames/16072/16072_beat_0087.png
16072.mp4,88,278.011,282.648,4.637,139.0,analysis/frames/16072/16072_beat_0088.png
16072.mp4,89,282.649,287.253,4.604,138.0,analysis/frames/16072/16072_beat_0089.png
16072.mp4,90,287.254,290.99,3.736,112.0,analysis/frames/16072/16072_beat_0090.png
16072.mp4,91,290.991,295.861,4.871,146.0,analysis/frames/16072/16072_beat_0091.png
16072.mp4,92,295.862,303.102,7.24,217.0,analysis/frames/16072/16072_beat_0092.png
16072.mp4,93,303.103,306.038,2.935,88.0,analysis/frames/16072/16072_beat_0093.png
16072.mp4,94,306.039,313.078,7.039,211.0,analysis/frames/16072/16072_beat_0094.png
16072.mp4,95,313.079,317.616,4.537,136.0,analysis/frames/16072/16072_beat_0095.png
16072.mp4,96,317.617,323.189,5.571,167.0,analysis/frames/16072/16072_beat_0096.png
16072.mp4,97,323.19,324.223,1.033,31.0,analysis/frames/16072/16072_beat_0097.png
16072.mp4,98,324.224,329.628,5.404,162.0,analysis/frames/16072/16072_beat_0098.png
16072.mp4,99,329.629,334.533,4.904,147.0,analysis/frames/16072/16072_beat_0099.png
16072.mp4,100,334.534,339.572,5.037,151.0,analysis/frames/16072/16072_beat_0100.png
16072.mp4,101,339.573,342.908,3.336,100.0,analysis/frames/16072/16072_beat_0101.png
16072.mp4,102,342.909,347.847,4.937,148.0,analysis/frames/16072/16072_beat_0102.png
16072.mp4,103,347.848,348.647,0.8,24.0,analysis/frames/16072/16072_beat_0103.png
16072.mp4,104,348.648,349.949,1.3,39.0,analysis/frames/16072/16072_beat_0104.png
16072.mp4,105,349.95,352.651,2.702,81.0,analysis/frames/16072/16072_beat_0105.png
16072.mp4,106,352.652,356.722,4.07,122.0,analysis/frames/16072/16072_beat_0106.png
16072.mp4,107,356.723,358.257,1.534,46.0,analysis/frames/16072/16072_beat_0107.png
16072.mp4,108,358.258,361.193,2.935,88.0,analysis/frames/16072/16072_beat_0108.png
16072.mp4,109,361.194,363.095,1.901,57.0,analysis/frames/16072/16072_beat_0109.png
16072.mp4,110,363.096,368.167,5.071,152.0,analysis/frames/16072/16072_beat_0110.png
16072.mp4,111,368.168,375.641,7.473,224.0,analysis/frames/16072/16072_beat_0111.png
16072.mp4,112,375.642,379.678,4.036,121.0,analysis/frames/16072/16072_beat_0112.png
16072.mp4,113,379.679,384.617,4.937,148.0,analysis/frames/16072/16072_beat_0113.png
16072.mp4,114,384.618,385.651,1.033,31.0,analysis/frames/16072/16072_beat_0114.png
16072.mp4,115,385.652,389.788,4.136,124.0,analysis/frames/16072/16072_beat_0115.png
16072.mp4,116,389.789,392.157,2.368,71.0,analysis/frames/16072/16072_beat_0116.png
16072.mp4,117,392.158,396.462,4.303,129.0,analysis/frames/16072/16072_beat_0117.png
16072.mp4,118,396.463,400.933,4.47,134.0,analysis/frames/16072/16072_beat_0118.png
16072.mp4,119,400.934,407.172,6.239,187.0,analysis/frames/16072/16072_beat_0119.png
16072.mp4,120,407.173,409.508,2.335,70.0,analysis/frames/16072/16072_beat_0120.png
16072.mp4,121,409.509,414.346,4.837,145.0,analysis/frames/16072/16072_beat_0121.png
16072.mp4,122,414.347,416.315,1.968,59.0,analysis/frames/16072/16072_beat_0122.png
16072.mp4,123,416.316,421.353,5.037,151.0,analysis/frames/16072/16072_beat_0123.png
16072.mp4,124,421.354,422.087,0.733,22.0,analysis/frames/16072/16072_beat_0124.png
16072.mp4,125,422.088,423.622,1.534,46.0,analysis/frames/16072/16072_beat_0125.png
16072.mp4,126,423.623,428.894,5.271,158.0,analysis/frames/16072/16072_beat_0126.png
16072.mp4,127,428.895,432.431,3.536,106.0,analysis/frames/16072/16072_beat_0127.png
16072.mp4,128,432.432,435.167,2.735,82.0,analysis/frames/16072/16072_beat_0128.png
16072.mp4,129,435.168,438.938,3.769,113.0,analysis/frames/16072/16072_beat_0129.png
16072.mp4,130,438.938,444.076,5.137,154.0,analysis/frames/16072/16072_beat_0130.png
16072.mp4,131,444.077,445.744,1.667,50.0,analysis/frames/16072/16072_beat_0131.png
16072.mp4,132,445.745,446.946,1.2,36.0,analysis/frames/16072/16072_beat_0132.png
16072.mp4,133,446.947,448.981,2.034,61.0,analysis/frames/16072/16072_beat_0133.png
16072.mp4,134,448.982,452.117,3.135,94.0,analysis/frames/16072/16072_beat_0134.png
16072.mp4,135,452.118,456.221,4.103,123.0,analysis/frames/16072/16072_beat_0135.png
16072.mp4,136,456.222,458.958,2.735,82.0,analysis/frames/16072/16072_beat_0136.png
16072.mp4,137,458.959,461.66,2.702,81.0,analysis/frames/16072/16072_beat_0137.png
16072.mp4,138,461.661,464.763,3.102,93.0,analysis/frames/16072/16072_beat_0138.png
16072.mp4,139,464.764,469.401,4.637,139.0,analysis/frames/16072/16072_beat_0139.png
16072.mp4,140,469.402,470.97,1.567,47.0,analysis/frames/16072/16072_beat_0140.png
16072.mp4,141,470.971,473.939,2.969,89.0,analysis/frames/16072/16072_beat_0141.png
16072.mp4,142,473.94,476.875,2.935,88.0,analysis/frames/16072/16072_beat_0142.png
16072.mp4,143,476.876,478.51,1.634,49.0,analysis/frames/16072/16072_beat_0143.png
16072.mp4,144,478.511,483.282,4.77,143.0,analysis/frames/16072/16072_beat_0144.png
16072.mp4,145,483.283,484.049,0.766,23.0,analysis/frames/16072/16072_beat_0145.png
16072.mp4,146,484.05,485.351,1.3,39.0,analysis/frames/16072/16072_beat_0146.png
16072.mp4,147,485.352,487.953,2.602,78.0,analysis/frames/16072/16072_beat_0147.png
16072.mp4,148,487.954,490.489,2.535,76.0,analysis/frames/16072/16072_beat_0148.png
16072.mp4,149,490.49,492.424,1.934,58.0,analysis/frames/16072/16072_beat_0149.png
16072.mp4,150,492.425,496.428,4.003,120.0,analysis/frames/16072/16072_beat_0150.png
16072.mp4,151,496.429,499.898,3.469,104.0,analysis/frames/16072/16072_beat_0151.png
16072.mp4,152,499.899,505.804,5.905,177.0,analysis/frames/16072/16072_beat_0152.png
16072.mp4,153,505.805,510.542,4.737,142.0,analysis/frames/16072/16072_beat_0153.png
16072.mp4,154,510.543,513.412,2.869,86.0,analysis/frames/16072/16072_beat_0154.png
16072.mp4,155,513.413,515.347,1.934,58.0,analysis/frames/16072/16072_beat_0155.png
16072.mp4,156,515.348,518.083,2.735,82.0,analysis/frames/16072/16072_beat_0156.png
16072.mp4,157,518.084,522.02,3.936,118.0,analysis/frames/16072/16072_beat_0157.png
16072.mp4,158,522.021,523.689,1.667,50.0,analysis/frames/16072/16072_beat_0158.png
16072.mp4,159,523.69,528.327,4.637,139.0,analysis/frames/16072/16072_beat_0159.png
16072.mp4,160,528.328,534.767,6.439,193.0,analysis/frames/16072/16072_beat_0160.png
16072.mp4,161,534.768,537.269,2.502,75.0,analysis/frames/16072/16072_beat_0161.png
16072.mp4,162,537.27,538.404,1.133,34.0,analysis/frames/16072/16072_beat_0162.png
16072.mp4,163,538.405,540.672,2.268,68.0,analysis/frames/16072/16072_beat_0163.png
16072.mp4,164,540.673,542.708,2.034,61.0,analysis/frames/16072/16072_beat_0164.png
16072.mp4,165,542.709,545.411,2.702,81.0,analysis/frames/16072/16072_beat_0165.png
16072.mp4,166,545.412,548.113,2.702,81.0,analysis/frames/16072/16072_beat_0166.png
16072.mp4,167,548.114,552.351,4.237,127.0,analysis/frames/16072/16072_beat_0167.png
16072.mp4,168,552.352,553.152,0.8,24.0,analysis/frames/16072/16072_beat_0168.png
16072.mp4,169,553.153,554.686,1.534,46.0,analysis/frames/16072/16072_beat_0169.png
16072.mp4,170,554.687,558.724,4.036,121.0,analysis/frames/16072/16072_beat_0170.png
16072.mp4,171,558.725,561.693,2.969,89.0,analysis/frames/16072/16072_beat_0171.png
16072.mp4,172,561.694,564.93,3.236,97.0,analysis/frames/16072/16072_beat_0172.png
16072.mp4,173,564.931,569.601,4.67,140.0,analysis/frames/16072/16072_beat_0173.png
16072.mp4,174,569.602,571.904,2.301,69.0,analysis/frames/16072/16072_beat_0174.png
16072.mp4,175,571.905,573.305,1.4,42.0,analysis/frames/16072/16072_beat_0175.png
16072.mp4,176,573.306,575.941,2.635,79.0,analysis/frames/16072/16072_beat_0176.png
16072.mp4,177,575.942,580.779,4.837,145.0,analysis/frames/16072/16072_beat_0177.png
16072.mp4,178,580.78,585.284,4.504,135.0,analysis/frames/16072/16072_beat_0178.png
16072.mp4,179,585.285,592.424,7.139,214.0,analysis/frames/16072/16072_beat_0179.png
16072.mp4,180,592.425,597.096,4.67,140.0,analysis/frames/16072/16072_beat_0180.png
16072.mp4,181,597.096,602.267,5.171,155.0,analysis/frames/16072/16072_beat_0181.png
16072.mp4,182,602.268,607.506,5.238,157.0,analysis/frames/16072/16072_beat_0182.png
16072.mp4,183,607.507,609.608,2.101,63.0,analysis/frames/16072/16072_beat_0183.png
16072.mp4,184,609.609,614.113,4.504,135.0,analysis/frames/16072/16072_beat_0184.png
16072.mp4,185,614.114,617.282,3.169,95.0,analysis/frames/16072/16072_beat_0185.png
16072.mp4,186,617.283,618.684,1.4,42.0,analysis/frames/16072/16072_beat_0186.png
16072.mp4,187,618.685,619.418,0.733,22.0,analysis/frames/16072/16072_beat_0187.png
16072.mp4,188,619.419,621.153,1.734,52.0,analysis/frames/16072/16072_beat_0188.png
16072.mp4,189,621.154,624.857,3.703,111.0,analysis/frames/16072/16072_beat_0189.png
16072.mp4,190,624.858,626.992,2.134,64.0,analysis/frames/16072/16072_beat_0190.png
16072.mp4,191,626.993,631.13,4.136,124.0,analysis/frames/16072/16072_beat_0191.png
16072.mp4,192,631.13,634.766,3.636,109.0,analysis/frames/16072/16072_beat_0192.png
16072.mp4,193,634.767,636.969,2.201,66.0,analysis/frames/16072/16072_beat_0193.png
16072.mp4,194,636.97,639.605,2.635,79.0,analysis/frames/16072/16072_beat_0194.png
16072.mp4,195,639.606,642.14,2.535,76.0,analysis/frames/16072/16072_beat_0195.png
16072.mp4,196,642.141,646.378,4.237,127.0,analysis/frames/16072/16072_beat_0196.png
16072.mp4,197,646.379,651.583,5.204,156.0,analysis/frames/16072/16072_beat_0197.png
16072.mp4,198,651.584,653.352,1.767,53.0,analysis/frames/16072/16072_beat_0198.png
16072.mp4,199,653.353,655.621,2.268,68.0,analysis/frames/16072/16072_beat_0199.png
16072.mp4,200,655.622,657.956,2.335,70.0,analysis/frames/16072/16072_beat_0200.png
16072.mp4,201,657.957,660.692,2.735,82.0,analysis/frames/16072/16072_beat_0201.png
16072.mp4,202,660.693,662.794,2.101,63.0,analysis/frames/16072/16072_beat_0202.png
16072.mp4,203,662.795,665.898,3.102,93.0,analysis/frames/16072/16072_beat_0203.png
16072.mp4,204,665.899,670.235,4.337,130.0,analysis/frames/16072/16072_beat_0204.png
16072.mp4,205,670.236,673.005,2.768,83.0,analysis/frames/16072/16072_beat_0205.png
16072.mp4,206,673.006,675.44,2.435,73.0,analysis/frames/16072/16072_beat_0206.png
16072.mp4,207,675.441,678.31,2.869,86.0,analysis/frames/16072/16072_beat_0207.png
16072.mp4,208,678.311,681.046,2.735,82.0,analysis/frames/16072/16072_beat_0208.png
16072.mp4,209,681.047,683.415,2.368,71.0,analysis/frames/16072/16072_beat_0209.png
16072.mp4,210,683.416,688.02,4.604,138.0,analysis/frames/16072/16072_beat_0210.png
16072.mp4,211,688.021,690.122,2.101,63.0,analysis/frames/16072/16072_beat_0211.png
16072.mp4,212,690.123,692.457,2.335,70.0,analysis/frames/16072/16072_beat_0212.png
16072.mp4,213,692.458,699.298,6.839,205.0,analysis/frames/16072/16072_beat_0213.png
16072.mp4,214,699.299,703.735,4.437,133.0,analysis/frames/16072/16072_beat_0214.png
16072.mp4,215,703.736,705.671,1.934,58.0,analysis/frames/16072/16072_beat_0215.png
16072.mp4,216,705.672,709.174,3.502,105.0,analysis/frames/16072/16072_beat_0216.png
16072.mp4,217,709.175,712.144,2.969,89.0,analysis/frames/16072/16072_beat_0217.png
16072.mp4,218,712.145,714.613,2.468,74.0,analysis/frames/16072/16072_beat_0218.png
16072.mp4,219,714.614,724.67,10.056,301.4,analysis/frames/16072/16072_beat_0219.png
16076.mp4,0,0.0,1.901,1.901,57.0,analysis/frames/16076/16076_beat_0000.png
16076.mp4,1,1.902,3.803,1.901,57.0,analysis/frames/16076/16076_beat_0001.png
16076.mp4,2,3.804,6.672,2.869,86.0,analysis/frames/16076/16076_beat_0002.png
16076.mp4,3,6.673,9.075,2.401,72.0,analysis/frames/16076/16076_beat_0003.png
16076.mp4,4,9.076,12.178,3.102,93.0,analysis/frames/16076/16076_beat_0004.png
16076.mp4,5,12.179,15.848,3.669,110.0,analysis/frames/16076/16076_beat_0005.png
16076.mp4,6,15.849,20.219,4.37,131.0,analysis/frames/16076/16076_beat_0006.png
16076.mp4,7,20.22,22.255,2.034,61.0,analysis/frames/16076/16076_beat_0007.png
16076.mp4,8,22.256,29.128,6.873,206.0,analysis/frames/16076/16076_beat_0008.png
16076.mp4,9,29.129,32.164,3.035,91.0,analysis/frames/16076/16076_beat_0009.png
16076.mp4,10,32.165,34.534,2.368,71.0,analysis/frames/16076/16076_beat_0010.png
16076.mp4,11,34.535,37.136,2.602,78.0,analysis/frames/16076/16076_beat_0011.png
16076.mp4,12,37.137,40.806,3.669,110.0,analysis/frames/16076/16076_beat_0012.png
16076.mp4,13,40.807,43.276,2.468,74.0,analysis/frames/16076/16076_beat_0013.png
16076.mp4,14,43.277,47.013,3.736,112.0,analysis/frames/16076/16076_beat_0014.png
16076.mp4,15,47.014,49.015,2.001,60.0,analysis/frames/16076/16076_beat_0015.png
16076.mp4,16,49.016,52.485,3.469,104.0,analysis/frames/16076/16076_beat_0016.png
16076.mp4,17,52.486,53.252,0.766,23.0,analysis/frames/16076/16076_beat_0017.png
16076.mp4,18,53.253,56.088,2.835,85.0,analysis/frames/16076/16076_beat_0018.png
16076.mp4,19,56.089,58.324,2.235,67.0,analysis/frames/16076/16076_beat_0019.png
16076.mp4,20,58.325,61.227,2.902,87.0,analysis/frames/16076/16076_beat_0020.png
16076.mp4,21,61.228,62.962,1.734,52.0,analysis/frames/16076/16076_beat_0021.png
16076.mp4,22,62.963,66.732,3.769,113.0,analysis/frames/16076/16076_beat_0022.png
16076.mp4,23,66.733,68.634,1.901,57.0,analysis/frames/16076/16076_beat_0023.png
16076.mp4,24,68.635,70.636,2.001,60.0,analysis/frames/16076/16076_beat_0024.png
16076.mp4,25,70.637,72.238,1.601,48.0,analysis/frames/16076/16076_beat_0025.png
16076.mp4,26,72.239,73.639,1.4,42.0,analysis/frames/16076/16076_beat_0026.png
16076.mp4,27,73.64,76.709,3.069,92.0,analysis/frames/16076/16076_beat_0027.png
16076.mp4,28,76.71,79.946,3.236,97.0,analysis/frames/16076/16076_beat_0028.png
16076.mp4,29,79.947,83.916,3.97,119.0,analysis/frames/16076/16076_beat_0029.png
16076.mp4,30,83.917,86.886,2.969,89.0,analysis/frames/16076/16076_beat_0030.png
16076.mp4,31,86.887,88.287,1.4,42.0,analysis/frames/16076/16076_beat_0031.png
16076.mp4,32,88.288,90.523,2.235,67.0,analysis/frames/16076/16076_beat_0032.png
16076.mp4,33,90.524,95.861,5.338,160.0,analysis/frames/16076/16076_beat_0033.png
16076.mp4,34,95.862,98.597,2.735,82.0,analysis/frames/16076/16076_beat_0034.png
16076.mp4,35,98.599,100.533,1.934,58.0,analysis/frames/16076/16076_beat_0035.png
16076.mp4,36,100.534,102.435,1.901,57.0,analysis/frames/16076/16076_beat_0036.png
16076.mp4,37,102.436,106.105,3.669,110.0,analysis/frames/16076/16076_beat_0037.png
16076.mp4,38,106.106,108.341,2.235,67.0,analysis/frames/16076/16076_beat_0038.png
16076.mp4,39,108.342,109.141,0.8,24.0,analysis/frames/16076/16076_beat_0039.png
16076.mp4,40,109.142,111.077,1.934,58.0,analysis/frames/16076/16076_beat_0040.png
16076.mp4,41,111.078,113.646,2.568,77.0,analysis/frames/16076/16076_beat_0041.png
16076.mp4,42,113.647,115.648,2.001,60.0,analysis/frames/16076/16076_beat_0042.png
16076.mp4,43,115.649,117.75,2.101,63.0,analysis/frames/16076/16076_beat_0043.png
16076.mp4,44,117.751,118.651,0.9,27.0,analysis/frames/16076/16076_beat_0044.png
16076.mp4,45,118.652,123.456,4.804,144.0,analysis/frames/16076/16076_beat_0045.png
16076.mp4,46,123.457,128.861,5.404,162.0,analysis/frames/16076/16076_beat_0046.png
16076.mp4,47,128.862,132.031,3.169,95.0,analysis/frames/16076/16076_beat_0047.png
16076.mp4,48,132.032,133.499,1.467,44.0,analysis/frames/16076/16076_beat_0048.png
16076.mp4,49,133.5,136.402,2.902,87.0,analysis/frames/16076/16076_beat_0049.png
16076.mp4,50,136.403,138.371,1.968,59.0,analysis/frames/16076/16076_beat_0050.png
16076.mp4,51,138.372,141.04,2.668,80.0,analysis/frames/16076/16076_beat_0051.png
16076.mp4,52,141.041,144.477,3.436,103.0,analysis/frames/16076/16076_beat_0052.png
16076.mp4,53,144.478,146.645,2.168,65.0,analysis/frames/16076/16076_beat_0053.png
16076.mp4,54,146.647,148.18,1.534,46.0,analysis/frames/16076/16076_beat_0054.png
16076.mp4,55,148.181,150.983,2.802,84.0,analysis/frames/16076/16076_beat_0055.png
16076.mp4,56,150.984,152.585,1.601,48.0,analysis/frames/16076/16076_beat_0056.png
16076.mp4,57,152.586,155.421,2.835,85.0,analysis/frames/16076/16076_beat_0057.png
16076.mp4,58,155.422,156.622,1.2,36.0,analysis/frames/16076/16076_beat_0058.png
16076.mp4,59,156.623,159.458,2.835,85.0,analysis/frames/16076/16076_beat_0059.png
16076.mp4,60,159.459,160.192,0.733,22.0,analysis/frames/16076/16076_beat_0060.png
16076.mp4,61,160.193,162.094,1.901,57.0,analysis/frames/16076/16076_beat_0061.png
16076.mp4,62,162.095,167.033,4.937,148.0,analysis/frames/16076/16076_beat_0062.png
16076.mp4,63,167.034,170.87,3.836,115.0,analysis/frames/16076/16076_beat_0063.png
16076.mp4,64,170.871,171.937,1.067,32.0,analysis/frames/16076/16076_beat_0064.png
16076.mp4,65,171.938,175.174,3.236,97.0,analysis/frames/16076/16076_beat_0065.png
16076.mp4,66,175.175,177.41,2.235,67.0,analysis/frames/16076/16076_beat_0066.png
16076.mp4,67,177.411,180.479,3.069,92.0,analysis/frames/16076/16076_beat_0067.png
16076.mp4,68,180.48,183.616,3.135,94.0,analysis/frames/16076/16076_beat_0068.png
16076.mp4,69,183.617,187.253,3.636,109.0,analysis/frames/16076/16076_beat_0069.png
16076.mp4,70,187.254,189.922,2.668,80.0,analysis/frames/16076/16076_beat_0070.png
16076.mp4,71,189.923,193.125,3.202,96.0,analysis/frames/16076/16076_beat_0071.png
16076.mp4,72,193.126,195.361,2.235,67.0,analysis/frames/16076/16076_beat_0072.png
16076.mp4,73,195.362,197.997,2.635,79.0,analysis/frames/16076/16076_beat_0073.png
16076.mp4,74,197.998,200.433,2.435,73.0,analysis/frames/16076/16076_beat_0074.png
16076.mp4,75,200.434,202.368,1.934,58.0,analysis/frames/16076/16076_beat_0075.png
16076.mp4,76,202.369,203.235,0.867,26.0,analysis/frames/16076/16076_beat_0076.png
16076.mp4,77,203.236,204.67,1.434,43.0,analysis/frames/16076/16076_beat_0077.png
16076.mp4,78,204.671,208.374,3.703,111.0,analysis/frames/16076/16076_beat_0078.png
16076.mp4,79,208.375,209.275,0.9,27.0,analysis/frames/16076/16076_beat_0079.png
16076.mp4,80,209.276,210.743,1.467,44.0,analysis/frames/16076/16076_beat_0080.png
16076.mp4,81,210.744,216.982,6.239,187.0,analysis/frames/16076/16076_beat_0081.png
16076.mp4,82,216.983,218.117,1.133,34.0,analysis/frames/16076/16076_beat_0082.png
16076.mp4,83,218.118,222.488,4.37,131.0,analysis/frames/16076/16076_beat_0083.png
16076.mp4,84,222.489,227.393,4.904,147.0,analysis/frames/16076/16076_beat_0084.png
16076.mp4,85,227.394,230.696,3.302,99.0,analysis/frames/16076/16076_beat_0085.png
16076.mp4,86,230.697,236.235,5.538,166.0,analysis/frames/16076/16076_beat_0086.png
16076.mp4,87,236.236,239.972,3.736,112.0,analysis/frames/16076/16076_beat_0087.png
16076.mp4,88,239.973,244.343,4.37,131.0,analysis/frames/16076/16076_beat_0088.png
16076.mp4,89,244.344,246.245,1.901,57.0,analysis/frames/16076/16076_beat_0089.png
16076.mp4,90,246.246,249.281,3.035,91.0,analysis/frames/16076/16076_beat_0090.png
16076.mp4,91,249.282,250.95,1.667,50.0,analysis/frames/16076/16076_beat_0091.png
16076.mp4,92,250.951,254.62,3.669,110.0,analysis/frames/16076/16076_beat_0092.png
16076.mp4,93,254.621,258.624,4.003,120.0,analysis/frames/16076/16076_beat_0093.png
16076.mp4,94,258.625,260.626,2.001,60.0,analysis/frames/16076/16076_beat_0094.png
16076.mp4,95,260.627,262.828,2.201,66.0,analysis/frames/16076/16076_beat_0095.png
16076.mp4,96,262.829,264.263,1.434,43.0,analysis/frames/16076/16076_beat_0096.png
16076.mp4,97,264.264,265.03,0.766,23.0,analysis/frames/16076/16076_beat_0097.png
16076.mp4,98,265.031,267.533,2.502,75.0,analysis/frames/16076/16076_beat_0098.png
16076.mp4,99,267.534,271.103,3.569,107.0,analysis/frames/16076/16076_beat_0099.png
16076.mp4,100,271.104,273.672,2.568,77.0,analysis/frames/16076/16076_beat_0100.png
16076.mp4,101,273.673,276.208,2.535,76.0,analysis/frames/16076/16076_beat_0101.png
16076.mp4,102,276.209,278.844,2.635,79.0,analysis/frames/16076/16076_beat_0102.png
16076.mp4,103,278.845,284.416,5.571,167.0,analysis/frames/16076/16076_beat_0103.png
16076.mp4,104,284.417,286.986,2.568,77.0,analysis/frames/16076/16076_beat_0104.png
16076.mp4,105,286.987,290.322,3.336,100.0,analysis/frames/16076/16076_beat_0105.png
16076.mp4,106,290.323,292.892,2.568,77.0,analysis/frames/16076/16076_beat_0106.png
16076.mp4,107,292.893,297.997,5.104,153.0,analysis/frames/16076/16076_beat_0107.png
16076.mp4,108,297.998,302.735,4.737,142.0,analysis/frames/16076/16076_beat_0108.png
16076.mp4,109,302.736,309.074,6.339,190.0,analysis/frames/16076/16076_beat_0109.png
16076.mp4,110,309.075,313.913,4.837,145.0,analysis/frames/16076/16076_beat_0110.png
16076.mp4,111,313.914,316.549,2.635,79.0,analysis/frames/16076/16076_beat_0111.png
16076.mp4,112,316.55,317.316,0.766,23.0,analysis/frames/16076/16076_beat_0112.png
16076.mp4,113,317.317,318.951,1.634,49.0,analysis/frames/16076/16076_beat_0113.png
16076.mp4,114,318.952,321.086,2.134,64.0,analysis/frames/16076/16076_beat_0114.png
16076.mp4,115,321.087,324.39,3.302,99.0,analysis/frames/16076/16076_beat_0115.png
16076.mp4,116,324.391,329.495,5.104,153.0,analysis/frames/16076/16076_beat_0116.png
16076.mp4,117,329.496,332.464,2.969,89.0,analysis/frames/16076/16076_beat_0117.png
16076.mp4,118,332.465,337.603,5.137,154.0,analysis/frames/16076/16076_beat_0118.png
16076.mp4,119,337.604,338.904,1.3,39.0,analysis/frames/16076/16076_beat_0119.png
16076.mp4,120,338.905,340.072,1.167,35.0,analysis/frames/16076/16076_beat_0120.png
16076.mp4,121,340.073,342.575,2.502,75.0,analysis/frames/16076/16076_beat_0121.png
16076.mp4,122,342.576,346.412,3.836,115.0,analysis/frames/16076/16076_beat_0122.png
16076.mp4,123,346.413,349.381,2.969,89.0,analysis/frames/16076/16076_beat_0123.png
16076.mp4,124,349.382,353.319,3.936,118.0,analysis/frames/16076/16076_beat_0124.png
16076.mp4,125,353.32,355.321,2.001,60.0,analysis/frames/16076/16076_beat_0125.png
16076.mp4,126,355.322,358.991,3.669,110.0,analysis/frames/16076/16076_beat_0126.png
16076.mp4,127,358.992,361.56,2.568,77.0,analysis/frames/16076/16076_beat_0127.png
16076.mp4,128,361.561,363.529,1.968,59.0,analysis/frames/16076/16076_beat_0128.png
16076.mp4,129,363.53,366.565,3.035,91.0,analysis/frames/16076/16076_beat_0129.png
16076.mp4,130,366.566,369.034,2.468,74.0,analysis/frames/16076/16076_beat_0130.png
16076.mp4,131,369.035,372.271,3.236,97.0,analysis/frames/16076/16076_beat_0131.png
16076.mp4,132,372.272,373.005,0.733,22.0,analysis/frames/16076/16076_beat_0132.png
16076.mp4,133,373.006,374.039,1.033,31.0,analysis/frames/16076/16076_beat_0133.png
16076.mp4,134,374.04,379.612,5.571,167.0,analysis/frames/16076/16076_beat_0134.png
16076.mp4,135,379.613,383.148,3.536,106.0,analysis/frames/16076/16076_beat_0135.png
16076.mp4,136,383.149,386.318,3.169,95.0,analysis/frames/16076/16076_beat_0136.png
16076.mp4,137,386.319,388.254,1.934,58.0,analysis/frames/16076/16076_beat_0137.png
16076.mp4,138,388.255,389.822,1.567,47.0,analysis/frames/16076/16076_beat_0138.png
16076.mp4,139,389.823,392.458,2.635,79.0,analysis/frames/16076/16076_beat_0139.png
16076.mp4,140,392.459,395.127,2.668,80.0,analysis/frames/16076/16076_beat_0140.png
16076.mp4,141,395.128,399.431,4.303,129.0,analysis/frames/16076/16076_beat_0141.png
16076.mp4,142,399.432,407.706,8.274,248.0,analysis/frames/16076/16076_beat_0142.png
16076.mp4,143,407.707,414.647,6.939,208.0,analysis/frames/16076/16076_beat_0143.png
16076.mp4,144,414.648,416.682,2.034,61.0,analysis/frames/16076/16076_beat_0144.png
16076.mp4,145,416.683,419.718,3.035,91.0,analysis/frames/16076/16076_beat_0145.png
16076.mp4,146,419.719,422.087,2.368,71.0,analysis/frames/16076/16076_beat_0146.png
16076.mp4,147,422.088,425.791,3.703,111.0,analysis/frames/16076/16076_beat_0147.png
16076.mp4,148,425.792,429.628,3.836,115.0,analysis/frames/16076/16076_beat_0148.png
16076.mp4,149,429.629,430.429,0.8,24.0,analysis/frames/16076/16076_beat_0149.png
16076.mp4,150,430.43,433.065,2.635,79.0,analysis/frames/16076/16076_beat_0150.png
16076.mp4,151,433.066,436.802,3.736,112.0,analysis/frames/16076/16076_beat_0151.png
16076.mp4,152,436.803,440.072,3.269,98.0,analysis/frames/16076/16076_beat_0152.png
16076.mp4,153,440.073,445.377,5.304,159.0,analysis/frames/16076/16076_beat_0153.png
16076.mp4,154,445.378,448.747,3.369,101.0,analysis/frames/16076/16076_beat_0154.png
16076.mp4,155,448.748,451.016,2.268,68.0,analysis/frames/16076/16076_beat_0155.png
16076.mp4,156,451.017,451.717,0.7,21.0,analysis/frames/16076/16076_beat_0156.png
16076.mp4,157,451.718,456.522,4.804,144.0,analysis/frames/16076/16076_beat_0157.png
16076.mp4,158,456.523,459.358,2.835,85.0,analysis/frames/16076/16076_beat_0158.png
16076.mp4,159,459.359,463.495,4.136,124.0,analysis/frames/16076/16076_beat_0159.png
16076.mp4,160,463.496,464.997,1.5,45.0,analysis/frames/16076/16076_beat_0160.png
16076.mp4,161,464.998,468.467,3.469,104.0,analysis/frames/16076/16076_beat_0161.png
16076.mp4,162,468.468,472.538,4.07,122.0,analysis/frames/16076/16076_beat_0162.png
16076.mp4,163,472.539,476.175,3.636,109.0,analysis/frames/16076/16076_beat_0163.png
16076.mp4,164,476.176,478.31,2.134,64.0,analysis/frames/16076/16076_beat_0164.png
16076.mp4,165,478.311,479.678,1.367,41.0,analysis/frames/16076/16076_beat_0165.png
16076.mp4,166,479.679,482.781,3.102,93.0,analysis/frames/16076/16076_beat_0166.png
16076.mp4,167,482.782,486.285,3.502,105.0,analysis/frames/16076/16076_beat_0167.png
16076.mp4,168,486.286,488.153,1.868,56.0,analysis/frames/16076/16076_beat_0168.png
16076.mp4,169,488.154,491.757,3.603,108.0,analysis/frames/16076/16076_beat_0169.png
16076.mp4,170,491.758,496.195,4.437,133.0,analysis/frames/16076/16076_beat_0170.png
16076.mp4,171,496.196,497.93,1.734,52.0,analysis/frames/16076/16076_beat_0171.png
16076.mp4,172,497.931,500.766,2.835,85.0,analysis/frames/16076/16076_beat_0172.png
16076.mp4,173,500.767,510.91,10.143,304.0,analysis/frames/16076/16076_beat_0173.png
16080.mp4,0,0.0,1.801,1.801,54.0,analysis/frames/16080/16080_beat_0000.png
16080.mp4,1,1.802,2.802,1.0,30.0,analysis/frames/16080/16080_beat_0001.png
16080.mp4,2,2.803,4.17,1.367,41.0,analysis/frames/16080/16080_beat_0002.png
16080.mp4,3,4.171,7.506,3.336,100.0,analysis/frames/16080/16080_beat_0003.png
16080.mp4,4,7.508,11.711,4.203,126.0,analysis/frames/16080/16080_beat_0004.png
16080.mp4,5,11.712,15.514,3.803,114.0,analysis/frames/16080/16080_beat_0005.png
16080.mp4,6,15.515,21.153,5.638,169.0,analysis/frames/16080/16080_beat_0006.png
16080.mp4,7,21.154,27.326,6.172,185.0,analysis/frames/16080/16080_beat_0007.png
16080.mp4,8,27.327,28.995,1.667,50.0,analysis/frames/16080/16080_beat_0008.png
16080.mp4,9,28.996,32.565,3.569,107.0,analysis/frames/16080/16080_beat_0009.png
16080.mp4,10,32.566,42.708,10.142,304.0,analysis/frames/16080/16080_beat_0010.png
16080.mp4,11,42.709,45.711,3.002,90.0,analysis/frames/16080/16080_beat_0011.png
16080.mp4,12,45.712,48.881,3.169,95.0,analysis/frames/16080/16080_beat_0012.png
16080.mp4,13,48.882,51.217,2.335,70.0,analysis/frames/16080/16080_beat_0013.png
16080.mp4,14,51.218,54.954,3.736,112.0,analysis/frames/16080/16080_beat_0014.png
16080.mp4,15,54.955,58.291,3.336,100.0,analysis/frames/16080/16080_beat_0015.png
16080.mp4,16,58.292,61.594,3.302,99.0,analysis/frames/16080/16080_beat_0016.png
16080.mp4,17,61.595,64.697,3.102,93.0,analysis/frames/16080/16080_beat_0017.png
16080.mp4,18,64.698,65.564,0.867,26.0,analysis/frames/16080/16080_beat_0018.png
16080.mp4,19,65.566,67.967,2.401,72.0,analysis/frames/16080/16080_beat_0019.png
16080.mp4,20,67.968,73.973,6.005,180.0,analysis/frames/16080/16080_beat_0020.png
16080.mp4,21,73.974,76.042,2.068,62.0,analysis/frames/16080/16080_beat_0021.png
16080.mp4,22,76.043,78.511,2.468,74.0,analysis/frames/16080/16080_beat_0022.png
16080.mp4,23,78.512,84.417,5.905,177.0,analysis/frames/16080/16080_beat_0023.png
16080.mp4,24,84.418,88.22,3.803,114.0,analysis/frames/16080/16080_beat_0024.png
16080.mp4,25,88.221,92.758,4.537,136.0,analysis/frames/16080/16080_beat_0025.png
16080.mp4,26,92.759,97.797,5.037,151.0,analysis/frames/16080/16080_beat_0026.png
16080.mp4,27,97.798,105.137,7.34,220.0,analysis/frames/16080/16080_beat_0027.png
16080.mp4,28,105.138,110.209,5.071,152.0,analysis/frames/16080/16080_beat_0028.png
16080.mp4,29,110.21,114.413,4.203,126.0,analysis/frames/16080/16080_beat_0029.png
16080.mp4,30,114.414,120.519,6.105,183.0,analysis/frames/16080/16080_beat_0030.png
16080.mp4,31,120.52,125.358,4.837,145.0,analysis/frames/16080/16080_beat_0031.png
16080.mp4,32,125.359,126.125,0.766,23.0,analysis/frames/16080/16080_beat_0032.png
16080.mp4,33,126.126,127.326,1.2,36.0,analysis/frames/16080/16080_beat_0033.png
16080.mp4,34,127.327,128.427,1.1,33.0,analysis/frames/16080/16080_beat_0034.png
16080.mp4,35,128.428,130.763,2.335,70.0,analysis/frames/16080/16080_beat_0035.png
16080.mp4,36,130.764,132.698,1.934,58.0,analysis/frames/16080/16080_beat_0036.png
16080.mp4,37,132.699,134.9,2.201,66.0,analysis/frames/16080/16080_beat_0037.png
16080.mp4,38,134.901,136.268,1.367,41.0,analysis/frames/16080/16080_beat_0038.png
16080.mp4,39,136.269,140.272,4.003,120.0,analysis/frames/16080/16080_beat_0039.png
16080.mp4,40,140.273,145.211,4.937,148.0,analysis/frames/16080/16080_beat_0040.png
16080.mp4,41,145.212,149.882,4.67,140.0,analysis/frames/16080/16080_beat_0041.png
16080.mp4,42,149.883,152.218,2.335,70.0,analysis/frames/16080/16080_beat_0042.png
16080.mp4,43,152.219,157.356,5.137,154.0,analysis/frames/16080/16080_beat_0043.png
16080.mp4,44,157.357,159.492,2.134,64.0,analysis/frames/16080/16080_beat_0044.png
16080.mp4,45,159.493,160.159,0.666,20.0,analysis/frames/16080/16080_beat_0045.png
16080.mp4,46,160.16,160.793,0.633,19.0,analysis/frames/16080/16080_beat_0046.png
16080.mp4,47,160.794,164.03,3.236,97.0,analysis/frames/16080/16080_beat_0047.png
16080.mp4,48,164.031,168.601,4.57,137.0,analysis/frames/16080/16080_beat_0048.png
16080.mp4,49,168.602,176.742,8.14,244.0,analysis/frames/16080/16080_beat_0049.png
16080.mp4,50,176.743,177.443,0.7,21.0,analysis/frames/16080/16080_beat_0050.png
16080.mp4,51,177.444,179.378,1.934,58.0,analysis/frames/16080/16080_beat_0051.png
16080.mp4,52,179.379,185.051,5.671,170.0,analysis/frames/16080/16080_beat_0052.png
16080.mp4,53,185.052,187.053,2.001,60.0,analysis/frames/16080/16080_beat_0053.png
16080.mp4,54,187.054,193.893,6.839,205.0,analysis/frames/16080/16080_beat_0054.png
16080.mp4,55,193.894,199.732,5.838,175.0,analysis/frames/16080/16080_beat_0055.png
16080.mp4,56,199.733,203.903,4.17,125.0,analysis/frames/16080/16080_beat_0056.png
16080.mp4,57,203.904,213.245,9.342,280.0,analysis/frames/16080/16080_beat_0057.png
16080.mp4,58,213.246,218.851,5.605,168.0,analysis/frames/16080/16080_beat_0058.png
16080.mp4,59,218.852,222.121,3.269,98.0,analysis/frames/16080/16080_beat_0059.png
16080.mp4,60,222.122,228.594,6.472,194.0,analysis/frames/16080/16080_beat_0060.png
16080.mp4,61,228.595,230.062,1.467,44.0,analysis/frames/16080/16080_beat_0061.png
16080.mp4,62,230.063,231.864,1.801,54.0,analysis/frames/16080/16080_beat_0062.png
16080.mp4,63,231.865,234.8,2.935,88.0,analysis/frames/16080/16080_beat_0063.png
16080.mp4,64,234.801,240.339,5.538,166.0,analysis/frames/16080/16080_beat_0064.png
16080.mp4,65,240.34,241.14,0.8,24.0,analysis/frames/16080/16080_beat_0065.png
16080.mp4,66,241.141,243.042,1.901,57.0,analysis/frames/16080/16080_beat_0066.png
16080.mp4,67,243.043,246.779,3.736,112.0,analysis/frames/16080/16080_beat_0067.png
16080.mp4,68,246.78,254.62,7.84,235.0,analysis/frames/16080/16080_beat_0068.png
16080.mp4,69,254.621,259.125,4.504,135.0,analysis/frames/16080/16080_beat_0069.png
16080.mp4,70,259.126,260.793,1.667,50.0,analysis/frames/16080/16080_beat_0070.png
16080.mp4,71,260.794,265.197,4.403,132.0,analysis/frames/16080/16080_beat_0071.png
16080.mp4,72,265.198,275.407,10.209,306.0,analysis/frames/16080/16080_beat_0072.png
16080.mp4,73,275.408,280.78,5.371,161.0,analysis/frames/16080/16080_beat_0073.png
16080.mp4,74,280.781,286.418,5.638,169.0,analysis/frames/16080/16080_beat_0074.png
16080.mp4,75,286.419,289.455,3.035,91.0,analysis/frames/16080/16080_beat_0075.png
16080.mp4,76,289.456,292.625,3.169,95.0,analysis/frames/16080/16080_beat_0076.png
16080.mp4,77,292.626,300.432,7.807,234.0,analysis/frames/16080/16080_beat_0077.png
16080.mp4,78,300.433,303.702,3.269,98.0,analysis/frames/16080/16080_beat_0078.png
16080.mp4,79,303.703,310.276,6.572,197.0,analysis/frames/16080/16080_beat_0079.png
16080.mp4,80,310.277,311.177,0.9,27.0,analysis/frames/16080/16080_beat_0080.png
16080.mp4,81,311.178,312.878,1.701,51.0,analysis/frames/16080/16080_beat_0081.png
16080.mp4,82,312.879,319.385,6.506,195.0,analysis/frames/16080/16080_beat_0082.png
16080.mp4,83,319.386,323.522,4.136,124.0,analysis/frames/16080/16080_beat_0083.png
16080.mp4,84,323.523,328.26,4.737,142.0,analysis/frames/16080/16080_beat_0084.png
16080.mp4,85,328.261,332.298,4.036,121.0,analysis/frames/16080/16080_beat_0085.png
16080.mp4,86,332.299,336.669,4.37,131.0,analysis/frames/16080/16080_beat_0086.png
16080.mp4,87,336.67,339.071,2.401,72.0,analysis/frames/16080/16080_beat_0087.png
16080.mp4,88,339.072,344.276,5.204,156.0,analysis/frames/16080/16080_beat_0088.png
16080.mp4,89,344.277,348.247,3.97,119.0,analysis/frames/16080/16080_beat_0089.png
16080.mp4,90,348.248,353.586,5.338,160.0,analysis/frames/16080/16080_beat_0090.png
16080.mp4,91,353.587,360.96,7.373,221.0,analysis/frames/16080/16080_beat_0091.png
16080.mp4,92,360.961,367.333,6.372,191.0,analysis/frames/16080/16080_beat_0092.png
16080.mp4,93,367.334,372.504,5.171,155.0,analysis/frames/16080/16080_beat_0093.png
16080.mp4,94,372.505,373.305,0.8,24.0,analysis/frames/16080/16080_beat_0094.png
16080.mp4,95,373.306,374.874,1.567,47.0,analysis/frames/16080/16080_beat_0095.png
16080.mp4,96,374.875,379.245,4.37,131.0,analysis/frames/16080/16080_beat_0096.png
16080.mp4,97,379.246,383.082,3.836,115.0,analysis/frames/16080/16080_beat_0097.png
16080.mp4,98,383.083,386.886,3.803,114.0,analysis/frames/16080/16080_beat_0098.png
16080.mp4,99,386.887,393.859,6.973,209.0,analysis/frames/16080/16080_beat_0099.png
16080.mp4,100,393.86,397.83,3.97,119.0,analysis/frames/16080/16080_beat_0100.png
16080.mp4,101,397.831,399.565,1.734,52.0,analysis/frames/16080/16080_beat_0101.png
16080.mp4,102,399.566,401.834,2.268,68.0,analysis/frames/16080/16080_beat_0102.png
16080.mp4,103,401.835,406.238,4.403,132.0,analysis/frames/16080/16080_beat_0103.png
16080.mp4,104,406.239,409.308,3.069,92.0,analysis/frames/16080/16080_beat_0104.png
16080.mp4,105,409.309,410.609,1.3,39.0,analysis/frames/16080/16080_beat_0105.png
16080.mp4,106,410.61,418.817,8.207,246.0,analysis/frames/16080/16080_beat_0106.png
16080.mp4,107,418.818,422.588,3.769,113.0,analysis/frames/16080/16080_beat_0107.png
16080.mp4,108,422.589,426.358,3.769,113.0,analysis/frames/16080/16080_beat_0108.png
16080.mp4,109,426.359,429.628,3.269,98.0,analysis/frames/16080/16080_beat_0109.png
16080.mp4,110,429.629,433.032,3.402,102.0,analysis/frames/16080/16080_beat_0110.png
16080.mp4,111,433.033,438.337,5.304,159.0,analysis/frames/16080/16080_beat_0111.png
16080.mp4,112,438.338,439.171,0.833,25.0,analysis/frames/16080/16080_beat_0112.png
16080.mp4,113,439.172,440.606,1.434,43.0,analysis/frames/16080/16080_beat_0113.png
16080.mp4,114,440.607,443.175,2.568,77.0,analysis/frames/16080/16080_beat_0114.png
16080.mp4,115,443.176,445.711,2.535,76.0,analysis/frames/16080/16080_beat_0115.png
16080.mp4,116,445.712,449.848,4.136,124.0,analysis/frames/16080/16080_beat_0116.png
16080.mp4,117,449.849,450.983,1.133,34.0,analysis/frames/16080/16080_beat_0117.png
16080.mp4,118,450.984,456.288,5.304,159.0,analysis/frames/16080/16080_beat_0118.png
16080.mp4,119,456.289,458.624,2.335,70.0,analysis/frames/16080/16080_beat_0119.png
16080.mp4,120,458.625,463.329,4.704,141.0,analysis/frames/16080/16080_beat_0120.png
16080.mp4,121,463.33,471.77,8.441,253.0,analysis/frames/16080/16080_beat_0121.png
16080.mp4,122,471.771,475.174,3.402,102.0,analysis/frames/16080/16080_beat_0122.png
16080.mp4,123,475.175,478.51,3.336,100.0,analysis/frames/16080/16080_beat_0123.png
16080.mp4,124,478.511,484.683,6.172,185.0,analysis/frames/16080/16080_beat_0124.png
16080.mp4,125,484.684,489.755,5.071,152.0,analysis/frames/16080/16080_beat_0125.png
16080.mp4,126,489.756,494.66,4.904,147.0,analysis/frames/16080/16080_beat_0126.png
16080.mp4,127,494.661,495.494,0.833,25.0,analysis/frames/16080/16080_beat_0127.png
16080.mp4,128,495.495,501.033,5.538,166.0,analysis/frames/16080/16080_beat_0128.png
16080.mp4,129,501.034,502.768,1.734,52.0,analysis/frames/16080/16080_beat_0129.png
16080.mp4,130,502.769,507.272,4.504,135.0,analysis/frames/16080/16080_beat_0130.png
16080.mp4,131,507.273,512.644,5.371,161.0,analysis/frames/16080/16080_beat_0131.png
16080.mp4,132,512.645,520.452,7.807,234.0,analysis/frames/16080/16080_beat_0132.png
16080.mp4,133,520.453,523.155,2.702,81.0,analysis/frames/16080/16080_beat_0133.png
16080.mp4,134,523.156,526.158,3.002,90.0,analysis/frames/16080/16080_beat_0134.png
16080.mp4,135,526.159,531.73,5.571,167.0,analysis/frames/16080/16080_beat_0135.png
16080.mp4,136,531.731,539.338,7.607,228.0,analysis/frames/16080/16080_beat_0136.png
16080.mp4,137,539.339,544.643,5.304,159.0,analysis/frames/16080/16080_beat_0137.png
16080.mp4,138,544.644,549.381,4.737,142.0,analysis/frames/16080/16080_beat_0138.png
16080.mp4,139,549.382,551.216,1.834,55.0,analysis/frames/16080/16080_beat_0139.png
16080.mp4,140,551.217,555.888,4.67,140.0,analysis/frames/16080/16080_beat_0140.png
16080.mp4,141,555.889,561.527,5.638,169.0,analysis/frames/16080/16080_beat_0141.png
16080.mp4,142,561.528,562.361,0.833,25.0,analysis/frames/16080/16080_beat_0142.png
16080.mp4,143,562.362,563.996,1.634,49.0,analysis/frames/16080/16080_beat_0143.png
16080.mp4,144,563.997,566.865,2.869,86.0,analysis/frames/16080/16080_beat_0144.png
16080.mp4,145,566.866,569.902,3.035,91.0,analysis/frames/16080/16080_beat_0145.png
16080.mp4,146,569.903,577.776,7.874,236.0,analysis/frames/16080/16080_beat_0146.png
16080.mp4,147,577.777,580.846,3.069,92.0,analysis/frames/16080/16080_beat_0147.png
16080.mp4,148,580.847,584.616,3.769,113.0,analysis/frames/16080/16080_beat_0148.png
16080.mp4,149,584.617,594.593,9.976,299.0,analysis/frames/16080/16080_beat_0149.png
16080.mp4,150,594.594,598.897,4.303,129.0,analysis/frames/16080/16080_beat_0150.png
16080.mp4,151,598.898,602.601,3.703,111.0,analysis/frames/16080/16080_beat_0151.png
16080.mp4,152,602.602,609.641,7.039,211.0,analysis/frames/16080/16080_beat_0152.png
16080.mp4,153,609.642,612.711,3.069,92.0,analysis/frames/16080/16080_beat_0153.png
16080.mp4,154,612.712,619.384,6.672,200.0,analysis/frames/16080/16080_beat_0154.png
16080.mp4,155,619.385,623.188,3.803,114.0,analysis/frames/16080/16080_beat_0155.png
16080.mp4,156,623.189,627.693,4.504,135.0,analysis/frames/16080/16080_beat_0156.png
16080.mp4,157,627.694,637.9,10.206,305.9,analysis/frames/16080/16080_beat_0157.png
16084.mp4,0,0.0,1.767,1.767,53.0,analysis/frames/16084/16084_beat_0000.png
16084.mp4,1,1.768,2.869,1.1,33.0,analysis/frames/16084/16084_beat_0001.png
16084.mp4,2,2.87,6.272,3.402,102.0,analysis/frames/16084/16084_beat_0002.png
16084.mp4,3,6.273,7.64,1.367,41.0,analysis/frames/16084/16084_beat_0003.png
16084.mp4,4,7.641,11.177,3.536,106.0,analysis/frames/16084/16084_beat_0004.png
16084.mp4,5,11.178,17.75,6.572,197.0,analysis/frames/16084/16084_beat_0005.png
16084.mp4,6,17.751,23.022,5.271,158.0,analysis/frames/16084/16084_beat_0006.png
16084.mp4,7,23.023,24.79,1.767,53.0,analysis/frames/16084/16084_beat_0007.png
16084.mp4,8,24.791,28.394,3.603,108.0,analysis/frames/16084/16084_beat_0008.png
16084.mp4,9,28.395,32.498,4.103,123.0,analysis/frames/16084/16084_beat_0009.png
16084.mp4,10,32.499,36.535,4.036,121.0,analysis/frames/16084/16084_beat_0010.png
16084.mp4,11,36.536,40.206,3.669,110.0,analysis/frames/16084/16084_beat_0011.png
16084.mp4,12,40.207,41.841,1.634,49.0,analysis/frames/16084/16084_beat_0012.png
16084.mp4,13,41.842,46.312,4.47,134.0,analysis/frames/16084/16084_beat_0013.png
16084.mp4,14,46.313,49.315,3.002,90.0,analysis/frames/16084/16084_beat_0014.png
16084.mp4,15,49.316,53.92,4.604,138.0,analysis/frames/16084/16084_beat_0015.png
16084.mp4,16,53.921,56.455,2.535,76.0,analysis/frames/16084/16084_beat_0016.png
16084.mp4,17,56.456,57.223,0.766,23.0,analysis/frames/16084/16084_beat_0017.png
16084.mp4,18,57.224,58.591,1.367,41.0,analysis/frames/16084/16084_beat_0018.png
16084.mp4,19,58.592,60.86,2.268,68.0,analysis/frames/16084/16084_beat_0019.png
16084.mp4,20,60.861,61.594,0.733,22.0,analysis/frames/16084/16084_beat_0020.png
16084.mp4,21,61.595,66.799,5.204,156.0,analysis/frames/16084/16084_beat_0021.png
16084.mp4,22,66.8,67.8,1.0,30.0,analysis/frames/16084/16084_beat_0022.png
16084.mp4,23,67.801,68.734,0.933,28.0,analysis/frames/16084/16084_beat_0023.png
16084.mp4,24,68.735,70.97,2.235,67.0,analysis/frames/16084/16084_beat_0024.png
16084.mp4,25,70.971,73.973,3.002,90.0,analysis/frames/16084/16084_beat_0025.png
16084.mp4,26,73.974,76.609,2.635,79.0,analysis/frames/16084/16084_beat_0026.png
16084.mp4,27,76.61,80.98,4.37,131.0,analysis/frames/16084/16084_beat_0027.png
16084.mp4,28,80.981,83.783,2.802,84.0,analysis/frames/16084/16084_beat_0028.png
16084.mp4,29,83.784,88.22,4.437,133.0,analysis/frames/16084/16084_beat_0029.png
16084.mp4,30,88.221,89.655,1.434,43.0,analysis/frames/16084/16084_beat_0030.png
16084.mp4,31,89.656,92.825,3.169,95.0,analysis/frames/16084/16084_beat_0031.png
16084.mp4,32,92.826,102.101,9.275,278.0,analysis/frames/16084/16084_beat_0032.png
16084.mp4,33,102.102,107.64,5.538,166.0,analysis/frames/16084/16084_beat_0033.png
16084.mp4,34,107.641,110.109,2.468,74.0,analysis/frames/16084/16084_beat_0034.png
16084.mp4,35,110.11,115.014,4.904,147.0,analysis/frames/16084/16084_beat_0035.png
16084.mp4,36,115.015,115.648,0.633,19.0,analysis/frames/16084/16084_beat_0036.png
16084.mp4,37,115.649,116.449,0.8,24.0,analysis/frames/16084/16084_beat_0037.png
16084.mp4,38,116.45,126.125,9.675,290.0,analysis/frames/16084/16084_beat_0038.png
16084.mp4,39,126.126,132.198,6.072,182.0,analysis/frames/16084/16084_beat_0039.png
16084.mp4,40,132.199,142.074,9.876,296.0,analysis/frames/16084/16084_beat_0040.png
16084.mp4,41,142.075,148.547,6.472,194.0,analysis/frames/16084/16084_beat_0041.png
16084.mp4,42,148.548,149.782,1.234,37.0,analysis/frames/16084/16084_beat_0042.png
16084.mp4,43,149.783,152.685,2.902,87.0,analysis/frames/16084/16084_beat_0043.png
16084.mp4,44,152.686,154.654,1.968,59.0,analysis/frames/16084/16084_beat_0044.png
16084.mp4,45,154.655,157.156,2.501,75.0,analysis/frames/16084/16084_beat_0045.png
16084.mp4,46,157.157,160.693,3.536,106.0,analysis/frames/16084/16084_beat_0046.png
16084.mp4,47,160.694,166.132,5.438,163.0,analysis/frames/16084/16084_beat_0047.png
16084.mp4,48,166.133,171.937,5.805,174.0,analysis/frames/16084/16084_beat_0048.png
16084.mp4,49,171.938,174.84,2.902,87.0,analysis/frames/16084/16084_beat_0049.png
16084.mp4,50,174.841,176.842,2.001,60.0,analysis/frames/16084/16084_beat_0050.png
16084.mp4,51,176.843,177.677,0.833,25.0,analysis/frames/16084/16084_beat_0051.png
16084.mp4,52,177.678,178.544,0.867,26.0,analysis/frames/16084/16084_beat_0052.png
16084.mp4,53,178.545,180.98,2.435,73.0,analysis/frames/16084/16084_beat_0053.png
16084.mp4,54,180.981,183.816,2.835,85.0,analysis/frames/16084/16084_beat_0054.png
16084.mp4,55,183.817,187.486,3.669,110.0,analysis/frames/16084/16084_beat_0055.png
16084.mp4,56,187.487,188.387,0.9,27.0,analysis/frames/16084/16084_beat_0056.png
16084.mp4,57,188.388,193.325,4.937,148.0,analysis/frames/16084/16084_beat_0057.png
16084.mp4,58,193.326,194.36,1.033,31.0,analysis/frames/16084/16084_beat_0058.png
16084.mp4,59,194.361,197.696,3.336,100.0,analysis/frames/16084/16084_beat_0059.png
16084.mp4,60,197.697,203.536,5.838,175.0,analysis/frames/16084/16084_beat_0060.png
16084.mp4,61,203.537,206.172,2.635,79.0,analysis/frames/16084/16084_beat_0061.png
16084.mp4,62,206.173,212.111,5.938,178.0,analysis/frames/16084/16084_beat_0062.png
16084.mp4,63,212.112,214.013,1.901,57.0,analysis/frames/16084/16084_beat_0063.png
16084.mp4,64,214.014,215.948,1.934,58.0,analysis/frames/16084/16084_beat_0064.png
16084.mp4,65,215.949,219.585,3.636,109.0,analysis/frames/16084/16084_beat_0065.png
16084.mp4,66,219.586,221.754,2.168,65.0,analysis/frames/16084/16084_beat_0066.png
16084.mp4,67,221.755,222.621,0.867,26.0,analysis/frames/16084/16084_beat_0067.png
16084.mp4,68,222.622,223.522,0.9,27.0,analysis/frames/16084/16084_beat_0068.png
16084.mp4,69,223.523,225.291,1.767,53.0,analysis/frames/16084/16084_beat_0069.png
16084.mp4,70,225.292,232.198,6.906,207.0,analysis/frames/16084/16084_beat_0070.png
16084.mp4,71,232.199,235.067,2.869,86.0,analysis/frames/16084/16084_beat_0071.png
16084.mp4,72,235.068,238.437,3.369,101.0,analysis/frames/16084/16084_beat_0072.png
16084.mp4,73,238.438,242.808,4.37,131.0,analysis/frames/16084/16084_beat_0073.png
16084.mp4,74,242.809,243.976,1.167,35.0,analysis/frames/16084/16084_beat_0074.png
16084.mp4,75,243.977,245.244,1.267,38.0,analysis/frames/16084/16084_beat_0075.png
16084.mp4,76,245.245,250.683,5.438,163.0,analysis/frames/16084/16084_beat_0076.png
16084.mp4,77,250.684,253.452,2.768,83.0,analysis/frames/16084/16084_beat_0077.png
16084.mp4,78,253.453,255.121,1.667,50.0,analysis/frames/16084/16084_beat_0078.png
16084.mp4,79,255.122,256.622,1.501,45.0,analysis/frames/16084/16084_beat_0079.png
16084.mp4,80,256.623,261.694,5.071,152.0,analysis/frames/16084/16084_beat_0080.png
16084.mp4,81,261.695,265.131,3.436,103.0,analysis/frames/16084/16084_beat_0081.png
16084.mp4,82,265.132,267.8,2.668,80.0,analysis/frames/16084/16084_beat_0082.png
16084.mp4,83,267.801,270.803,3.002,90.0,analysis/frames/16084/16084_beat_0083.png
16084.mp4,84,270.804,273.405,2.602,78.0,analysis/frames/16084/16084_beat_0084.png
16084.mp4,85,273.406,278.077,4.67,140.0,analysis/frames/16084/16084_beat_0085.png
16084.mp4,86,278.078,281.847,3.769,113.0,analysis/frames/16084/16084_beat_0086.png
16084.mp4,87,281.848,282.681,0.833,25.0,analysis/frames/16084/16084_beat_0087.png
16084.mp4,88,282.682,283.883,1.2,36.0,analysis/frames/16084/16084_beat_0088.png
16084.mp4,89,283.884,286.819,2.935,88.0,analysis/frames/16084/16084_beat_0089.png
16084.mp4,90,286.82,289.522,2.702,81.0,analysis/frames/16084/16084_beat_0090.png
16084.mp4,91,289.523,291.323,1.801,54.0,analysis/frames/16084/16084_beat_0091.png
16084.mp4,92,291.324,297.73,6.405,192.0,analysis/frames/16084/16084_beat_0092.png
16084.mp4,93,297.731,301.901,4.17,125.0,analysis/frames/16084/16084_beat_0093.png
16084.mp4,94,301.902,305.538,3.636,109.0,analysis/frames/16084/16084_beat_0094.png
16084.mp4,95,305.539,307.873,2.335,70.0,analysis/frames/16084/16084_beat_0095.png
16084.mp4,96,307.874,309.475,1.601,48.0,analysis/frames/16084/16084_beat_0096.png
16084.mp4,97,309.476,312.411,2.935,88.0,analysis/frames/16084/16084_beat_0097.png
16084.mp4,98,312.412,315.347,2.935,88.0,analysis/frames/16084/16084_beat_0098.png
16084.mp4,99,315.348,321.62,6.272,188.0,analysis/frames/16084/16084_beat_0099.png
16084.mp4,100,321.621,322.888,1.267,38.0,analysis/frames/16084/16084_beat_0100.png
16084.mp4,101,322.889,324.456,1.567,47.0,analysis/frames/16084/16084_beat_0101.png
16084.mp4,102,324.457,326.158,1.701,51.0,analysis/frames/16084/16084_beat_0102.png
16084.mp4,103,326.159,327.893,1.734,52.0,analysis/frames/16084/16084_beat_0103.png
16084.mp4,104,327.894,334.7,6.806,204.0,analysis/frames/16084/16084_beat_0104.png
16084.mp4,105,334.701,337.203,2.502,75.0,analysis/frames/16084/16084_beat_0105.png
16084.mp4,106,337.204,339.939,2.735,82.0,analysis/frames/16084/16084_beat_0106.png
16084.mp4,107,339.94,340.639,0.7,21.0,analysis/frames/16084/16084_beat_0107.png
16084.mp4,108,340.64,341.907,1.267,38.0,analysis/frames/16084/16084_beat_0108.png
16084.mp4,109,341.908,344.543,2.635,79.0,analysis/frames/16084/16084_beat_0109.png
16084.mp4,110,344.544,349.982,5.438,163.0,analysis/frames/16084/16084_beat_0110.png
16084.mp4,111,349.983,351.55,1.567,47.0,analysis/frames/16084/16084_beat_0111.png
16084.mp4,112,351.551,355.187,3.636,109.0,analysis/frames/16084/16084_beat_0112.png
16084.mp4,113,355.188,357.656,2.468,74.0,analysis/frames/16084/16084_beat_0113.png
16084.mp4,114,357.657,361.994,4.337,130.0,analysis/frames/16084/16084_beat_0114.png
16084.mp4,115,361.995,364.997,3.002,90.0,analysis/frames/16084/16084_beat_0115.png
16084.mp4,116,364.998,369.768,4.77,143.0,analysis/frames/16084/16084_beat_0116.png
16084.mp4,117,369.769,377.042,7.273,218.0,analysis/frames/16084/16084_beat_0117.png
16084.mp4,118,377.043,380.145,3.102,93.0,analysis/frames/16084/16084_beat_0118.png
16084.mp4,119,380.146,383.883,3.736,112.0,analysis/frames/16084/16084_beat_0119.png
16084.mp4,120,383.884,387.62,3.736,112.0,analysis/frames/16084/16084_beat_0120.png
16084.mp4,121,387.621,390.456,2.835,85.0,analysis/frames/16084/16084_beat_0121.png
16084.mp4,122,390.457,392.725,2.268,68.0,analysis/frames/16084/16084_beat_0122.png
16084.mp4,123,392.726,395.828,3.102,93.0,analysis/frames/16084/16084_beat_0123.png
16084.mp4,124,395.829,398.23,2.401,72.0,analysis/frames/16084/16084_beat_0124.png
16084.mp4,125,398.231,406.538,8.307,249.0,analysis/frames/16084/16084_beat_0125.png
16084.mp4,126,406.539,407.273,0.733,22.0,analysis/frames/16084/16084_beat_0126.png
16084.mp4,127,407.274,408.54,1.267,38.0,analysis/frames/16084/16084_beat_0127.png
16084.mp4,128,408.541,412.711,4.17,125.0,analysis/frames/16084/16084_beat_0128.png
16084.mp4,129,412.712,415.648,2.935,88.0,analysis/frames/16084/16084_beat_0129.png
16084.mp4,130,415.649,417.116,1.467,44.0,analysis/frames/16084/16084_beat_0130.png
16084.mp4,131,417.117,418.918,1.801,54.0,analysis/frames/16084/16084_beat_0131.png
16084.mp4,132,418.918,421.72,2.802,84.0,analysis/frames/16084/16084_beat_0132.png
16084.mp4,133,421.721,425.291,3.569,107.0,analysis/frames/16084/16084_beat_0133.png
16084.mp4,134,425.292,426.892,1.601,48.0,analysis/frames/16084/16084_beat_0134.png
16084.mp4,135,426.893,430.596,3.703,111.0,analysis/frames/16084/16084_beat_0135.png
16084.mp4,136,430.597,433.866,3.269,98.0,analysis/frames/16084/16084_beat_0136.png
16084.mp4,137,433.867,435.301,1.434,43.0,analysis/frames/16084/16084_beat_0137.png
16084.mp4,138,435.302,436.335,1.033,31.0,analysis/frames/16084/16084_beat_0138.png
16084.mp4,139,436.336,438.137,1.801,54.0,analysis/frames/16084/16084_beat_0139.png
16084.mp4,140,438.138,442.441,4.303,129.0,analysis/frames/16084/16084_beat_0140.png
16084.mp4,141,442.442,445.144,2.702,81.0,analysis/frames/16084/16084_beat_0141.png
16084.mp4,142,445.145,448.647,3.502,105.0,analysis/frames/16084/16084_beat_0142.png
16084.mp4,143,448.648,451.951,3.302,99.0,analysis/frames/16084/16084_beat_0143.png
16084.mp4,144,451.952,453.886,1.934,58.0,analysis/frames/16084/16084_beat_0144.png
16084.mp4,145,453.887,456.822,2.935,88.0,analysis/frames/16084/16084_beat_0145.png
16084.mp4,146,456.823,459.925,3.102,93.0,analysis/frames/16084/16084_beat_0146.png
16084.mp4,147,459.926,460.693,0.766,23.0,analysis/frames/16084/16084_beat_0147.png
16084.mp4,148,460.694,461.994,1.3,39.0,analysis/frames/16084/16084_beat_0148.png
16084.mp4,149,461.995,464.73,2.735,82.0,analysis/frames/16084/16084_beat_0149.png
16084.mp4,150,464.731,468.233,3.503,105.0,analysis/frames/16084/16084_beat_0150.png
16084.mp4,151,468.234,470.336,2.101,63.0,analysis/frames/16084/16084_beat_0151.png
16084.mp4,152,470.337,473.305,2.969,89.0,analysis/frames/16084/16084_beat_0152.png
16084.mp4,153,473.306,478.51,5.204,156.0,analysis/frames/16084/16084_beat_0153.png
16084.mp4,154,478.511,483.215,4.704,141.0,analysis/frames/16084/16084_beat_0154.png
16084.mp4,155,483.216,485.918,2.702,81.0,analysis/frames/16084/16084_beat_0155.png
16084.mp4,156,485.919,487.853,1.934,58.0,analysis/frames/16084/16084_beat_0156.png
16084.mp4,157,487.854,490.522,2.668,80.0,analysis/frames/16084/16084_beat_0157.png
16084.mp4,158,490.523,492.825,2.301,69.0,analysis/frames/16084/16084_beat_0158.png
16084.mp4,159,492.826,494.56,1.734,52.0,analysis/frames/16084/16084_beat_0159.png
16084.mp4,160,494.561,497.83,3.269,98.0,analysis/frames/16084/16084_beat_0160.png
16084.mp4,161,497.831,501.734,3.903,117.0,analysis/frames/16084/16084_beat_0161.png
16084.mp4,162,501.735,503.969,2.235,67.0,analysis/frames/16084/16084_beat_0162.png
16084.mp4,163,503.97,506.005,2.034,61.0,analysis/frames/16084/16084_beat_0163.png
16084.mp4,164,506.005,508.04,2.034,61.0,analysis/frames/16084/16084_beat_0164.png
16084.mp4,165,508.041,509.541,1.501,45.0,analysis/frames/16084/16084_beat_0165.png
16084.mp4,166,509.542,512.778,3.236,97.0,analysis/frames/16084/16084_beat_0166.png
16084.mp4,167,512.779,518.55,5.771,173.0,analysis/frames/16084/16084_beat_0167.png
16084.mp4,168,518.551,520.252,1.701,51.0,analysis/frames/16084/16084_beat_0168.png
16084.mp4,169,520.253,522.154,1.901,57.0,analysis/frames/16084/16084_beat_0169.png
16084.mp4,170,522.155,522.888,0.733,22.0,analysis/frames/16084/16084_beat_0170.png
16084.mp4,171,522.889,524.523,1.634,49.0,analysis/frames/16084/16084_beat_0171.png
16084.mp4,172,524.524,527.726,3.202,96.0,analysis/frames/16084/16084_beat_0172.png
16084.mp4,173,527.727,529.661,1.934,58.0,analysis/frames/16084/16084_beat_0173.png
16084.mp4,174,529.662,533.098,3.436,103.0,analysis/frames/16084/16084_beat_0174.png
16084.mp4,175,533.099,536.301,3.202,96.0,analysis/frames/16084/16084_beat_0175.png
16084.mp4,176,536.302,539.505,3.202,96.0,analysis/frames/16084/16084_beat_0176.png
16084.mp4,177,539.506,542.441,2.935,88.0,analysis/frames/16084/16084_beat_0177.png
16084.mp4,178,542.442,544.877,2.435,73.0,analysis/frames/16084/16084_beat_0178.png
16084.mp4,179,544.878,546.412,1.534,46.0,analysis/frames/16084/16084_beat_0179.png
16084.mp4,180,546.413,550.816,4.403,132.0,analysis/frames/16084/16084_beat_0180.png
16084.mp4,181,550.817,555.387,4.57,137.0,analysis/frames/16084/16084_beat_0181.png
16084.mp4,182,555.388,557.189,1.801,54.0,analysis/frames/16084/16084_beat_0182.png
16084.mp4,183,557.19,563.295,6.105,183.0,analysis/frames/16084/16084_beat_0183.png
16084.mp4,184,563.296,567.066,3.769,113.0,analysis/frames/16084/16084_beat_0184.png
16084.mp4,185,567.067,569.968,2.902,87.0,analysis/frames/16084/16084_beat_0185.png
16084.mp4,186,569.969,572.871,2.902,87.0,analysis/frames/16084/16084_beat_0186.png
16084.mp4,187,572.872,575.908,3.035,91.0,analysis/frames/16084/16084_beat_0187.png
16084.mp4,188,575.909,580.045,4.136,124.0,analysis/frames/16084/16084_beat_0188.png
16084.mp4,189,580.046,584.55,4.503,135.0,analysis/frames/16084/16084_beat_0189.png
16084.mp4,190,584.551,587.319,2.768,83.0,analysis/frames/16084/16084_beat_0190.png
16084.mp4,191,587.32,597.96,10.64,318.9,analysis/frames/16084/16084_beat_0191.png
16088.mp4,0,0.0,1.801,1.801,54.0,analysis/frames/16088/16088_beat_0000.png
16088.mp4,1,1.802,2.869,1.067,32.0,analysis/frames/16088/16088_beat_0001.png
16088.mp4,2,2.87,5.504,2.635,79.0,analysis/frames/16088/16088_beat_0002.png
16088.mp4,3,5.505,6.606,1.1,33.0,analysis/frames/16088/16088_beat_0003.png
16088.mp4,4,6.607,10.376,3.769,113.0,analysis/frames/16088/16088_beat_0004.png
16088.mp4,5,10.377,13.846,3.469,104.0,analysis/frames/16088/16088_beat_0005.png
16088.mp4,6,13.847,16.849,3.002,90.0,analysis/frames/16088/16088_beat_0006.png
16088.mp4,7,16.85,20.519,3.669,110.0,analysis/frames/16088/16088_beat_0007.png
16088.mp4,8,20.52,23.623,3.102,93.0,analysis/frames/16088/16088_beat_0008.png
16088.mp4,9,23.624,27.093,3.469,104.0,analysis/frames/16088/16088_beat_0009.png
16088.mp4,10,27.094,27.927,0.833,25.0,analysis/frames/16088/16088_beat_0010.png
16088.mp4,11,27.928,29.295,1.367,41.0,analysis/frames/16088/16088_beat_0011.png
16088.mp4,12,29.296,32.498,3.202,96.0,analysis/frames/16088/16088_beat_0012.png
16088.mp4,13,32.499,35.067,2.568,77.0,analysis/frames/16088/16088_beat_0013.png
16088.mp4,14,35.068,36.469,1.4,42.0,analysis/frames/16088/16088_beat_0014.png
16088.mp4,15,36.47,39.739,3.269,98.0,analysis/frames/16088/16088_beat_0015.png
16088.mp4,16,39.74,41.841,2.101,63.0,analysis/frames/16088/16088_beat_0016.png
16088.mp4,17,41.842,43.442,1.601,48.0,analysis/frames/16088/16088_beat_0017.png
16088.mp4,18,43.443,46.412,2.969,89.0,analysis/frames/16088/16088_beat_0018.png
16088.mp4,19,46.413,48.18,1.767,53.0,analysis/frames/16088/16088_beat_0019.png
16088.mp4,20,48.181,51.651,3.469,104.0,analysis/frames/16088/16088_beat_0020.png
16088.mp4,21,51.652,56.422,4.77,143.0,analysis/frames/16088/16088_beat_0021.png
16088.mp4,22,56.423,59.392,2.969,89.0,analysis/frames/16088/16088_beat_0022.png
16088.mp4,23,59.393,62.261,2.869,86.0,analysis/frames/16088/16088_beat_0023.png
16088.mp4,24,62.262,64.43,2.168,65.0,analysis/frames/16088/16088_beat_0024.png
16088.mp4,25,64.431,65.531,1.1,33.0,analysis/frames/16088/16088_beat_0025.png
16088.mp4,26,65.532,68.401,2.869,86.0,analysis/frames/16088/16088_beat_0026.png
16088.mp4,27,68.402,70.403,2.001,60.0,analysis/frames/16088/16088_beat_0027.png
16088.mp4,28,70.404,71.137,0.733,22.0,analysis/frames/16088/16088_beat_0028.png
16088.mp4,29,71.138,72.705,1.567,47.0,analysis/frames/16088/16088_beat_0029.png
16088.mp4,30,72.706,78.744,6.038,181.0,analysis/frames/16088/16088_beat_0030.png
16088.mp4,31,78.745,81.881,3.135,94.0,analysis/frames/16088/16088_beat_0031.png
16088.mp4,32,81.882,83.883,2.001,60.0,analysis/frames/16088/16088_beat_0032.png
16088.mp4,33,83.884,86.652,2.768,83.0,analysis/frames/16088/16088_beat_0033.png
16088.mp4,34,86.653,89.455,2.802,84.0,analysis/frames/16088/16088_beat_0034.png
16088.mp4,35,89.456,91.19,1.734,52.0,analysis/frames/16088/16088_beat_0035.png
16088.mp4,36,91.191,92.325,1.133,34.0,analysis/frames/16088/16088_beat_0036.png
16088.mp4,37,92.326,94.46,2.134,64.0,analysis/frames/16088/16088_beat_0037.png
16088.mp4,38,94.461,98.497,4.036,121.0,analysis/frames/16088/16088_beat_0038.png
16088.mp4,39,98.498,100.299,1.801,54.0,analysis/frames/16088/16088_beat_0039.png
16088.mp4,40,100.3,104.203,3.903,117.0,analysis/frames/16088/16088_beat_0040.png
16088.mp4,41,104.204,106.706,2.501,75.0,analysis/frames/16088/16088_beat_0041.png
16088.mp4,42,106.707,110.676,3.97,119.0,analysis/frames/16088/16088_beat_0042.png
16088.mp4,43,110.677,113.746,3.069,92.0,analysis/frames/16088/16088_beat_0043.png
16088.mp4,44,113.747,118.05,4.303,129.0,analysis/frames/16088/16088_beat_0044.png
16088.mp4,45,118.051,120.186,2.134,64.0,analysis/frames/16088/16088_beat_0045.png
16088.mp4,46,120.187,121.954,1.767,53.0,analysis/frames/16088/16088_beat_0046.png
16088.mp4,47,121.955,125.124,3.169,95.0,analysis/frames/16088/16088_beat_0047.png
16088.mp4,48,125.125,127.56,2.435,73.0,analysis/frames/16088/16088_beat_0048.png
16088.mp4,49,127.561,129.629,2.068,62.0,analysis/frames/16088/16088_beat_0049.png
16088.mp4,50,129.63,130.396,0.766,23.0,analysis/frames/16088/16088_beat_0050.png
16088.mp4,51,130.397,132.498,2.101,63.0,analysis/frames/16088/16088_beat_0051.png
16088.mp4,52,132.499,135.801,3.302,99.0,analysis/frames/16088/16088_beat_0052.png
16088.mp4,53,135.802,136.869,1.067,32.0,analysis/frames/16088/16088_beat_0053.png
16088.mp4,54,136.87,140.039,3.169,95.0,analysis/frames/16088/16088_beat_0054.png
16088.mp4,55,140.04,144.21,4.17,125.0,analysis/frames/16088/16088_beat_0055.png
16088.mp4,56,144.211,148.247,4.036,121.0,analysis/frames/16088/16088_beat_0056.png
16088.mp4,57,148.248,152.685,4.437,133.0,analysis/frames/16088/16088_beat_0057.png
16088.mp4,58,152.686,156.622,3.936,118.0,analysis/frames/16088/16088_beat_0058.png
16088.mp4,59,156.623,160.059,3.436,103.0,analysis/frames/16088/16088_beat_0059.png
16088.mp4,60,160.06,164.53,4.47,134.0,analysis/frames/16088/16088_beat_0060.png
16088.mp4,61,164.531,170.269,5.738,172.0,analysis/frames/16088/16088_beat_0061.png
16088.mp4,62,170.27,175.641,5.371,161.0,analysis/frames/16088/16088_beat_0062.png
16088.mp4,63,175.642,182.248,6.606,198.0,analysis/frames/16088/16088_beat_0063.png
16088.mp4,64,182.249,184.316,2.068,62.0,analysis/frames/16088/16088_beat_0064.png
16088.mp4,65,184.317,186.318,2.001,60.0,analysis/frames/16088/16088_beat_0065.png
16088.mp4,66,186.319,188.854,2.535,76.0,analysis/frames/16088/16088_beat_0066.png
16088.mp4,67,188.855,189.622,0.766,23.0,analysis/frames/16088/16088_beat_0067.png
16088.mp4,68,189.623,191.357,1.734,52.0,analysis/frames/16088/16088_beat_0068.png
16088.mp4,69,191.358,193.059,1.701,51.0,analysis/frames/16088/16088_beat_0069.png
16088.mp4,70,193.06,194.16,1.1,33.0,analysis/frames/16088/16088_beat_0070.png
16088.mp4,71,194.161,195.127,0.967,29.0,analysis/frames/16088/16088_beat_0071.png
16088.mp4,72,195.128,196.028,0.9,27.0,analysis/frames/16088/16088_beat_0072.png
16088.mp4,73,196.029,198.998,2.969,89.0,analysis/frames/16088/16088_beat_0073.png
16088.mp4,74,198.999,201.867,2.869,86.0,analysis/frames/16088/16088_beat_0074.png
16088.mp4,75,201.868,203.702,1.834,55.0,analysis/frames/16088/16088_beat_0075.png
16088.mp4,76,203.703,208.674,4.971,149.0,analysis/frames/16088/16088_beat_0076.png
16088.mp4,77,208.675,210.81,2.134,64.0,analysis/frames/16088/16088_beat_0077.png
16088.mp4,78,210.811,213.245,2.435,73.0,analysis/frames/16088/16088_beat_0078.png
16088.mp4,79,213.246,219.618,6.372,191.0,analysis/frames/16088/16088_beat_0079.png
16088.mp4,80,219.619,222.188,2.568,77.0,analysis/frames/16088/16088_beat_0080.png
16088.mp4,81,222.189,223.322,1.133,34.0,analysis/frames/16088/16088_beat_0081.png
16088.mp4,82,223.323,227.593,4.27,128.0,analysis/frames/16088/16088_beat_0082.png
16088.mp4,83,227.594,229.361,1.767,53.0,analysis/frames/16088/16088_beat_0083.png
16088.mp4,84,229.362,231.897,2.535,76.0,analysis/frames/16088/16088_beat_0084.png
16088.mp4,85,231.898,233.732,1.834,55.0,analysis/frames/16088/16088_beat_0085.png
16088.mp4,86,233.733,234.633,0.9,27.0,analysis/frames/16088/16088_beat_0086.png
16088.mp4,87,234.634,236.068,1.434,43.0,analysis/frames/16088/16088_beat_0087.png
16088.mp4,88,236.069,238.537,2.468,74.0,analysis/frames/16088/16088_beat_0088.png
16088.mp4,89,238.538,239.538,1.0,30.0,analysis/frames/16088/16088_beat_0089.png
16088.mp4,90,239.539,242.441,2.902,87.0,analysis/frames/16088/16088_beat_0090.png
16088.mp4,91,242.442,245.778,3.336,100.0,analysis/frames/16088/16088_beat_0091.png
16088.mp4,92,245.779,247.313,1.534,46.0,analysis/frames/16088/16088_beat_0092.png
16088.mp4,93,247.314,250.916,3.603,108.0,analysis/frames/16088/16088_beat_0093.png
16088.mp4,94,250.917,254.987,4.07,122.0,analysis/frames/16088/16088_beat_0094.png
16088.mp4,95,254.988,257.323,2.335,70.0,analysis/frames/16088/16088_beat_0095.png
16088.mp4,96,257.324,259.658,2.335,70.0,analysis/frames/16088/16088_beat_0096.png
16088.mp4,97,259.659,261.427,1.767,53.0,analysis/frames/16088/16088_beat_0097.png
16088.mp4,98,261.428,263.729,2.301,69.0,analysis/frames/16088/16088_beat_0098.png
16088.mp4,99,263.73,265.164,1.434,43.0,analysis/frames/16088/16088_beat_0099.png
16088.mp4,100,265.165,269.568,4.403,132.0,analysis/frames/16088/16088_beat_0100.png
16088.mp4,101,269.569,272.171,2.602,78.0,analysis/frames/16088/16088_beat_0101.png
16088.mp4,102,272.172,275.241,3.069,92.0,analysis/frames/16088/16088_beat_0102.png
16088.mp4,103,275.242,277.81,2.568,77.0,analysis/frames/16088/16088_beat_0103.png
16088.mp4,104,277.811,281.046,3.236,97.0,analysis/frames/16088/16088_beat_0104.png
16088.mp4,105,281.047,283.549,2.502,75.0,analysis/frames/16088/16088_beat_0105.png
16088.mp4,106,283.55,285.985,2.435,73.0,analysis/frames/16088/16088_beat_0106.png
16088.mp4,107,285.986,288.988,3.002,90.0,analysis/frames/16088/16088_beat_0107.png
16088.mp4,108,288.989,291.39,2.401,72.0,analysis/frames/16088/16088_beat_0108.png
16088.mp4,109,291.391,292.291,0.9,27.0,analysis/frames/16088/16088_beat_0109.png
16088.mp4,110,292.292,294.226,1.934,58.0,analysis/frames/16088/16088_beat_0110.png
16088.mp4,111,294.227,296.762,2.535,76.0,analysis/frames/16088/16088_beat_0111.png
16088.mp4,112,296.763,297.897,1.133,34.0,analysis/frames/16088/16088_beat_0112.png
16088.mp4,113,297.898,301.3,3.402,102.0,analysis/frames/16088/16088_beat_0113.png
16088.mp4,114,301.301,304.236,2.935,88.0,analysis/frames/16088/16088_beat_0114.png
16088.mp4,115,304.237,305.771,1.534,46.0,analysis/frames/16088/16088_beat_0115.png
16088.mp4,116,305.772,313.179,7.406,222.0,analysis/frames/16088/16088_beat_0116.png
16088.mp4,117,313.18,319.018,5.838,175.0,analysis/frames/16088/16088_beat_0117.png
16088.mp4,118,319.019,321.887,2.869,86.0,analysis/frames/16088/16088_beat_0118.png
16088.mp4,119,321.888,327.159,5.271,158.0,analysis/frames/16088/16088_beat_0119.png
16088.mp4,120,327.16,330.596,3.436,103.0,analysis/frames/16088/16088_beat_0120.png
16088.mp4,121,330.597,337.269,6.672,200.0,analysis/frames/16088/16088_beat_0121.png
16088.mp4,122,337.27,339.238,1.968,59.0,analysis/frames/16088/16088_beat_0122.png
16088.mp4,123,339.239,342.875,3.636,109.0,analysis/frames/16088/16088_beat_0123.png
16088.mp4,124,342.876,347.646,4.77,143.0,analysis/frames/16088/16088_beat_0124.png
16088.mp4,125,347.647,351.35,3.703,111.0,analysis/frames/16088/16088_beat_0125.png
16088.mp4,126,351.351,352.151,0.8,24.0,analysis/frames/16088/16088_beat_0126.png
16088.mp4,127,352.152,354.286,2.134,64.0,analysis/frames/16088/16088_beat_0127.png
16088.mp4,128,354.287,357.223,2.935,88.0,analysis/frames/16088/16088_beat_0128.png
16088.mp4,129,357.224,359.525,2.301,69.0,analysis/frames/16088/16088_beat_0129.png
16088.mp4,130,359.526,361.46,1.934,58.0,analysis/frames/16088/16088_beat_0130.png
16088.mp4,131,361.461,364.797,3.336,100.0,analysis/frames/16088/16088_beat_0131.png
16088.mp4,132,364.798,368.601,3.803,114.0,analysis/frames/16088/16088_beat_0132.png
16088.mp4,133,368.602,371.003,2.401,72.0,analysis/frames/16088/16088_beat_0133.png
16088.mp4,134,371.004,377.409,6.405,192.0,analysis/frames/16088/16088_beat_0134.png
16088.mp4,135,377.41,381.914,4.504,135.0,analysis/frames/16088/16088_beat_0135.png
16088.mp4,136,381.915,384.316,2.401,72.0,analysis/frames/16088/16088_beat_0136.png
16088.mp4,137,384.317,387.686,3.369,101.0,analysis/frames/16088/16088_beat_0137.png
16088.mp4,138,387.687,389.722,2.034,61.0,analysis/frames/16088/16088_beat_0138.png
16088.mp4,139,389.723,392.091,2.368,71.0,analysis/frames/16088/16088_beat_0139.png
16088.mp4,140,392.092,393.492,1.4,42.0,analysis/frames/16088/16088_beat_0140.png
16088.mp4,141,393.493,395.027,1.534,46.0,analysis/frames/16088/16088_beat_0141.png
16088.mp4,142,395.028,397.463,2.435,73.0,analysis/frames/16088/16088_beat_0142.png
16088.mp4,143,397.464,400.866,3.402,102.0,analysis/frames/16088/16088_beat_0143.png
16088.mp4,144,400.867,402.401,1.534,46.0,analysis/frames/16088/16088_beat_0144.png
16088.mp4,145,402.402,403.168,0.766,23.0,analysis/frames/16088/16088_beat_0145.png
16088.mp4,146,403.169,405.204,2.034,61.0,analysis/frames/16088/16088_beat_0146.png
16088.mp4,147,405.205,406.272,1.067,32.0,analysis/frames/16088/16088_beat_0147.png
16088.mp4,148,406.273,410.342,4.07,122.0,analysis/frames/16088/16088_beat_0148.png
16088.mp4,149,410.343,412.378,2.034,61.0,analysis/frames/16088/16088_beat_0149.png
16088.mp4,150,412.379,414.513,2.134,64.0,analysis/frames/16088/16088_beat_0150.png
16088.mp4,151,414.514,416.081,1.567,47.0,analysis/frames/16088/16088_beat_0151.png
16088.mp4,152,416.082,419.852,3.769,113.0,analysis/frames/16088/16088_beat_0152.png
16088.mp4,153,419.853,423.956,4.103,123.0,analysis/frames/16088/16088_beat_0153.png
16088.mp4,154,423.957,425.124,1.167,35.0,analysis/frames/16088/16088_beat_0154.png
16088.mp4,155,425.125,428.394,3.269,98.0,analysis/frames/16088/16088_beat_0155.png
16088.mp4,156,428.395,429.929,1.534,46.0,analysis/frames/16088/16088_beat_0156.png
16088.mp4,157,429.93,435.0,5.071,152.0,analysis/frames/16088/16088_beat_0157.png
16088.mp4,158,435.001,439.138,4.136,124.0,analysis/frames/16088/16088_beat_0158.png
16088.mp4,159,439.139,441.373,2.235,67.0,analysis/frames/16088/16088_beat_0159.png
16088.mp4,160,441.374,443.909,2.535,76.0,analysis/frames/16088/16088_beat_0160.png
16088.mp4,161,443.91,445.511,1.601,48.0,analysis/frames/16088/16088_beat_0161.png
16088.mp4,162,445.512,448.314,2.802,84.0,analysis/frames/16088/16088_beat_0162.png
16088.mp4,163,448.315,451.35,3.035,91.0,analysis/frames/16088/16088_beat_0163.png
16088.mp4,164,451.351,453.919,2.568,77.0,analysis/frames/16088/16088_beat_0164.png
16088.mp4,165,453.92,457.69,3.769,113.0,analysis/frames/16088/16088_beat_0165.png
16088.mp4,166,457.691,460.993,3.302,99.0,analysis/frames/16088/16088_beat_0166.png
16088.mp4,167,460.994,463.228,2.235,67.0,analysis/frames/16088/16088_beat_0167.png
16088.mp4,168,463.229,465.464,2.235,67.0,analysis/frames/16088/16088_beat_0168.png
16088.mp4,169,465.465,466.498,1.033,31.0,analysis/frames/16088/16088_beat_0169.png
16088.mp4,170,466.499,467.966,1.467,44.0,analysis/frames/16088/16088_beat_0170.png
16088.mp4,171,467.967,468.701,0.733,22.0,analysis/frames/16088/16088_beat_0171.png
16088.mp4,172,468.702,470.436,1.734,52.0,analysis/frames/16088/16088_beat_0172.png
16088.mp4,173,470.437,476.175,5.738,172.0,analysis/frames/16088/16088_beat_0173.png
16088.mp4,174,476.176,480.612,4.437,133.0,analysis/frames/16088/16088_beat_0174.png
16088.mp4,175,480.613,482.848,2.235,67.0,analysis/frames/16088/16088_beat_0175.png
16088.mp4,176,482.849,487.619,4.77,143.0,analysis/frames/16088/16088_beat_0176.png
16088.mp4,177,487.62,492.191,4.57,137.0,analysis/frames/16088/16088_beat_0177.png
16088.mp4,178,492.192,495.06,2.869,86.0,analysis/frames/16088/16088_beat_0178.png
16088.mp4,179,495.061,498.597,3.536,106.0,analysis/frames/16088/16088_beat_0179.png
16088.mp4,180,498.598,503.435,4.837,145.0,analysis/frames/16088/16088_beat_0180.png
16088.mp4,181,503.436,506.138,2.702,81.0,analysis/frames/16088/16088_beat_0181.png
16088.mp4,182,506.139,508.107,1.968,59.0,analysis/frames/16088/16088_beat_0182.png
16088.mp4,183,508.108,510.209,2.101,63.0,analysis/frames/16088/16088_beat_0183.png
16088.mp4,184,510.21,512.211,2.001,60.0,analysis/frames/16088/16088_beat_0184.png
16088.mp4,185,512.212,514.58,2.368,71.0,analysis/frames/16088/16088_beat_0185.png
16088.mp4,186,514.581,518.65,4.07,122.0,analysis/frames/16088/16088_beat_0186.png
16088.mp4,187,518.651,521.453,2.802,84.0,analysis/frames/16088/16088_beat_0187.png
16088.mp4,188,521.454,526.225,4.77,143.0,analysis/frames/16088/16088_beat_0188.png
16088.mp4,189,526.226,530.996,4.77,143.0,analysis/frames/16088/16088_beat_0189.png
16088.mp4,190,530.997,532.664,1.667,50.0,analysis/frames/16088/16088_beat_0190.png
16088.mp4,191,532.665,535.968,3.302,99.0,analysis/frames/16088/16088_beat_0191.png
16088.mp4,192,535.969,538.771,2.802,84.0,analysis/frames/16088/16088_beat_0192.png
16088.mp4,193,538.772,539.505,0.733,22.0,analysis/frames/16088/16088_beat_0193.png
16088.mp4,194,539.506,542.641,3.135,94.0,analysis/frames/16088/16088_beat_0194.png
16088.mp4,195,542.642,546.612,3.97,119.0,analysis/frames/16088/16088_beat_0195.png
16088.mp4,196,546.613,551.05,4.437,133.0,analysis/frames/16088/16088_beat_0196.png
16088.mp4,197,551.051,552.384,1.334,40.0,analysis/frames/16088/16088_beat_0197.png
16088.mp4,198,552.385,554.653,2.268,68.0,analysis/frames/16088/16088_beat_0198.png
16088.mp4,199,554.654,557.222,2.568,77.0,analysis/frames/16088/16088_beat_0199.png
16088.mp4,200,557.223,559.324,2.101,63.0,analysis/frames/16088/16088_beat_0200.png
16088.mp4,201,559.325,566.765,7.44,223.0,analysis/frames/16088/16088_beat_0201.png
16088.mp4,202,566.766,568.5,1.734,52.0,analysis/frames/16088/16088_beat_0202.png
16088.mp4,203,568.501,570.135,1.634,49.0,analysis/frames/16088/16088_beat_0203.png
16088.mp4,204,570.136,575.974,5.838,175.0,analysis/frames/16088/16088_beat_0204.png
16088.mp4,205,575.975,579.244,3.269,98.0,analysis/frames/16088/16088_beat_0205.png
16088.mp4,206,579.245,586.118,6.873,206.0,analysis/frames/16088/16088_beat_0206.png
16088.mp4,207,586.119,591.19,5.071,152.0,analysis/frames/16088/16088_beat_0207.png
16088.mp4,208,591.191,594.126,2.935,88.0,analysis/frames/16088/16088_beat_0208.png
16088.mp4,209,594.127,595.894,1.767,53.0,analysis/frames/16088/16088_beat_0209.png
16088.mp4,210,595.895,597.763,1.868,56.0,analysis/frames/16088/16088_beat_0210.png
16088.mp4,211,597.764,599.565,1.801,54.0,analysis/frames/16088/16088_beat_0211.png
16088.mp4,212,599.566,600.933,1.367,41.0,analysis/frames/16088/16088_beat_0212.png
16088.mp4,213,600.934,601.7,0.766,23.0,analysis/frames/16088/16088_beat_0213.png
16088.mp4,214,601.701,605.804,4.103,123.0,analysis/frames/16088/16088_beat_0214.png
16088.mp4,215,605.805,610.008,4.203,126.0,analysis/frames/16088/16088_beat_0215.png
16088.mp4,216,610.009,610.742,0.733,22.0,analysis/frames/16088/16088_beat_0216.png
16088.mp4,217,610.743,612.845,2.101,63.0,analysis/frames/16088/16088_beat_0217.png
16088.mp4,218,612.846,616.915,4.07,122.0,analysis/frames/16088/16088_beat_0218.png
16088.mp4,219,616.916,626.99,10.074,301.9,analysis/frames/16088/16088_beat_0219.png
16092.mp4,0,0.0,1.834,1.834,55.0,analysis/frames/16092/16092_beat_0000.png
16092.mp4,1,1.835,2.668,0.833,25.0,analysis/frames/16092/16092_beat_0001.png
16092.mp4,2,2.669,6.639,3.97,119.0,analysis/frames/16092/16092_beat_0002.png
16092.mp4,3,6.64,8.14,1.501,45.0,analysis/frames/16092/16092_beat_0003.png
16092.mp4,4,8.141,13.079,4.937,148.0,analysis/frames/16092/16092_beat_0004.png
16092.mp4,5,13.08,15.181,2.101,63.0,analysis/frames/16092/16092_beat_0005.png
16092.mp4,6,15.182,22.788,7.607,228.0,analysis/frames/16092/16092_beat_0006.png
16092.mp4,7,22.789,24.123,1.334,40.0,analysis/frames/16092/16092_beat_0007.png
16092.mp4,8,24.124,32.365,8.241,247.0,analysis/frames/16092/16092_beat_0008.png
16092.mp4,9,32.366,35.935,3.569,107.0,analysis/frames/16092/16092_beat_0009.png
16092.mp4,10,35.936,40.873,4.937,148.0,analysis/frames/16092/16092_beat_0010.png
16092.mp4,11,40.874,46.212,5.338,160.0,analysis/frames/16092/16092_beat_0011.png
16092.mp4,12,46.213,51.45,5.238,157.0,analysis/frames/16092/16092_beat_0012.png
16092.mp4,13,51.451,52.885,1.434,43.0,analysis/frames/16092/16092_beat_0013.png
16092.mp4,14,52.886,56.155,3.269,98.0,analysis/frames/16092/16092_beat_0014.png
16092.mp4,15,56.156,57.723,1.567,47.0,analysis/frames/16092/16092_beat_0015.png
16092.mp4,16,57.724,59.525,1.801,54.0,analysis/frames/16092/16092_beat_0016.png
16092.mp4,17,59.526,60.293,0.766,23.0,analysis/frames/16092/16092_beat_0017.png
16092.mp4,18,60.294,62.194,1.901,57.0,analysis/frames/16092/16092_beat_0018.png
16092.mp4,19,62.195,67.333,5.137,154.0,analysis/frames/16092/16092_beat_0019.png
16092.mp4,20,67.334,69.969,2.635,79.0,analysis/frames/16092/16092_beat_0020.png
16092.mp4,21,69.97,75.074,5.104,153.0,analysis/frames/16092/16092_beat_0021.png
16092.mp4,22,75.075,79.979,4.904,147.0,analysis/frames/16092/16092_beat_0022.png
16092.mp4,23,79.98,82.782,2.802,84.0,analysis/frames/16092/16092_beat_0023.png
16092.mp4,24,82.783,86.585,3.803,114.0,analysis/frames/16092/16092_beat_0024.png
16092.mp4,25,86.587,88.587,2.001,60.0,analysis/frames/16092/16092_beat_0025.png
16092.mp4,26,88.588,92.224,3.636,109.0,analysis/frames/16092/16092_beat_0026.png
16092.mp4,27,92.225,93.192,0.967,29.0,analysis/frames/16092/16092_beat_0027.png
16092.mp4,28,93.193,94.193,1.0,30.0,analysis/frames/16092/16092_beat_0028.png
16092.mp4,29,94.194,98.631,4.437,133.0,analysis/frames/16092/16092_beat_0029.png
16092.mp4,30,98.632,100.933,2.301,69.0,analysis/frames/16092/16092_beat_0030.png
16092.mp4,31,100.934,105.137,4.203,126.0,analysis/frames/16092/16092_beat_0031.png
16092.mp4,32,105.138,111.477,6.339,190.0,analysis/frames/16092/16092_beat_0032.png
16092.mp4,33,111.478,114.347,2.869,86.0,analysis/frames/16092/16092_beat_0033.png
16092.mp4,34,114.348,119.018,4.67,140.0,analysis/frames/16092/16092_beat_0034.png
16092.mp4,35,119.019,122.888,3.87,116.0,analysis/frames/16092/16092_beat_0035.png
16092.mp4,36,122.889,125.291,2.401,72.0,analysis/frames/16092/16092_beat_0036.png
16092.mp4,37,125.292,126.025,0.733,22.0,analysis/frames/16092/16092_beat_0037.png
16092.mp4,38,126.026,127.86,1.834,55.0,analysis/frames/16092/16092_beat_0038.png
16092.mp4,39,127.861,138.504,10.643,319.0,analysis/frames/16092/16092_beat_0039.png
16092.mp4,40,138.505,143.242,4.737,142.0,analysis/frames/16092/16092_beat_0040.png
16092.mp4,41,143.243,145.711,2.468,74.0,analysis/frames/16092/16092_beat_0041.png
16092.mp4,42,145.712,147.647,1.934,58.0,analysis/frames/16092/16092_beat_0042.png
16092.mp4,43,147.648,150.149,2.501,75.0,analysis/frames/16092/16092_beat_0043.png
16092.mp4,44,150.15,153.486,3.336,100.0,analysis/frames/16092/16092_beat_0044.png
16092.mp4,45,153.487,156.122,2.635,79.0,analysis/frames/16092/16092_beat_0045.png
16092.mp4,46,156.123,161.527,5.404,162.0,analysis/frames/16092/16092_beat_0046.png
16092.mp4,47,161.528,162.762,1.234,37.0,analysis/frames/16092/16092_beat_0047.png
16092.mp4,48,162.763,164.196,1.434,43.0,analysis/frames/16092/16092_beat_0048.png
16092.mp4,49,164.197,168.534,4.337,130.0,analysis/frames/16092/16092_beat_0049.png
16092.mp4,50,168.535,171.17,2.635,79.0,analysis/frames/16092/16092_beat_0050.png
16092.mp4,51,171.171,177.61,6.439,193.0,analysis/frames/16092/16092_beat_0051.png
16092.mp4,52,177.611,182.515,4.904,147.0,analysis/frames/16092/16092_beat_0052.png
16092.mp4,53,182.516,189.088,6.572,197.0,analysis/frames/16092/16092_beat_0053.png
16092.mp4,54,189.089,189.889,0.8,24.0,analysis/frames/16092/16092_beat_0054.png
16092.mp4,55,189.89,192.024,2.134,64.0,analysis/frames/16092/16092_beat_0055.png
16092.mp4,56,192.025,199.065,7.039,211.0,analysis/frames/16092/16092_beat_0056.png
16092.mp4,57,199.066,203.169,4.103,123.0,analysis/frames/16092/16092_beat_0057.png
16092.mp4,58,203.17,204.67,1.5,45.0,analysis/frames/16092/16092_beat_0058.png
16092.mp4,59,204.671,207.306,2.635,79.0,analysis/frames/16092/16092_beat_0059.png
16092.mp4,60,207.307,212.511,5.204,156.0,analysis/frames/16092/16092_beat_0060.png
16092.mp4,61,212.512,217.383,4.871,146.0,analysis/frames/16092/16092_beat_0061.png
16092.mp4,62,217.384,219.852,2.468,74.0,analysis/frames/16092/16092_beat_0062.png
16092.mp4,63,219.853,221.954,2.101,63.0,analysis/frames/16092/16092_beat_0063.png
16092.mp4,64,221.955,223.656,1.701,51.0,analysis/frames/16092/16092_beat_0064.png
16092.mp4,65,223.657,228.961,5.304,159.0,analysis/frames/16092/16092_beat_0065.png
16092.mp4,66,228.962,230.896,1.934,58.0,analysis/frames/16092/16092_beat_0066.png
16092.mp4,67,230.897,237.303,6.405,192.0,analysis/frames/16092/16092_beat_0067.png
16092.mp4,68,237.304,240.206,2.902,87.0,analysis/frames/16092/16092_beat_0068.png
16092.mp4,69,240.207,244.877,4.67,140.0,analysis/frames/16092/16092_beat_0069.png
16092.mp4,70,244.878,249.215,4.337,130.0,analysis/frames/16092/16092_beat_0070.png
16092.mp4,71,249.216,253.219,4.003,120.0,analysis/frames/16092/16092_beat_0071.png
16092.mp4,72,253.22,254.153,0.933,28.0,analysis/frames/16092/16092_beat_0072.png
16092.mp4,73,254.154,255.588,1.434,43.0,analysis/frames/16092/16092_beat_0073.png
16092.mp4,74,255.589,263.662,8.074,242.0,analysis/frames/16092/16092_beat_0074.png
16092.mp4,75,263.663,269.568,5.905,177.0,analysis/frames/16092/16092_beat_0075.png
16092.mp4,76,269.569,274.54,4.971,149.0,analysis/frames/16092/16092_beat_0076.png
16092.mp4,77,274.541,281.514,6.973,209.0,analysis/frames/16092/16092_beat_0077.png
16092.mp4,78,281.515,286.485,4.971,149.0,analysis/frames/16092/16092_beat_0078.png
16092.mp4,79,286.486,290.022,3.536,106.0,analysis/frames/16092/16092_beat_0079.png
16092.mp4,80,290.023,295.961,5.938,178.0,analysis/frames/16092/16092_beat_0080.png
16092.mp4,81,295.962,302.334,6.372,191.0,analysis/frames/16092/16092_beat_0081.png
16092.mp4,82,302.335,306.572,4.237,127.0,analysis/frames/16092/16092_beat_0082.png
16092.mp4,83,306.573,310.776,4.203,126.0,analysis/frames/16092/16092_beat_0083.png
16092.mp4,84,310.777,311.544,0.766,23.0,analysis/frames/16092/16092_beat_0084.png
16092.mp4,85,311.545,313.245,1.701,51.0,analysis/frames/16092/16092_beat_0085.png
16092.mp4,86,313.246,316.949,3.703,111.0,analysis/frames/16092/16092_beat_0086.png
16092.mp4,87,316.95,320.82,3.87,116.0,analysis/frames/16092/16092_beat_0087.png
16092.mp4,88,320.82,325.524,4.704,141.0,analysis/frames/16092/16092_beat_0088.png
16092.mp4,89,325.525,327.76,2.235,67.0,analysis/frames/16092/16092_beat_0089.png
16092.mp4,90,327.761,333.332,5.571,167.0,analysis/frames/16092/16092_beat_0090.png
16092.mp4,91,333.333,336.368,3.035,91.0,analysis/frames/16092/16092_beat_0091.png
16092.mp4,92,336.369,337.77,1.4,42.0,analysis/frames/16092/16092_beat_0092.png
16092.mp4,93,337.771,338.404,0.633,19.0,analysis/frames/16092/16092_beat_0093.png
16092.mp4,94,338.405,341.34,2.935,88.0,analysis/frames/16092/16092_beat_0094.png
16092.mp4,95,341.341,345.611,4.27,128.0,analysis/frames/16092/16092_beat_0095.png
16092.mp4,96,345.612,348.08,2.468,74.0,analysis/frames/16092/16092_beat_0096.png
16092.mp4,97,348.081,351.65,3.569,107.0,analysis/frames/16092/16092_beat_0097.png
16092.mp4,98,351.651,354.687,3.035,91.0,analysis/frames/16092/16092_beat_0098.png
16092.mp4,99,354.688,357.423,2.735,82.0,analysis/frames/16092/16092_beat_0099.png
16092.mp4,100,357.424,361.327,3.903,117.0,analysis/frames/16092/16092_beat_0100.png
16092.mp4,101,361.328,367.399,6.072,182.0,analysis/frames/16092/16092_beat_0101.png
16092.mp4,102,367.4,373.038,5.638,169.0,analysis/frames/16092/16092_beat_0102.png
16092.mp4,103,373.039,375.507,2.468,74.0,analysis/frames/16092/16092_beat_0103.png
16092.mp4,104,375.508,376.475,0.967,29.0,analysis/frames/16092/16092_beat_0104.png
16092.mp4,105,376.476,377.443,0.967,29.0,analysis/frames/16092/16092_beat_0105.png
16092.mp4,106,377.444,378.477,1.033,31.0,analysis/frames/16092/16092_beat_0106.png
16092.mp4,107,378.478,379.211,0.733,22.0,analysis/frames/16092/16092_beat_0107.png
16092.mp4,108,379.212,380.913,1.701,51.0,analysis/frames/16092/16092_beat_0108.png
16092.mp4,109,380.914,385.818,4.904,147.0,analysis/frames/16092/16092_beat_0109.png
16092.mp4,110,385.819,387.319,1.501,45.0,analysis/frames/16092/16092_beat_0110.png
16092.mp4,111,387.32,391.891,4.57,137.0,analysis/frames/16092/16092_beat_0111.png
16092.mp4,112,391.892,396.996,5.104,153.0,analysis/frames/16092/16092_beat_0112.png
16092.mp4,113,396.997,403.402,6.405,192.0,analysis/frames/16092/16092_beat_0113.png
16092.mp4,114,403.403,405.137,1.734,52.0,analysis/frames/16092/16092_beat_0114.png
16092.mp4,115,405.138,407.84,2.702,81.0,analysis/frames/16092/16092_beat_0115.png
16092.mp4,116,407.841,413.913,6.072,182.0,analysis/frames/16092/16092_beat_0116.png
16092.mp4,117,413.913,416.282,2.368,71.0,analysis/frames/16092/16092_beat_0117.png
16092.mp4,118,416.283,419.351,3.069,92.0,analysis/frames/16092/16092_beat_0118.png
16092.mp4,119,419.352,422.821,3.469,104.0,analysis/frames/16092/16092_beat_0119.png
16092.mp4,120,422.822,426.091,3.269,98.0,analysis/frames/16092/16092_beat_0120.png
16092.mp4,121,426.092,428.46,2.368,71.0,analysis/frames/16092/16092_beat_0121.png
16092.mp4,122,428.461,432.131,3.669,110.0,analysis/frames/16092/16092_beat_0122.png
16092.mp4,123,432.132,437.102,4.971,149.0,analysis/frames/16092/16092_beat_0123.png
16092.mp4,124,437.103,441.106,4.003,120.0,analysis/frames/16092/16092_beat_0124.png
16092.mp4,125,441.107,441.907,0.8,24.0,analysis/frames/16092/16092_beat_0125.png
16092.mp4,126,441.908,444.276,2.368,71.0,analysis/frames/16092/16092_beat_0126.png
16092.mp4,127,444.277,449.081,4.804,144.0,analysis/frames/16092/16092_beat_0127.png
16092.mp4,128,449.082,455.688,6.606,198.0,analysis/frames/16092/16092_beat_0128.png
16092.mp4,129,455.689,459.258,3.569,107.0,analysis/frames/16092/16092_beat_0129.png
16092.mp4,130,459.259,460.492,1.234,37.0,analysis/frames/16092/16092_beat_0130.png
16092.mp4,131,460.493,463.495,3.002,90.0,analysis/frames/16092/16092_beat_0131.png
16092.mp4,132,463.496,467.132,3.636,109.0,analysis/frames/16092/16092_beat_0132.png
16092.mp4,133,467.133,472.137,5.004,150.0,analysis/frames/16092/16092_beat_0133.png
16092.mp4,134,472.138,475.874,3.736,112.0,analysis/frames/16092/16092_beat_0134.png
16092.mp4,135,475.875,477.977,2.101,63.0,analysis/frames/16092/16092_beat_0135.png
16092.mp4,136,477.978,479.445,1.467,44.0,analysis/frames/16092/16092_beat_0136.png
16092.mp4,137,479.446,481.447,2.001,60.0,analysis/frames/16092/16092_beat_0137.png
16092.mp4,138,481.448,484.049,2.602,78.0,analysis/frames/16092/16092_beat_0138.png
16092.mp4,139,484.05,486.051,2.001,60.0,analysis/frames/16092/16092_beat_0139.png
16092.mp4,140,486.052,490.723,4.67,140.0,analysis/frames/16092/16092_beat_0140.png
16092.mp4,141,490.724,493.826,3.102,93.0,analysis/frames/16092/16092_beat_0141.png
16092.mp4,142,493.827,497.229,3.402,102.0,analysis/frames/16092/16092_beat_0142.png
16092.mp4,143,497.23,498.697,1.467,44.0,analysis/frames/16092/16092_beat_0143.png
16092.mp4,144,498.698,499.898,1.2,36.0,analysis/frames/16092/16092_beat_0144.png
16092.mp4,145,499.899,500.699,0.8,24.0,analysis/frames/16092/16092_beat_0145.png
16092.mp4,146,500.7,502.935,2.235,67.0,analysis/frames/16092/16092_beat_0146.png
16092.mp4,147,502.936,505.337,2.401,72.0,analysis/frames/16092/16092_beat_0147.png
16092.mp4,148,505.338,510.342,5.004,150.0,analysis/frames/16092/16092_beat_0148.png
16092.mp4,149,510.343,513.445,3.102,93.0,analysis/frames/16092/16092_beat_0149.png
16092.mp4,150,513.446,517.549,4.103,123.0,analysis/frames/16092/16092_beat_0150.png
16092.mp4,151,517.55,520.652,3.102,93.0,analysis/frames/16092/16092_beat_0151.png
16092.mp4,152,520.653,523.255,2.602,78.0,analysis/frames/16092/16092_beat_0152.png
16092.mp4,153,523.256,525.791,2.535,76.0,analysis/frames/16092/16092_beat_0153.png
16092.mp4,154,525.792,528.861,3.069,92.0,analysis/frames/16092/16092_beat_0154.png
16092.mp4,155,528.862,532.364,3.503,105.0,analysis/frames/16092/16092_beat_0155.png
16092.mp4,156,532.365,535.434,3.069,92.0,analysis/frames/16092/16092_beat_0156.png
16092.mp4,157,535.435,538.437,3.002,90.0,analysis/frames/16092/16092_beat_0157.png
16092.mp4,158,538.438,542.541,4.103,123.0,analysis/frames/16092/16092_beat_0158.png
16092.mp4,159,542.542,544.376,1.834,55.0,analysis/frames/16092/16092_beat_0159.png
16092.mp4,160,544.377,547.012,2.635,79.0,analysis/frames/16092/16092_beat_0160.png
16092.mp4,161,547.013,550.883,3.87,116.0,analysis/frames/16092/16092_beat_0161.png
16092.mp4,162,550.884,556.088,5.204,156.0,analysis/frames/16092/16092_beat_0162.png
16092.mp4,163,556.089,559.792,3.703,111.0,analysis/frames/16092/16092_beat_0163.png
16092.mp4,164,559.793,563.662,3.87,116.0,analysis/frames/16092/16092_beat_0164.png
16092.mp4,165,563.663,564.363,0.7,21.0,analysis/frames/16092/16092_beat_0165.png
16092.mp4,166,564.364,566.598,2.235,67.0,analysis/frames/16092/16092_beat_0166.png
16092.mp4,167,566.599,571.537,4.937,148.0,analysis/frames/16092/16092_beat_0167.png
16092.mp4,168,571.538,573.906,2.368,71.0,analysis/frames/16092/16092_beat_0168.png
16092.mp4,169,573.907,574.773,0.867,26.0,analysis/frames/16092/16092_beat_0169.png
16092.mp4,170,574.774,581.547,6.772,203.0,analysis/frames/16092/16092_beat_0170.png
16092.mp4,171,581.548,586.452,4.904,147.0,analysis/frames/16092/16092_beat_0171.png
16092.mp4,172,586.453,588.587,2.134,64.0,analysis/frames/16092/16092_beat_0172.png
16092.mp4,173,588.588,591.323,2.735,82.0,analysis/frames/16092/16092_beat_0173.png
16092.mp4,174,591.324,595.861,4.537,136.0,analysis/frames/16092/16092_beat_0174.png
16092.mp4,175,595.862,602.468,6.606,198.0,analysis/frames/16092/16092_beat_0175.png
16092.mp4,176,602.469,607.239,4.77,143.0,analysis/frames/16092/16092_beat_0176.png
16092.mp4,177,607.24,608.407,1.167,35.0,analysis/frames/16092/16092_beat_0177.png
16092.mp4,178,608.408,613.178,4.77,143.0,analysis/frames/16092/16092_beat_0178.png
16092.mp4,179,613.179,614.746,1.567,47.0,analysis/frames/16092/16092_beat_0179.png
16092.mp4,180,614.747,618.684,3.936,118.0,analysis/frames/16092/16092_beat_0180.png
16092.mp4,181,618.685,619.485,0.8,24.0,analysis/frames/16092/16092_beat_0181.png
16092.mp4,182,619.486,625.724,6.239,187.0,analysis/frames/16092/16092_beat_0182.png
16092.mp4,183,625.725,629.528,3.803,114.0,analysis/frames/16092/16092_beat_0183.png
16092.mp4,184,629.529,632.764,3.236,97.0,analysis/frames/16092/16092_beat_0184.png
16092.mp4,185,632.765,633.632,0.867,26.0,analysis/frames/16092/16092_beat_0185.png
16092.mp4,186,633.633,637.769,4.136,124.0,analysis/frames/16092/16092_beat_0186.png
16092.mp4,187,637.77,647.88,10.11,303.0,analysis/frames/16092/16092_beat_0187.png
