video,beat,start_s,end_s,duration_s,duration_frames,approx_words,start_word,end_word,image
16040.mp4,0,0.0,1.868,1.868,56.0,6.5,0.0,6.5,analysis/frames/16040/16040_beat_0000.png
16040.mp4,1,1.869,3.069,1.2,36.0,4.2,6.5,10.7,analysis/frames/16040/16040_beat_0001.png
16040.mp4,2,3.07,4.537,1.467,44.0,5.1,10.7,15.9,analysis/frames/16040/16040_beat_0002.png
16040.mp4,3,4.538,7.874,3.336,100.0,11.7,15.9,27.5,analysis/frames/16040/16040_beat_0003.png
16040.mp4,4,7.875,12.645,4.77,143.0,16.7,27.5,44.2,analysis/frames/16040/16040_beat_0004.png
16040.mp4,5,12.646,13.679,1.033,31.0,3.6,44.2,47.9,analysis/frames/16040/16040_beat_0005.png
16040.mp4,6,13.68,15.314,1.634,49.0,5.7,47.9,53.6,analysis/frames/16040/16040_beat_0006.png
16040.mp4,7,15.315,20.853,5.538,166.0,19.4,53.6,73.0,analysis/frames/16040/16040_beat_0007.png
16040.mp4,8,20.854,22.355,1.5,45.0,5.2,73.0,78.2,analysis/frames/16040/16040_beat_0008.png
16040.mp4,9,22.356,24.824,2.468,74.0,8.6,78.2,86.8,analysis/frames/16040/16040_beat_0009.png
16040.mp4,10,24.825,26.158,1.334,40.0,4.7,86.8,91.5,analysis/frames/16040/16040_beat_0010.png
16040.mp4,11,26.159,28.561,2.401,72.0,8.4,91.5,99.9,analysis/frames/16040/16040_beat_0011.png
16040.mp4,12,28.562,30.062,1.5,45.0,5.2,99.9,105.2,analysis/frames/16040/16040_beat_0012.png
16040.mp4,13,30.063,33.165,3.102,93.0,10.9,105.2,116.0,analysis/frames/16040/16040_beat_0013.png
16040.mp4,14,33.166,35.902,2.735,82.0,9.6,116.0,125.6,analysis/frames/16040/16040_beat_0014.png
16040.mp4,15,35.903,40.006,4.103,123.0,14.4,125.6,140.0,analysis/frames/16040/16040_beat_0015.png
16040.mp4,16,40.007,41.34,1.334,40.0,4.7,140.0,144.6,analysis/frames/16040/16040_beat_0016.png
16040.mp4,17,41.341,43.209,1.868,56.0,6.5,144.6,151.2,analysis/frames/16040/16040_beat_0017.png
16040.mp4,18,43.21,47.38,4.17,125.0,14.6,151.2,165.8,analysis/frames/16040/16040_beat_0018.png
16040.mp4,19,47.381,50.716,3.336,100.0,11.7,165.8,177.4,analysis/frames/16040/16040_beat_0019.png
16040.mp4,20,50.717,53.519,2.802,84.0,9.8,177.4,187.2,analysis/frames/16040/16040_beat_0020.png
16040.mp4,21,53.52,57.256,3.736,112.0,13.1,187.2,200.3,analysis/frames/16040/16040_beat_0021.png
16040.mp4,22,57.257,60.993,3.736,112.0,13.1,200.3,213.4,analysis/frames/16040/16040_beat_0022.png
16040.mp4,23,60.994,62.295,1.3,39.0,4.5,213.4,217.9,analysis/frames/16040/16040_beat_0023.png
16040.mp4,24,62.296,65.564,3.269,98.0,11.4,217.9,229.4,analysis/frames/16040/16040_beat_0024.png
16040.mp4,25,65.566,66.966,1.4,42.0,4.9,229.4,234.3,analysis/frames/16040/16040_beat_0025.png
16040.mp4,26,66.967,68.301,1.334,40.0,4.7,234.3,239.0,analysis/frames/16040/16040_beat_0026.png
16040.mp4,27,68.302,72.705,4.403,132.0,15.4,239.0,254.4,analysis/frames/16040/16040_beat_0027.png
16040.mp4,28,72.706,76.442,3.736,112.0,13.1,254.4,267.4,analysis/frames/16040/16040_beat_0028.png
16040.mp4,29,76.443,77.176,0.733,22.0,2.6,267.4,270.0,analysis/frames/16040/16040_beat_0029.png
16040.mp4,30,77.177,78.11,0.933,28.0,3.3,270.0,273.3,analysis/frames/16040/16040_beat_0030.png
16040.mp4,31,78.111,85.217,7.106,213.0,24.9,273.3,298.1,analysis/frames/16040/16040_beat_0031.png
16040.mp4,32,85.218,88.888,3.669,110.0,12.8,298.1,311.0,analysis/frames/16040/16040_beat_0032.png
16040.mp4,33,88.889,92.525,3.636,109.0,12.7,311.0,323.7,analysis/frames/16040/16040_beat_0033.png
16040.mp4,34,92.526,96.562,4.036,121.0,14.1,323.7,337.8,analysis/frames/16040/16040_beat_0034.png
16040.mp4,35,96.563,100.8,4.237,127.0,14.8,337.8,352.7,analysis/frames/16040/16040_beat_0035.png
16040.mp4,36,100.801,102.902,2.101,63.0,7.4,352.7,360.0,analysis/frames/16040/16040_beat_0036.png
16040.mp4,37,102.903,105.271,2.368,71.0,8.3,360.0,368.3,analysis/frames/16040/16040_beat_0037.png
16040.mp4,38,105.272,107.673,2.401,72.0,8.4,368.3,376.7,analysis/frames/16040/16040_beat_0038.png
16040.mp4,39,107.674,109.075,1.4,42.0,4.9,376.7,381.6,analysis/frames/16040/16040_beat_0039.png
16040.mp4,40,109.076,110.91,1.834,55.0,6.4,381.6,388.0,analysis/frames/16040/16040_beat_0040.png
16040.mp4,41,110.911,114.18,3.269,98.0,11.4,388.0,399.5,analysis/frames/16040/16040_beat_0041.png
16040.mp4,42,114.181,117.216,3.035,91.0,10.6,399.5,410.1,analysis/frames/16040/16040_beat_0042.png
16040.mp4,43,117.217,121.053,3.836,115.0,13.4,410.1,423.5,analysis/frames/16040/16040_beat_0043.png
16040.mp4,44,121.054,123.923,2.869,86.0,10.0,423.5,433.6,analysis/frames/16040/16040_beat_0044.png
16040.mp4,45,123.924,126.158,2.235,67.0,7.8,433.6,441.4,analysis/frames/16040/16040_beat_0045.png
16040.mp4,46,126.159,132.365,6.205,186.0,21.7,441.4,463.1,analysis/frames/16040/16040_beat_0046.png
16040.mp4,47,132.366,133.899,1.534,46.0,5.4,463.1,468.5,analysis/frames/16040/16040_beat_0047.png
16040.mp4,48,133.9,135.768,1.868,56.0,6.5,468.5,475.0,analysis/frames/16040/16040_beat_0048.png
16040.mp4,49,135.769,137.47,1.701,51.0,6.0,475.0,481.0,analysis/frames/16040/16040_beat_0049.png
16040.mp4,50,137.471,138.17,0.7,21.0,2.4,481.0,483.4,analysis/frames/16040/16040_beat_0050.png
16040.mp4,51,138.171,139.505,1.334,40.0,4.7,483.4,488.1,analysis/frames/16040/16040_beat_0051.png
16040.mp4,52,139.506,143.342,3.836,115.0,13.4,488.1,501.5,analysis/frames/16040/16040_beat_0052.png
16040.mp4,53,143.343,146.946,3.603,108.0,12.6,501.5,514.1,analysis/frames/16040/16040_beat_0053.png
16040.mp4,54,146.947,148.748,1.801,54.0,6.3,514.1,520.4,analysis/frames/16040/16040_beat_0054.png
16040.mp4,55,148.749,153.319,4.57,137.0,16.0,520.4,536.4,analysis/frames/16040/16040_beat_0055.png
16040.mp4,56,153.32,159.058,5.738,172.0,20.1,536.4,556.5,analysis/frames/16040/16040_beat_0056.png
16040.mp4,57,159.059,163.596,4.537,136.0,15.9,556.5,572.4,analysis/frames/16040/16040_beat_0057.png
16040.mp4,58,163.597,167.266,3.669,110.0,12.8,572.4,585.2,analysis/frames/16040/16040_beat_0058.png
16040.mp4,59,167.267,169.502,2.235,67.0,7.8,585.2,593.0,analysis/frames/16040/16040_beat_0059.png
16040.mp4,60,169.503,174.707,5.204,156.0,18.2,593.0,611.3,analysis/frames/16040/16040_beat_0060.png
16040.mp4,61,174.708,177.576,2.869,86.0,10.0,611.3,621.3,analysis/frames/16040/16040_beat_0061.png
16040.mp4,62,177.577,182.948,5.371,161.0,18.8,621.3,640.1,analysis/frames/16040/16040_beat_0062.png
16040.mp4,63,182.949,185.051,2.101,63.0,7.4,640.1,647.5,analysis/frames/16040/16040_beat_0063.png
16040.mp4,64,185.052,188.487,3.436,103.0,12.0,647.5,659.5,analysis/frames/16040/16040_beat_0064.png
16040.mp4,65,188.488,191.09,2.602,78.0,9.1,659.5,668.6,analysis/frames/16040/16040_beat_0065.png
16040.mp4,66,191.091,195.528,4.437,133.0,15.5,668.6,684.1,analysis/frames/16040/16040_beat_0066.png
16040.mp4,67,195.529,197.496,1.968,59.0,6.9,684.1,691.0,analysis/frames/16040/16040_beat_0067.png
16040.mp4,68,197.497,202.601,5.104,153.0,17.9,691.0,708.9,analysis/frames/16040/16040_beat_0068.png
16040.mp4,69,202.602,203.469,0.867,26.0,3.0,708.9,711.9,analysis/frames/16040/16040_beat_0069.png
16040.mp4,70,203.47,204.804,1.334,40.0,4.7,711.9,716.6,analysis/frames/16040/16040_beat_0070.png
16040.mp4,71,204.805,207.073,2.268,68.0,7.9,716.6,724.5,analysis/frames/16040/16040_beat_0071.png
16040.mp4,72,207.074,215.081,8.007,240.0,28.0,724.5,752.5,analysis/frames/16040/16040_beat_0072.png
16040.mp4,73,215.082,216.382,1.3,39.0,4.5,752.5,757.1,analysis/frames/16040/16040_beat_0073.png
16040.mp4,74,216.383,218.984,2.602,78.0,9.1,757.1,766.2,analysis/frames/16040/16040_beat_0074.png
16040.mp4,75,218.985,223.956,4.971,149.0,17.4,766.2,783.6,analysis/frames/16040/16040_beat_0075.png
16040.mp4,76,223.957,227.693,3.736,112.0,13.1,783.6,796.7,analysis/frames/16040/16040_beat_0076.png
16040.mp4,77,227.694,229.762,2.068,62.0,7.2,796.7,803.9,analysis/frames/16040/16040_beat_0077.png
16040.mp4,78,229.763,232.765,3.002,90.0,10.5,803.9,814.4,analysis/frames/16040/16040_beat_0078.png
16040.mp4,79,232.766,235.568,2.802,84.0,9.8,814.4,824.2,analysis/frames/16040/16040_beat_0079.png
16040.mp4,80,235.569,240.739,5.171,155.0,18.1,824.2,842.3,analysis/frames/16040/16040_beat_0080.png
16040.mp4,81,240.74,243.843,3.102,93.0,10.9,842.3,853.2,analysis/frames/16040/16040_beat_0081.png
16040.mp4,82,243.844,249.148,5.304,159.0,18.6,853.2,871.7,analysis/frames/16040/16040_beat_0082.png
16040.mp4,83,249.149,255.421,6.272,188.0,22.0,871.7,893.7,analysis/frames/16040/16040_beat_0083.png
16040.mp4,84,255.422,257.289,1.868,56.0,6.5,893.7,900.2,analysis/frames/16040/16040_beat_0084.png
16040.mp4,85,257.29,260.926,3.636,109.0,12.7,900.2,913.0,analysis/frames/16040/16040_beat_0085.png
16040.mp4,86,260.927,268.2,7.273,218.0,25.5,913.0,938.4,analysis/frames/16040/16040_beat_0086.png
16040.mp4,87,268.201,269.802,1.601,48.0,5.6,938.4,944.0,analysis/frames/16040/16040_beat_0087.png
16040.mp4,88,269.803,270.669,0.867,26.0,3.0,944.0,947.0,analysis/frames/16040/16040_beat_0088.png
16040.mp4,89,270.67,271.637,0.967,29.0,3.4,947.0,950.4,analysis/frames/16040/16040_beat_0089.png
16040.mp4,90,271.638,275.107,3.469,104.0,12.1,950.4,962.6,analysis/frames/16040/16040_beat_0090.png
16040.mp4,91,275.108,277.109,2.001,60.0,7.0,962.6,969.6,analysis/frames/16040/16040_beat_0091.png
16040.mp4,92,277.11,278.577,1.467,44.0,5.1,969.6,974.7,analysis/frames/16040/16040_beat_0092.png
16040.mp4,93,278.578,281.614,3.035,91.0,10.6,974.7,985.3,analysis/frames/16040/16040_beat_0093.png
16040.mp4,94,281.615,283.082,1.467,44.0,5.1,985.3,990.5,analysis/frames/16040/16040_beat_0094.png
16040.mp4,95,283.083,284.383,1.3,39.0,4.5,990.5,995.0,analysis/frames/16040/16040_beat_0095.png
16040.mp4,96,284.384,285.885,1.501,45.0,5.3,995.0,1000.3,analysis/frames/16040/16040_beat_0096.png
16040.mp4,97,285.886,286.886,1.0,30.0,3.5,1000.3,1003.8,analysis/frames/16040/16040_beat_0097.png
16040.mp4,98,286.887,288.621,1.734,52.0,6.1,1003.8,1009.8,analysis/frames/16040/16040_beat_0098.png
16040.mp4,99,288.622,293.626,5.004,150.0,17.5,1009.8,1027.4,analysis/frames/16040/16040_beat_0099.png
16040.mp4,100,293.627,295.427,1.801,54.0,6.3,1027.4,1033.7,analysis/frames/16040/16040_beat_0100.png
16040.mp4,101,295.428,297.596,2.168,65.0,7.6,1033.7,1041.2,analysis/frames/16040/16040_beat_0101.png
16040.mp4,102,297.597,302.101,4.504,135.0,15.8,1041.2,1057.0,analysis/frames/16040/16040_beat_0102.png
16040.mp4,103,302.102,305.171,3.069,92.0,10.7,1057.0,1067.8,analysis/frames/16040/16040_beat_0103.png
16040.mp4,104,305.172,306.839,1.667,50.0,5.8,1067.8,1073.6,analysis/frames/16040/16040_beat_0104.png
16040.mp4,105,306.84,308.741,1.901,57.0,6.7,1073.6,1080.2,analysis/frames/16040/16040_beat_0105.png
16040.mp4,106,308.742,311.076,2.335,70.0,8.2,1080.2,1088.4,analysis/frames/16040/16040_beat_0106.png
16040.mp4,107,311.077,313.612,2.535,76.0,8.9,1088.4,1097.3,analysis/frames/16040/16040_beat_0107.png
16040.mp4,108,313.613,316.882,3.269,98.0,11.4,1097.3,1108.7,analysis/frames/16040/16040_beat_0108.png
16040.mp4,109,316.883,322.154,5.271,158.0,18.4,1108.7,1127.2,analysis/frames/16040/16040_beat_0109.png
16040.mp4,110,322.155,324.79,2.635,79.0,9.2,1127.2,1136.4,analysis/frames/16040/16040_beat_0110.png
16040.mp4,111,324.791,326.025,1.234,37.0,4.3,1136.4,1140.7,analysis/frames/16040/16040_beat_0111.png
16040.mp4,112,326.026,330.462,4.437,133.0,15.5,1140.7,1156.2,analysis/frames/16040/16040_beat_0112.png
16040.mp4,113,330.463,331.33,0.867,26.0,3.0,1156.2,1159.3,analysis/frames/16040/16040_beat_0113.png
16040.mp4,114,331.331,333.132,1.801,54.0,6.3,1159.3,1165.6,analysis/frames/16040/16040_beat_0114.png
16040.mp4,115,333.133,337.236,4.103,123.0,14.4,1165.6,1179.9,analysis/frames/16040/16040_beat_0115.png
16040.mp4,116,337.237,339.138,1.901,57.0,6.7,1179.9,1186.6,analysis/frames/16040/16040_beat_0116.png
16040.mp4,117,339.139,342.541,3.402,102.0,11.9,1186.6,1198.5,analysis/frames/16040/16040_beat_0117.png
16040.mp4,118,342.542,345.244,2.702,81.0,9.5,1198.5,1208.0,analysis/frames/16040/16040_beat_0118.png
16040.mp4,119,345.245,346.612,1.367,41.0,4.8,1208.0,1212.7,analysis/frames/16040/16040_beat_0119.png
16040.mp4,120,346.613,348.848,2.235,67.0,7.8,1212.7,1220.6,analysis/frames/16040/16040_beat_0120.png
16040.mp4,121,348.849,350.583,1.734,52.0,6.1,1220.6,1226.6,analysis/frames/16040/16040_beat_0121.png
16040.mp4,122,350.584,352.117,1.534,46.0,5.4,1226.6,1232.0,analysis/frames/16040/16040_beat_0122.png
16040.mp4,123,352.118,353.586,1.467,44.0,5.1,1232.0,1237.1,analysis/frames/16040/16040_beat_0123.png
16040.mp4,124,353.587,355.187,1.601,48.0,5.6,1237.1,1242.7,analysis/frames/16040/16040_beat_0124.png
16040.mp4,125,355.188,356.722,1.534,46.0,5.4,1242.7,1248.1,analysis/frames/16040/16040_beat_0125.png
16040.mp4,126,356.723,358.157,1.434,43.0,5.0,1248.1,1253.1,analysis/frames/16040/16040_beat_0126.png
16040.mp4,127,358.158,359.625,1.467,44.0,5.1,1253.1,1258.3,analysis/frames/16040/16040_beat_0127.png
16040.mp4,128,359.626,361.393,1.767,53.0,6.2,1258.3,1264.5,analysis/frames/16040/16040_beat_0128.png
16040.mp4,129,361.394,363.195,1.801,54.0,6.3,1264.5,1270.8,analysis/frames/16040/16040_beat_0129.png
16040.mp4,130,363.196,365.431,2.235,67.0,7.8,1270.8,1278.6,analysis/frames/16040/16040_beat_0130.png
16040.mp4,131,365.432,367.733,2.301,69.0,8.1,1278.6,1286.6,analysis/frames/16040/16040_beat_0131.png
16040.mp4,132,367.734,369.668,1.934,58.0,6.8,1286.6,1293.4,analysis/frames/16040/16040_beat_0132.png
16040.mp4,133,369.669,372.071,2.401,72.0,8.4,1293.4,1301.8,analysis/frames/16040/16040_beat_0133.png
16040.mp4,134,372.072,374.974,2.902,87.0,10.2,1301.8,1312.0,analysis/frames/16040/16040_beat_0134.png
16040.mp4,135,374.975,376.809,1.834,55.0,6.4,1312.0,1318.4,analysis/frames/16040/16040_beat_0135.png
16040.mp4,136,376.81,380.579,3.769,113.0,13.2,1318.4,1331.6,analysis/frames/16040/16040_beat_0136.png
16040.mp4,137,380.58,383.482,2.902,87.0,10.2,1331.6,1341.7,analysis/frames/16040/16040_beat_0137.png
16040.mp4,138,383.483,388.888,5.404,162.0,18.9,1341.7,1360.6,analysis/frames/16040/16040_beat_0138.png
16040.mp4,139,388.889,390.623,1.734,52.0,6.1,1360.6,1366.7,analysis/frames/16040/16040_beat_0139.png
16040.mp4,140,390.624,391.39,0.766,23.0,2.7,1366.7,1369.4,analysis/frames/16040/16040_beat_0140.png
16040.mp4,141,391.391,392.458,1.067,32.0,3.7,1369.4,1373.1,analysis/frames/16040/16040_beat_0141.png
16040.mp4,142,392.459,395.928,3.469,104.0,12.1,1373.1,1385.3,analysis/frames/16040/16040_beat_0142.png
16040.mp4,143,395.929,399.231,3.302,99.0,11.6,1385.3,1396.8,analysis/frames/16040/16040_beat_0143.png
16040.mp4,144,399.232,400.566,1.334,40.0,4.7,1396.8,1401.5,analysis/frames/16040/16040_beat_0144.png
16040.mp4,145,400.567,404.637,4.07,122.0,14.2,1401.5,1415.7,analysis/frames/16040/16040_beat_0145.png
16040.mp4,146,404.638,407.039,2.401,72.0,8.4,1415.7,1424.1,analysis/frames/16040/16040_beat_0146.png
16040.mp4,147,407.04,409.074,2.034,61.0,7.1,1424.1,1431.3,analysis/frames/16040/16040_beat_0147.png
16040.mp4,148,409.075,412.578,3.502,105.0,12.3,1431.3,1443.5,analysis/frames/16040/16040_beat_0148.png
16040.mp4,149,412.579,414.046,1.467,44.0,5.1,1443.5,1448.7,analysis/frames/16040/16040_beat_0149.png
16040.mp4,150,414.047,414.98,0.933,28.0,3.3,1448.7,1451.9,analysis/frames/16040/16040_beat_0150.png
16040.mp4,151,414.981,417.349,2.368,71.0,8.3,1451.9,1460.2,analysis/frames/16040/16040_beat_0151.png
16040.mp4,152,417.35,421.253,3.903,117.0,13.7,1460.2,1473.9,analysis/frames/16040/16040_beat_0152.png
16040.mp4,153,421.254,424.59,3.336,100.0,11.7,1473.9,1485.5,analysis/frames/16040/16040_beat_0153.png
16040.mp4,154,424.591,425.291,0.7,21.0,2.4,1485.5,1488.0,analysis/frames/16040/16040_beat_0154.png
16040.mp4,155,425.292,429.361,4.07,122.0,14.2,1488.0,1502.2,analysis/frames/16040/16040_beat_0155.png
16040.mp4,156,429.362,432.498,3.135,94.0,11.0,1502.2,1513.2,analysis/frames/16040/16040_beat_0156.png
16040.mp4,157,432.499,434.767,2.268,68.0,7.9,1513.2,1521.1,analysis/frames/16040/16040_beat_0157.png
16040.mp4,158,434.768,438.003,3.236,97.0,11.3,1521.1,1532.5,analysis/frames/16040/16040_beat_0158.png
16040.mp4,159,438.004,441.14,3.135,94.0,11.0,1532.5,1543.4,analysis/frames/16040/16040_beat_0159.png
16040.mp4,160,441.141,442.374,1.234,37.0,4.3,1543.4,1547.8,analysis/frames/16040/16040_beat_0160.png
16040.mp4,161,442.375,444.576,2.201,66.0,7.7,1547.8,1555.5,analysis/frames/16040/16040_beat_0161.png
16040.mp4,162,444.577,448.28,3.703,111.0,13.0,1555.5,1568.4,analysis/frames/16040/16040_beat_0162.png
16040.mp4,163,448.281,451.517,3.236,97.0,11.3,1568.4,1579.8,analysis/frames/16040/16040_beat_0163.png
16040.mp4,164,451.518,457.156,5.638,169.0,19.7,1579.8,1599.5,analysis/frames/16040/16040_beat_0164.png
16040.mp4,165,457.157,459.291,2.134,64.0,7.5,1599.5,1607.0,analysis/frames/16040/16040_beat_0165.png
16040.mp4,166,459.292,459.992,0.7,21.0,2.4,1607.0,1609.4,analysis/frames/16040/16040_beat_0166.png
16040.mp4,167,459.993,461.26,1.267,38.0,4.4,1609.4,1613.8,analysis/frames/16040/16040_beat_0167.png
16040.mp4,168,461.261,463.462,2.201,66.0,7.7,1613.8,1621.5,analysis/frames/16040/16040_beat_0168.png
16040.mp4,169,463.463,467.666,4.203,126.0,14.7,1621.5,1636.3,analysis/frames/16040/16040_beat_0169.png
16040.mp4,170,467.667,471.603,3.936,118.0,13.8,1636.3,1650.0,analysis/frames/16040/16040_beat_0170.png
16040.mp4,171,471.604,477.676,6.072,182.0,21.3,1650.0,1671.3,analysis/frames/16040/16040_beat_0171.png
16040.mp4,172,477.677,479.578,1.901,57.0,6.7,1671.3,1677.9,analysis/frames/16040/16040_beat_0172.png
16040.mp4,173,479.579,481.513,1.934,58.0,6.8,1677.9,1684.7,analysis/frames/16040/16040_beat_0173.png
16040.mp4,174,481.514,485.15,3.636,109.0,12.7,1684.7,1697.4,analysis/frames/16040/16040_beat_0174.png
16040.mp4,175,485.151,487.052,1.901,57.0,6.7,1697.4,1704.1,analysis/frames/16040/16040_beat_0175.png
16040.mp4,176,487.053,489.021,1.968,59.0,6.9,1704.1,1711.0,analysis/frames/16040/16040_beat_0176.png
16040.mp4,177,489.022,489.621,0.6,18.0,2.1,1711.0,1713.1,analysis/frames/16040/16040_beat_0177.png
16040.mp4,178,489.622,492.057,2.435,73.0,8.5,1713.1,1721.6,analysis/frames/16040/16040_beat_0178.png
16040.mp4,179,492.058,493.425,1.367,41.0,4.8,1721.6,1726.4,analysis/frames/16040/16040_beat_0179.png
16040.mp4,180,493.426,495.694,2.268,68.0,7.9,1726.4,1734.3,analysis/frames/16040/16040_beat_0180.png
16040.mp4,181,495.695,497.363,1.667,50.0,5.8,1734.3,1740.2,analysis/frames/16040/16040_beat_0181.png
16040.mp4,182,497.364,501.667,4.303,129.0,15.1,1740.2,1755.2,analysis/frames/16040/16040_beat_0182.png
16040.mp4,183,501.668,504.002,2.335,70.0,8.2,1755.2,1763.4,analysis/frames/16040/16040_beat_0183.png
16040.mp4,184,504.003,508.974,4.971,149.0,17.4,1763.4,1780.8,analysis/frames/16040/16040_beat_0184.png
16040.mp4,185,508.975,511.043,2.068,62.0,7.2,1780.8,1788.0,analysis/frames/16040/16040_beat_0185.png
16040.mp4,186,511.044,515.347,4.303,129.0,15.1,1788.0,1803.1,analysis/frames/16040/16040_beat_0186.png
16040.mp4,187,515.348,518.717,3.369,101.0,11.8,1803.1,1814.9,analysis/frames/16040/16040_beat_0187.png
16040.mp4,188,518.718,522.688,3.97,119.0,13.9,1814.9,1828.8,analysis/frames/16040/16040_beat_0188.png
16040.mp4,189,522.689,523.422,0.733,22.0,2.6,1828.8,1831.3,analysis/frames/16040/16040_beat_0189.png
16040.mp4,190,523.423,524.39,0.967,29.0,3.4,1831.3,1834.7,analysis/frames/16040/16040_beat_0190.png
16040.mp4,191,524.391,526.091,1.701,51.0,6.0,1834.7,1840.7,analysis/frames/16040/16040_beat_0191.png
16040.mp4,192,526.092,527.393,1.3,39.0,4.5,1840.7,1845.2,analysis/frames/16040/16040_beat_0192.png
16040.mp4,193,527.394,529.495,2.101,63.0,7.4,1845.2,1852.6,analysis/frames/16040/16040_beat_0193.png
16040.mp4,194,529.496,535.034,5.538,166.0,19.4,1852.6,1872.0,analysis/frames/16040/16040_beat_0194.png
16040.mp4,195,535.034,543.075,8.04,241.0,28.1,1872.0,1900.1,analysis/frames/16040/16040_beat_0195.png
16040.mp4,196,543.076,544.676,1.601,48.0,5.6,1900.1,1905.7,analysis/frames/16040/16040_beat_0196.png
16040.mp4,197,544.677,546.979,2.301,69.0,8.1,1905.7,1913.8,analysis/frames/16040/16040_beat_0197.png
16040.mp4,198,546.98,553.619,6.639,199.0,23.2,1913.8,1937.0,analysis/frames/16040/16040_beat_0198.png
16040.mp4,199,553.62,557.022,3.402,102.0,11.9,1937.0,1948.9,analysis/frames/16040/16040_beat_0199.png
16040.mp4,200,557.023,560.559,3.536,106.0,12.4,1948.9,1961.3,analysis/frames/16040/16040_beat_0200.png
16040.mp4,201,560.56,563.295,2.735,82.0,9.6,1961.3,1970.8,analysis/frames/16040/16040_beat_0201.png
16040.mp4,202,563.296,566.632,3.336,100.0,11.7,1970.8,1982.5,analysis/frames/16040/16040_beat_0202.png
16040.mp4,203,566.633,569.768,3.135,94.0,11.0,1982.5,1993.5,analysis/frames/16040/16040_beat_0203.png
16040.mp4,204,569.769,575.207,5.438,163.0,19.0,1993.5,2012.5,analysis/frames/16040/16040_beat_0204.png
16040.mp4,205,575.208,578.21,3.002,90.0,10.5,2012.5,2023.0,analysis/frames/16040/16040_beat_0205.png
16040.mp4,206,578.211,579.278,1.067,32.0,3.7,2023.0,2026.8,analysis/frames/16040/16040_beat_0206.png
16040.mp4,207,579.279,581.213,1.934,58.0,6.8,2026.8,2033.5,analysis/frames/16040/16040_beat_0207.png
16040.mp4,208,581.214,586.552,5.338,160.0,18.7,2033.5,2052.2,analysis/frames/16040/16040_beat_0208.png
16040.mp4,209,586.553,589.555,3.002,90.0,10.5,2052.2,2062.7,analysis/frames/16040/16040_beat_0209.png
16040.mp4,210,589.556,591.09,1.534,46.0,5.4,2062.7,2068.1,analysis/frames/16040/16040_beat_0210.png
16040.mp4,211,591.091,591.824,0.733,22.0,2.6,2068.1,2070.7,analysis/frames/16040/16040_beat_0211.png
16040.mp4,212,591.825,592.758,0.933,28.0,3.3,2070.7,2073.9,analysis/frames/16040/16040_beat_0212.png
16040.mp4,213,592.759,595.127,2.368,71.0,8.3,2073.9,2082.2,analysis/frames/16040/16040_beat_0213.png
16040.mp4,214,595.128,600.165,5.037,151.0,17.6,2082.2,2099.8,analysis/frames/16040/16040_beat_0214.png
16040.mp4,215,600.166,602.234,2.068,62.0,7.2,2099.8,2107.1,analysis/frames/16040/16040_beat_0215.png
16040.mp4,216,602.235,603.135,0.9,27.0,3.1,2107.1,2110.2,analysis/frames/16040/16040_beat_0216.png
16040.mp4,217,603.136,605.07,1.934,58.0,6.8,2110.2,2117.0,analysis/frames/16040/16040_beat_0217.png
16040.mp4,218,605.071,607.973,2.902,87.0,10.2,2117.0,2127.2,analysis/frames/16040/16040_beat_0218.png
16040.mp4,219,607.974,610.442,2.468,74.0,8.6,2127.2,2135.8,analysis/frames/16040/16040_beat_0219.png
16040.mp4,220,610.443,612.978,2.535,76.0,8.9,2135.8,2144.7,analysis/frames/16040/16040_beat_0220.png
16040.mp4,221,612.979,616.748,3.769,113.0,13.2,2144.7,2157.9,analysis/frames/16040/16040_beat_0221.png
16040.mp4,222,616.749,618.984,2.235,67.0,7.8,2157.9,2165.7,analysis/frames/16040/16040_beat_0222.png
16040.mp4,223,618.985,620.819,1.834,55.0,6.4,2165.7,2172.1,analysis/frames/16040/16040_beat_0223.png
16040.mp4,224,620.82,623.388,2.568,77.0,9.0,2172.1,2181.1,analysis/frames/16040/16040_beat_0224.png
16040.mp4,225,623.389,624.623,1.234,37.0,4.3,2181.1,2185.4,analysis/frames/16040/16040_beat_0225.png
16040.mp4,226,624.624,628.46,3.836,115.0,13.4,2185.4,2198.8,analysis/frames/16040/16040_beat_0226.png
16040.mp4,227,628.461,634.867,6.405,192.0,22.4,2198.8,2221.3,analysis/frames/16040/16040_beat_0227.png
16040.mp4,228,634.868,636.869,2.001,60.0,7.0,2221.3,2228.3,analysis/frames/16040/16040_beat_0228.png
16040.mp4,229,636.87,639.571,2.702,81.0,9.5,2228.3,2237.7,analysis/frames/16040/16040_beat_0229.png
16040.mp4,230,639.572,642.374,2.802,84.0,9.8,2237.7,2247.5,analysis/frames/16040/16040_beat_0230.png
16040.mp4,231,642.375,646.545,4.17,125.0,14.6,2247.5,2262.1,analysis/frames/16040/16040_beat_0231.png
16040.mp4,232,646.546,649.615,3.069,92.0,10.7,2262.1,2272.9,analysis/frames/16040/16040_beat_0232.png
16040.mp4,233,649.616,652.417,2.802,84.0,9.8,2272.9,2282.7,analysis/frames/16040/16040_beat_0233.png
16040.mp4,234,652.418,653.986,1.567,47.0,5.5,2282.7,2288.2,analysis/frames/16040/16040_beat_0234.png
16040.mp4,235,653.987,657.456,3.469,104.0,12.1,2288.2,2300.3,analysis/frames/16040/16040_beat_0235.png
16040.mp4,236,657.457,659.391,1.934,58.0,6.8,2300.3,2307.1,analysis/frames/16040/16040_beat_0236.png
16040.mp4,237,659.392,661.994,2.602,78.0,9.1,2307.1,2316.2,analysis/frames/16040/16040_beat_0237.png
16040.mp4,238,661.995,672.08,10.085,302.3,35.3,2316.2,2351.5,analysis/frames/16040/16040_beat_0238.png
16044.mp4,0,0.0,1.767,1.767,53.0,6.2,0.0,6.2,analysis/frames/16044/16044_beat_0000.png
16044.mp4,1,1.768,4.904,3.135,94.0,11.0,6.2,17.2,analysis/frames/16044/16044_beat_0001.png
16044.mp4,2,4.905,9.208,4.303,129.0,15.1,17.2,32.2,analysis/frames/16044/16044_beat_0002.png
16044.mp4,3,9.209,13.913,4.704,141.0,16.5,32.2,48.7,analysis/frames/16044/16044_beat_0003.png
16044.mp4,4,13.914,20.92,7.006,210.0,24.5,48.7,73.2,analysis/frames/16044/16044_beat_0004.png
16044.mp4,5,20.921,24.657,3.736,112.0,13.1,73.2,86.3,analysis/frames/16044/16044_beat_0005.png
16044.mp4,6,24.658,32.798,8.14,244.0,28.5,86.3,114.8,analysis/frames/16044/16044_beat_0006.png
16044.mp4,7,32.799,35.635,2.835,85.0,9.9,114.8,124.7,analysis/frames/16044/16044_beat_0007.png
16044.mp4,8,35.636,42.208,6.572,197.0,23.0,124.7,147.7,analysis/frames/16044/16044_beat_0008.png
16044.mp4,9,42.209,45.278,3.069,92.0,10.7,147.7,158.4,analysis/frames/16044/16044_beat_0009.png
16044.mp4,10,45.279,47.847,2.568,77.0,9.0,158.4,167.4,analysis/frames/16044/16044_beat_0010.png
16044.mp4,11,47.848,50.983,3.135,94.0,11.0,167.4,178.4,analysis/frames/16044/16044_beat_0011.png
16044.mp4,12,50.984,54.654,3.669,110.0,12.8,178.4,191.2,analysis/frames/16044/16044_beat_0012.png
16044.mp4,13,54.655,61.093,6.439,193.0,22.5,191.2,213.8,analysis/frames/16044/16044_beat_0013.png
16044.mp4,14,61.094,68.567,7.473,224.0,26.2,213.8,239.9,analysis/frames/16044/16044_beat_0014.png
16044.mp4,15,68.569,72.605,4.036,121.0,14.1,239.9,254.1,analysis/frames/16044/16044_beat_0015.png
16044.mp4,16,72.606,76.742,4.136,124.0,14.5,254.1,268.5,analysis/frames/16044/16044_beat_0016.png
16044.mp4,17,76.743,82.081,5.338,160.0,18.7,268.5,287.2,analysis/frames/16044/16044_beat_0017.png
16044.mp4,18,82.082,82.815,0.733,22.0,2.6,287.2,289.8,analysis/frames/16044/16044_beat_0018.png
16044.mp4,19,82.816,85.751,2.935,88.0,10.3,289.8,300.1,analysis/frames/16044/16044_beat_0019.png
16044.mp4,20,85.752,94.36,8.608,258.0,30.1,300.1,330.2,analysis/frames/16044/16044_beat_0020.png
16044.mp4,21,94.361,99.498,5.137,154.0,18.0,330.2,348.2,analysis/frames/16044/16044_beat_0021.png
16044.mp4,22,99.499,104.437,4.937,148.0,17.3,348.2,365.4,analysis/frames/16044/16044_beat_0022.png
16044.mp4,23,104.438,111.577,7.139,214.0,25.0,365.4,390.4,analysis/frames/16044/16044_beat_0023.png
16044.mp4,24,111.578,114.447,2.869,86.0,10.0,390.4,400.5,analysis/frames/16044/16044_beat_0024.png
16044.mp4,25,114.448,116.182,1.734,52.0,6.1,400.5,406.5,analysis/frames/16044/16044_beat_0025.png
16044.mp4,26,116.183,119.585,3.402,102.0,11.9,406.5,418.4,analysis/frames/16044/16044_beat_0026.png
16044.mp4,27,119.586,124.39,4.804,144.0,16.8,418.4,435.3,analysis/frames/16044/16044_beat_0027.png
16044.mp4,28,124.391,128.16,3.769,113.0,13.2,435.3,448.4,analysis/frames/16044/16044_beat_0028.png
16044.mp4,29,128.161,132.932,4.77,143.0,16.7,448.4,465.1,analysis/frames/16044/16044_beat_0029.png
16044.mp4,30,132.933,137.036,4.103,123.0,14.4,465.1,479.5,analysis/frames/16044/16044_beat_0030.png
16044.mp4,31,137.037,142.241,5.204,156.0,18.2,479.5,497.7,analysis/frames/16044/16044_beat_0031.png
16044.mp4,32,142.242,145.077,2.835,85.0,9.9,497.7,507.6,analysis/frames/16044/16044_beat_0032.png
16044.mp4,33,145.078,146.479,1.4,42.0,4.9,507.6,512.5,analysis/frames/16044/16044_beat_0033.png
16044.mp4,34,146.48,148.18,1.701,51.0,6.0,512.5,518.5,analysis/frames/16044/16044_beat_0034.png
16044.mp4,35,148.181,152.685,4.504,135.0,15.8,518.5,534.3,analysis/frames/16044/16044_beat_0035.png
16044.mp4,36,152.686,159.458,6.772,203.0,23.7,534.3,558.0,analysis/frames/16044/16044_beat_0036.png
16044.mp4,37,159.459,160.159,0.7,21.0,2.4,558.0,560.4,analysis/frames/16044/16044_beat_0037.png
16044.mp4,38,160.16,162.395,2.235,67.0,7.8,560.4,568.2,analysis/frames/16044/16044_beat_0038.png
16044.mp4,39,162.396,165.064,2.668,80.0,9.3,568.2,577.6,analysis/frames/16044/16044_beat_0039.png
16044.mp4,40,165.065,171.303,6.239,187.0,21.8,577.6,599.4,analysis/frames/16044/16044_beat_0040.png
16044.mp4,41,171.304,176.242,4.937,148.0,17.3,599.4,616.7,analysis/frames/16044/16044_beat_0041.png
16044.mp4,42,176.243,183.649,7.406,222.0,25.9,616.7,642.6,analysis/frames/16044/16044_beat_0042.png
16044.mp4,43,183.65,188.988,5.338,160.0,18.7,642.6,661.3,analysis/frames/16044/16044_beat_0043.png
16044.mp4,44,188.989,190.656,1.667,50.0,5.8,661.3,667.1,analysis/frames/16044/16044_beat_0044.png
16044.mp4,45,190.657,193.592,2.935,88.0,10.3,667.1,677.4,analysis/frames/16044/16044_beat_0045.png
16044.mp4,46,193.593,196.495,2.902,87.0,10.2,677.4,687.6,analysis/frames/16044/16044_beat_0046.png
16044.mp4,47,196.496,199.565,3.069,92.0,10.7,687.6,698.3,analysis/frames/16044/16044_beat_0047.png
16044.mp4,48,199.566,204.77,5.204,156.0,18.2,698.3,716.5,analysis/frames/16044/16044_beat_0048.png
16044.mp4,49,204.771,207.273,2.501,75.0,8.8,716.5,725.3,analysis/frames/16044/16044_beat_0049.png
16044.mp4,50,207.274,214.613,7.34,220.0,25.7,725.3,751.0,analysis/frames/16044/16044_beat_0050.png
16044.mp4,51,214.614,222.054,7.44,223.0,26.0,751.0,777.0,analysis/frames/16044/16044_beat_0051.png
16044.mp4,52,222.055,225.925,3.87,116.0,13.5,777.0,790.5,analysis/frames/16044/16044_beat_0052.png
16044.mp4,53,225.926,231.964,6.038,181.0,21.1,790.5,811.7,analysis/frames/16044/16044_beat_0053.png
16044.mp4,54,231.965,232.798,0.833,25.0,2.9,811.7,814.6,analysis/frames/16044/16044_beat_0054.png
16044.mp4,55,232.799,235.401,2.602,78.0,9.1,814.6,823.7,analysis/frames/16044/16044_beat_0055.png
16044.mp4,56,235.402,243.042,7.64,229.0,26.7,823.7,850.4,analysis/frames/16044/16044_beat_0056.png
16044.mp4,57,243.043,250.282,7.24,217.0,25.3,850.4,875.8,analysis/frames/16044/16044_beat_0057.png
16044.mp4,58,250.283,254.286,4.003,120.0,14.0,875.8,889.8,analysis/frames/16044/16044_beat_0058.png
16044.mp4,59,254.287,258.09,3.803,114.0,13.3,889.8,903.1,analysis/frames/16044/16044_beat_0059.png
16044.mp4,60,258.091,261.56,3.469,104.0,12.1,903.1,915.2,analysis/frames/16044/16044_beat_0060.png
16044.mp4,61,261.561,266.365,4.804,144.0,16.8,915.2,932.1,analysis/frames/16044/16044_beat_0061.png
16044.mp4,62,266.366,272.738,6.372,191.0,22.3,932.1,954.4,analysis/frames/16044/16044_beat_0062.png
16044.mp4,63,272.739,278.611,5.872,176.0,20.6,954.4,974.9,analysis/frames/16044/16044_beat_0063.png
16044.mp4,64,278.612,283.382,4.77,143.0,16.7,974.9,991.6,analysis/frames/16044/16044_beat_0064.png
16044.mp4,65,283.383,285.651,2.268,68.0,7.9,991.6,999.5,analysis/frames/16044/16044_beat_0065.png
16044.mp4,66,285.652,290.322,4.67,140.0,16.3,999.5,1015.9,analysis/frames/16044/16044_beat_0066.png
16044.mp4,67,290.323,294.56,4.237,127.0,14.8,1015.9,1030.7,analysis/frames/16044/16044_beat_0067.png
16044.mp4,68,294.561,297.363,2.802,84.0,9.8,1030.7,1040.5,analysis/frames/16044/16044_beat_0068.png
16044.mp4,69,297.364,299.865,2.502,75.0,8.8,1040.5,1049.3,analysis/frames/16044/16044_beat_0069.png
16044.mp4,70,299.866,305.104,5.238,157.0,18.3,1049.3,1067.6,analysis/frames/16044/16044_beat_0070.png
16044.mp4,71,305.105,306.005,0.9,27.0,3.1,1067.6,1070.8,analysis/frames/16044/16044_beat_0071.png
16044.mp4,72,306.006,307.406,1.4,42.0,4.9,1070.8,1075.7,analysis/frames/16044/16044_beat_0072.png
16044.mp4,73,307.407,311.343,3.936,118.0,13.8,1075.7,1089.4,analysis/frames/16044/16044_beat_0073.png
16044.mp4,74,311.344,313.879,2.535,76.0,8.9,1089.4,1098.3,analysis/frames/16044/16044_beat_0074.png
16044.mp4,75,313.88,316.816,2.935,88.0,10.3,1098.3,1108.6,analysis/frames/16044/16044_beat_0075.png
16044.mp4,76,316.817,324.29,7.473,224.0,26.2,1108.6,1134.7,analysis/frames/16044/16044_beat_0076.png
16044.mp4,77,324.291,331.63,7.34,220.0,25.7,1134.7,1160.4,analysis/frames/16044/16044_beat_0077.png
16044.mp4,78,331.631,337.002,5.371,161.0,18.8,1160.4,1179.2,analysis/frames/16044/16044_beat_0078.png
16044.mp4,79,337.003,338.304,1.3,39.0,4.5,1179.2,1183.8,analysis/frames/16044/16044_beat_0079.png
16044.mp4,80,338.305,344.243,5.938,178.0,20.8,1183.8,1204.6,analysis/frames/16044/16044_beat_0080.png
16044.mp4,81,344.244,349.014,4.77,143.0,16.7,1204.6,1221.3,analysis/frames/16044/16044_beat_0081.png
16044.mp4,82,349.015,351.116,2.101,63.0,7.4,1221.3,1228.6,analysis/frames/16044/16044_beat_0082.png
16044.mp4,83,351.117,354.486,3.369,101.0,11.8,1228.6,1240.4,analysis/frames/16044/16044_beat_0083.png
16044.mp4,84,354.487,361.493,7.006,210.0,24.5,1240.4,1264.9,analysis/frames/16044/16044_beat_0084.png
16044.mp4,85,361.494,364.129,2.635,79.0,9.2,1264.9,1274.1,analysis/frames/16044/16044_beat_0085.png
16044.mp4,86,364.13,369.568,5.438,163.0,19.0,1274.1,1293.2,analysis/frames/16044/16044_beat_0086.png
16044.mp4,87,369.569,373.973,4.403,132.0,15.4,1293.2,1308.6,analysis/frames/16044/16044_beat_0087.png
16044.mp4,88,373.974,374.773,0.8,24.0,2.8,1308.6,1311.4,analysis/frames/16044/16044_beat_0088.png
16044.mp4,89,374.774,376.342,1.567,47.0,5.5,1311.4,1316.9,analysis/frames/16044/16044_beat_0089.png
16044.mp4,90,376.343,382.414,6.072,182.0,21.3,1316.9,1338.1,analysis/frames/16044/16044_beat_0090.png
16044.mp4,91,382.415,387.82,5.404,162.0,18.9,1338.1,1357.0,analysis/frames/16044/16044_beat_0091.png
16044.mp4,92,387.821,396.128,8.307,249.0,29.1,1357.0,1386.1,analysis/frames/16044/16044_beat_0092.png
16044.mp4,93,396.129,407.907,11.777,353.0,41.2,1386.1,1427.3,analysis/frames/16044/16044_beat_0093.png
16044.mp4,94,407.908,413.212,5.304,159.0,18.6,1427.3,1445.9,analysis/frames/16044/16044_beat_0094.png
16044.mp4,95,413.213,416.649,3.436,103.0,12.0,1445.9,1457.9,analysis/frames/16044/16044_beat_0095.png
16044.mp4,96,416.65,422.988,6.339,190.0,22.2,1457.9,1480.1,analysis/frames/16044/16044_beat_0096.png
16044.mp4,97,422.989,426.959,3.97,119.0,13.9,1480.1,1494.0,analysis/frames/16044/16044_beat_0097.png
16044.mp4,98,426.96,429.595,2.635,79.0,9.2,1494.0,1503.2,analysis/frames/16044/16044_beat_0098.png
16044.mp4,99,429.596,432.631,3.035,91.0,10.6,1503.2,1513.8,analysis/frames/16044/16044_beat_0099.png
16044.mp4,100,432.632,436.001,3.369,101.0,11.8,1513.8,1525.6,analysis/frames/16044/16044_beat_0100.png
16044.mp4,101,436.002,437.503,1.501,45.0,5.3,1525.6,1530.9,analysis/frames/16044/16044_beat_0101.png
16044.mp4,102,437.504,444.543,7.039,211.0,24.6,1530.9,1555.5,analysis/frames/16044/16044_beat_0102.png
16044.mp4,103,444.544,449.515,4.971,149.0,17.4,1555.5,1572.9,analysis/frames/16044/16044_beat_0103.png
16044.mp4,104,449.516,450.282,0.766,23.0,2.7,1572.9,1575.6,analysis/frames/16044/16044_beat_0104.png
16044.mp4,105,450.283,452.785,2.502,75.0,8.8,1575.6,1584.4,analysis/frames/16044/16044_beat_0105.png
16044.mp4,106,452.786,461.26,8.474,254.0,29.7,1584.4,1614.0,analysis/frames/16044/16044_beat_0106.png
16044.mp4,107,461.261,464.863,3.603,108.0,12.6,1614.0,1626.6,analysis/frames/16044/16044_beat_0107.png
16044.mp4,108,464.864,470.803,5.938,178.0,20.8,1626.6,1647.4,analysis/frames/16044/16044_beat_0108.png
16044.mp4,109,470.804,476.408,5.605,168.0,19.6,1647.4,1667.0,analysis/frames/16044/16044_beat_0109.png
16044.mp4,110,476.409,480.512,4.103,123.0,14.4,1667.0,1681.4,analysis/frames/16044/16044_beat_0110.png
16044.mp4,111,480.513,484.116,3.603,108.0,12.6,1681.4,1694.0,analysis/frames/16044/16044_beat_0111.png
16044.mp4,112,484.117,487.519,3.402,102.0,11.9,1694.0,1705.9,analysis/frames/16044/16044_beat_0112.png
16044.mp4,113,487.52,491.49,3.97,119.0,13.9,1705.9,1719.8,analysis/frames/16044/16044_beat_0113.png
16044.mp4,114,491.491,494.393,2.902,87.0,10.2,1719.8,1730.0,analysis/frames/16044/16044_beat_0114.png
16044.mp4,115,494.394,495.794,1.4,42.0,4.9,1730.0,1734.9,analysis/frames/16044/16044_beat_0115.png
16044.mp4,116,495.795,499.298,3.503,105.0,12.3,1734.9,1747.1,analysis/frames/16044/16044_beat_0116.png
16044.mp4,117,499.299,503.902,4.604,138.0,16.1,1747.1,1763.2,analysis/frames/16044/16044_beat_0117.png
16044.mp4,118,503.903,510.843,6.939,208.0,24.3,1763.2,1787.5,analysis/frames/16044/16044_beat_0118.png
16044.mp4,119,510.844,518.484,7.64,229.0,26.7,1787.5,1814.3,analysis/frames/16044/16044_beat_0119.png
16044.mp4,120,518.485,522.955,4.47,134.0,15.6,1814.3,1829.9,analysis/frames/16044/16044_beat_0120.png
16044.mp4,121,522.956,523.655,0.7,21.0,2.4,1829.9,1832.4,analysis/frames/16044/16044_beat_0121.png
16044.mp4,122,523.656,525.858,2.201,66.0,7.7,1832.4,1840.1,analysis/frames/16044/16044_beat_0122.png
16044.mp4,123,525.859,533.298,7.44,223.0,26.0,1840.1,1866.1,analysis/frames/16044/16044_beat_0123.png
16044.mp4,124,533.299,537.436,4.136,124.0,14.5,1866.1,1880.6,analysis/frames/16044/16044_beat_0124.png
16044.mp4,125,537.437,542.474,5.037,151.0,17.6,1880.6,1898.2,analysis/frames/16044/16044_beat_0125.png
16044.mp4,126,542.475,547.746,5.271,158.0,18.4,1898.2,1916.7,analysis/frames/16044/16044_beat_0126.png
16044.mp4,127,547.747,553.318,5.571,167.0,19.5,1916.7,1936.2,analysis/frames/16044/16044_beat_0127.png
16044.mp4,128,553.319,558.023,4.704,141.0,16.5,1936.2,1952.6,analysis/frames/16044/16044_beat_0128.png
16044.mp4,129,558.024,560.959,2.935,88.0,10.3,1952.6,1962.9,analysis/frames/16044/16044_beat_0129.png
16044.mp4,130,560.96,564.463,3.502,105.0,12.3,1962.9,1975.1,analysis/frames/16044/16044_beat_0130.png
16044.mp4,131,564.464,568.267,3.803,114.0,13.3,1975.1,1988.5,analysis/frames/16044/16044_beat_0131.png
16044.mp4,132,568.268,573.539,5.271,158.0,18.4,1988.5,2006.9,analysis/frames/16044/16044_beat_0132.png
16044.mp4,133,573.54,578.777,5.238,157.0,18.3,2006.9,2025.2,analysis/frames/16044/16044_beat_0133.png
16044.mp4,134,578.778,580.212,1.434,43.0,5.0,2025.2,2030.3,analysis/frames/16044/16044_beat_0134.png
16044.mp4,135,580.213,582.815,2.602,78.0,9.1,2030.3,2039.4,analysis/frames/16044/16044_beat_0135.png
16044.mp4,136,582.816,585.017,2.201,66.0,7.7,2039.4,2047.1,analysis/frames/16044/16044_beat_0136.png
16044.mp4,137,585.018,589.688,4.67,140.0,16.3,2047.1,2063.4,analysis/frames/16044/16044_beat_0137.png
16044.mp4,138,589.689,590.389,0.7,21.0,2.4,2063.4,2065.9,analysis/frames/16044/16044_beat_0138.png
16044.mp4,139,590.39,592.858,2.468,74.0,8.6,2065.9,2074.5,analysis/frames/16044/16044_beat_0139.png
16044.mp4,140,592.859,598.964,6.105,183.0,21.4,2074.5,2095.9,analysis/frames/16044/16044_beat_0140.png
16044.mp4,141,598.965,607.94,8.975,269.0,31.4,2095.9,2127.3,analysis/frames/16044/16044_beat_0141.png
16044.mp4,142,607.941,615.114,7.173,215.0,25.1,2127.3,2152.4,analysis/frames/16044/16044_beat_0142.png
16044.mp4,143,615.115,617.483,2.368,71.0,8.3,2152.4,2160.7,analysis/frames/16044/16044_beat_0143.png
16044.mp4,144,617.484,625.891,8.407,252.0,29.4,2160.7,2190.1,analysis/frames/16044/16044_beat_0144.png
16044.mp4,145,625.892,636.435,10.543,316.0,36.9,2190.1,2227.0,analysis/frames/16044/16044_beat_0145.png
16044.mp4,146,636.436,644.443,8.007,240.0,28.0,2227.0,2255.0,analysis/frames/16044/16044_beat_0146.png
16044.mp4,147,644.444,650.449,6.005,180.0,21.0,2255.0,2276.0,analysis/frames/16044/16044_beat_0147.png
16044.mp4,148,650.45,656.955,6.506,195.0,22.8,2276.0,2298.8,analysis/frames/16044/16044_beat_0148.png
16044.mp4,149,656.956,661.627,4.67,140.0,16.3,2298.8,2315.2,analysis/frames/16044/16044_beat_0149.png
16044.mp4,150,661.628,662.361,0.733,22.0,2.6,2315.2,2317.7,analysis/frames/16044/16044_beat_0150.png
16044.mp4,151,662.362,664.863,2.501,75.0,8.8,2317.7,2326.5,analysis/frames/16044/16044_beat_0151.png
16044.mp4,152,664.864,669.301,4.437,133.0,15.5,2326.5,2342.0,analysis/frames/16044/16044_beat_0152.png
16044.mp4,153,669.302,675.007,5.705,171.0,20.0,2342.0,2362.0,analysis/frames/16044/16044_beat_0153.png
16044.mp4,154,675.008,678.277,3.269,98.0,11.4,2362.0,2373.4,analysis/frames/16044/16044_beat_0154.png
16044.mp4,155,678.278,682.447,4.17,125.0,14.6,2373.4,2388.0,analysis/frames/16044/16044_beat_0155.png
16044.mp4,156,682.448,692.357,9.909,297.0,34.7,2388.0,2422.7,analysis/frames/16044/16044_beat_0156.png
16044.mp4,157,692.358,699.231,6.873,206.0,24.1,2422.7,2446.7,analysis/frames/16044/16044_beat_0157.png
16044.mp4,158,699.232,708.073,8.841,265.0,30.9,2446.7,2477.7,analysis/frames/16044/16044_beat_0158.png
16044.mp4,159,708.074,716.014,7.94,238.0,27.8,2477.7,2505.5,analysis/frames/16044/16044_beat_0159.png
16044.mp4,160,716.015,722.321,6.305,189.0,22.1,2505.5,2527.5,analysis/frames/16044/16044_beat_0160.png
16044.mp4,161,722.322,724.79,2.468,74.0,8.6,2527.5,2536.2,analysis/frames/16044/16044_beat_0161.png
16044.mp4,162,724.791,734.566,9.775,293.0,34.2,2536.2,2570.4,analysis/frames/16044/16044_beat_0162.png
16044.mp4,163,734.567,740.973,6.405,192.0,22.4,2570.4,2592.8,analysis/frames/16044/16044_beat_0163.png
16044.mp4,164,740.974,751.05,10.076,302.0,35.3,2592.8,2628.1,analysis/frames/16044/16044_beat_0164.png
16048.mp4,0,0.0,1.901,1.901,57.0,6.7,0.0,6.7,analysis/frames/16048/16048_beat_0000.png
16048.mp4,1,1.902,4.37,2.468,74.0,8.6,6.7,15.3,analysis/frames/16048/16048_beat_0001.png
16048.mp4,2,4.371,6.672,2.301,69.0,8.1,15.3,23.3,analysis/frames/16048/16048_beat_0002.png
16048.mp4,3,6.673,9.208,2.535,76.0,8.9,23.3,32.2,analysis/frames/16048/16048_beat_0003.png
16048.mp4,4,9.209,16.582,7.373,221.0,25.8,32.2,58.0,analysis/frames/16048/16048_beat_0004.png
16048.mp4,5,16.583,19.886,3.302,99.0,11.6,58.0,69.6,analysis/frames/16048/16048_beat_0005.png
16048.mp4,6,19.887,23.456,3.569,107.0,12.5,69.6,82.1,analysis/frames/16048/16048_beat_0006.png
16048.mp4,7,23.457,25.658,2.201,66.0,7.7,82.1,89.8,analysis/frames/16048/16048_beat_0007.png
16048.mp4,8,25.659,28.928,3.269,98.0,11.4,89.8,101.2,analysis/frames/16048/16048_beat_0008.png
16048.mp4,9,28.929,32.632,3.703,111.0,13.0,101.2,114.2,analysis/frames/16048/16048_beat_0009.png
16048.mp4,10,32.633,35.067,2.435,73.0,8.5,114.2,122.7,analysis/frames/16048/16048_beat_0010.png
16048.mp4,11,35.068,38.17,3.102,93.0,10.9,122.7,133.6,analysis/frames/16048/16048_beat_0011.png
16048.mp4,12,38.171,41.774,3.603,108.0,12.6,133.6,146.2,analysis/frames/16048/16048_beat_0012.png
16048.mp4,13,41.775,45.478,3.703,111.0,13.0,146.2,159.1,analysis/frames/16048/16048_beat_0013.png
16048.mp4,14,45.479,50.75,5.271,158.0,18.4,159.1,177.6,analysis/frames/16048/16048_beat_0014.png
16048.mp4,15,50.751,54.487,3.736,112.0,13.1,177.6,190.7,analysis/frames/16048/16048_beat_0015.png
16048.mp4,16,54.488,56.789,2.301,69.0,8.1,190.7,198.7,analysis/frames/16048/16048_beat_0016.png
16048.mp4,17,56.79,59.325,2.535,76.0,8.9,198.7,207.6,analysis/frames/16048/16048_beat_0017.png
16048.mp4,18,59.326,63.029,3.703,111.0,13.0,207.6,220.5,analysis/frames/16048/16048_beat_0018.png
16048.mp4,19,63.03,63.796,0.766,23.0,2.7,220.5,223.2,analysis/frames/16048/16048_beat_0019.png
16048.mp4,20,63.797,65.564,1.767,53.0,6.2,223.2,229.4,analysis/frames/16048/16048_beat_0020.png
16048.mp4,21,65.566,70.503,4.937,148.0,17.3,229.4,246.7,analysis/frames/16048/16048_beat_0021.png
16048.mp4,22,70.504,73.306,2.802,84.0,9.8,246.7,256.5,analysis/frames/16048/16048_beat_0022.png
16048.mp4,23,73.307,76.943,3.636,109.0,12.7,256.5,269.2,analysis/frames/16048/16048_beat_0023.png
16048.mp4,24,76.944,80.513,3.569,107.0,12.5,269.2,281.7,analysis/frames/16048/16048_beat_0024.png
16048.mp4,25,80.514,82.648,2.134,64.0,7.5,281.7,289.2,analysis/frames/16048/16048_beat_0025.png
16048.mp4,26,82.649,88.321,5.671,170.0,19.8,289.2,309.0,analysis/frames/16048/16048_beat_0026.png
16048.mp4,27,88.322,91.991,3.669,110.0,12.8,309.0,321.9,analysis/frames/16048/16048_beat_0027.png
16048.mp4,28,91.992,93.96,1.968,59.0,6.9,321.9,328.8,analysis/frames/16048/16048_beat_0028.png
16048.mp4,29,93.961,97.196,3.236,97.0,11.3,328.8,340.1,analysis/frames/16048/16048_beat_0029.png
16048.mp4,30,97.197,101.567,4.37,131.0,15.3,340.1,355.4,analysis/frames/16048/16048_beat_0030.png
16048.mp4,31,101.568,105.137,3.569,107.0,12.5,355.4,367.9,analysis/frames/16048/16048_beat_0031.png
16048.mp4,32,105.138,108.507,3.369,101.0,11.8,367.9,379.7,analysis/frames/16048/16048_beat_0032.png
16048.mp4,33,108.508,114.88,6.372,191.0,22.3,379.7,402.0,analysis/frames/16048/16048_beat_0033.png
16048.mp4,34,114.881,117.65,2.768,83.0,9.7,402.0,411.6,analysis/frames/16048/16048_beat_0034.png
16048.mp4,35,117.651,123.222,5.571,167.0,19.5,411.6,431.1,analysis/frames/16048/16048_beat_0035.png
16048.mp4,36,123.223,127.727,4.503,135.0,15.8,431.1,446.9,analysis/frames/16048/16048_beat_0036.png
16048.mp4,37,127.728,129.929,2.201,66.0,7.7,446.9,454.6,analysis/frames/16048/16048_beat_0037.png
16048.mp4,38,129.93,130.563,0.633,19.0,2.2,454.6,456.8,analysis/frames/16048/16048_beat_0038.png
16048.mp4,39,130.564,132.665,2.101,63.0,7.4,456.8,464.2,analysis/frames/16048/16048_beat_0039.png
16048.mp4,40,132.666,139.672,7.006,210.0,24.5,464.2,488.7,analysis/frames/16048/16048_beat_0040.png
16048.mp4,41,139.673,146.746,7.073,212.0,24.8,488.7,513.5,analysis/frames/16048/16048_beat_0041.png
16048.mp4,42,146.747,156.155,9.408,282.0,32.9,513.5,546.4,analysis/frames/16048/16048_beat_0042.png
16048.mp4,43,156.156,160.292,4.136,124.0,14.5,546.4,560.9,analysis/frames/16048/16048_beat_0043.png
16048.mp4,44,160.293,166.132,5.838,175.0,20.4,560.9,581.3,analysis/frames/16048/16048_beat_0044.png
16048.mp4,45,166.133,170.269,4.136,124.0,14.5,581.3,595.8,analysis/frames/16048/16048_beat_0045.png
16048.mp4,46,170.27,173.105,2.835,85.0,9.9,595.8,605.7,analysis/frames/16048/16048_beat_0046.png
16048.mp4,47,173.106,176.275,3.169,95.0,11.1,605.7,616.8,analysis/frames/16048/16048_beat_0047.png
16048.mp4,48,176.276,181.08,4.804,144.0,16.8,616.8,633.6,analysis/frames/16048/16048_beat_0048.png
16048.mp4,49,181.081,183.015,1.934,58.0,6.8,633.6,640.4,analysis/frames/16048/16048_beat_0049.png
16048.mp4,50,183.016,185.951,2.935,88.0,10.3,640.4,650.6,analysis/frames/16048/16048_beat_0050.png
16048.mp4,51,185.952,188.22,2.268,68.0,7.9,650.6,658.6,analysis/frames/16048/16048_beat_0051.png
16048.mp4,52,188.221,190.623,2.401,72.0,8.4,658.6,667.0,analysis/frames/16048/16048_beat_0052.png
16048.mp4,53,190.624,194.56,3.936,118.0,13.8,667.0,680.8,analysis/frames/16048/16048_beat_0053.png
16048.mp4,54,194.561,195.361,0.8,24.0,2.8,680.8,683.6,analysis/frames/16048/16048_beat_0054.png
16048.mp4,55,195.362,197.596,2.235,67.0,7.8,683.6,691.4,analysis/frames/16048/16048_beat_0055.png
16048.mp4,56,197.597,201.901,4.303,129.0,15.1,691.4,706.4,analysis/frames/16048/16048_beat_0056.png
16048.mp4,57,201.902,205.237,3.336,100.0,11.7,706.4,718.1,analysis/frames/16048/16048_beat_0057.png
16048.mp4,58,205.238,208.441,3.202,96.0,11.2,718.1,729.3,analysis/frames/16048/16048_beat_0058.png
16048.mp4,59,208.442,212.778,4.337,130.0,15.2,729.3,744.5,analysis/frames/16048/16048_beat_0059.png
16048.mp4,60,212.779,219.185,6.405,192.0,22.4,744.5,766.9,analysis/frames/16048/16048_beat_0060.png
16048.mp4,61,219.186,223.055,3.87,116.0,13.5,766.9,780.5,analysis/frames/16048/16048_beat_0061.png
16048.mp4,62,223.056,226.559,3.502,105.0,12.3,780.5,792.7,analysis/frames/16048/16048_beat_0062.png
16048.mp4,63,226.56,230.496,3.936,118.0,13.8,792.7,806.5,analysis/frames/16048/16048_beat_0063.png
16048.mp4,64,230.497,233.299,2.802,84.0,9.8,806.5,816.3,analysis/frames/16048/16048_beat_0064.png
16048.mp4,65,233.3,235.534,2.235,67.0,7.8,816.3,824.1,analysis/frames/16048/16048_beat_0065.png
16048.mp4,66,235.535,242.007,6.472,194.0,22.7,824.1,846.8,analysis/frames/16048/16048_beat_0066.png
16048.mp4,67,242.008,247.313,5.304,159.0,18.6,846.8,865.3,analysis/frames/16048/16048_beat_0067.png
16048.mp4,68,247.314,248.714,1.4,42.0,4.9,865.3,870.2,analysis/frames/16048/16048_beat_0068.png
16048.mp4,69,248.715,254.12,5.404,162.0,18.9,870.2,889.2,analysis/frames/16048/16048_beat_0069.png
16048.mp4,70,254.121,256.322,2.201,66.0,7.7,889.2,896.9,analysis/frames/16048/16048_beat_0070.png
16048.mp4,71,256.323,260.693,4.37,131.0,15.3,896.9,912.2,analysis/frames/16048/16048_beat_0071.png
16048.mp4,72,260.694,261.594,0.9,27.0,3.1,912.2,915.3,analysis/frames/16048/16048_beat_0072.png
16048.mp4,73,261.595,263.462,1.868,56.0,6.5,915.3,921.8,analysis/frames/16048/16048_beat_0073.png
16048.mp4,74,263.463,268.167,4.704,141.0,16.5,921.8,938.3,analysis/frames/16048/16048_beat_0074.png
16048.mp4,75,268.168,273.439,5.271,158.0,18.4,938.3,956.8,analysis/frames/16048/16048_beat_0075.png
16048.mp4,76,273.44,277.243,3.803,114.0,13.3,956.8,970.1,analysis/frames/16048/16048_beat_0076.png
16048.mp4,77,277.244,280.646,3.402,102.0,11.9,970.1,982.0,analysis/frames/16048/16048_beat_0077.png
16048.mp4,78,280.647,283.115,2.468,74.0,8.6,982.0,990.6,analysis/frames/16048/16048_beat_0078.png
16048.mp4,79,283.116,287.52,4.403,132.0,15.4,990.6,1006.0,analysis/frames/16048/16048_beat_0079.png
16048.mp4,80,287.521,290.256,2.735,82.0,9.6,1006.0,1015.6,analysis/frames/16048/16048_beat_0080.png
16048.mp4,81,290.257,292.391,2.134,64.0,7.5,1015.6,1023.1,analysis/frames/16048/16048_beat_0081.png
16048.mp4,82,292.392,295.461,3.069,92.0,10.7,1023.1,1033.8,analysis/frames/16048/16048_beat_0082.png
16048.mp4,83,295.462,298.23,2.768,83.0,9.7,1033.8,1043.5,analysis/frames/16048/16048_beat_0083.png
16048.mp4,84,298.231,301.6,3.369,101.0,11.8,1043.5,1055.3,analysis/frames/16048/16048_beat_0084.png
16048.mp4,85,301.601,303.803,2.201,66.0,7.7,1055.3,1063.0,analysis/frames/16048/16048_beat_0085.png
16048.mp4,86,303.803,306.405,2.602,78.0,9.1,1063.0,1072.1,analysis/frames/16048/16048_beat_0086.png
16048.mp4,87,306.406,307.807,1.4,42.0,4.9,1072.1,1077.0,analysis/frames/16048/16048_beat_0087.png
16048.mp4,88,307.808,310.543,2.735,82.0,9.6,1077.0,1086.6,analysis/frames/16048/16048_beat_0088.png
16048.mp4,89,310.544,312.378,1.834,55.0,6.4,1086.6,1093.0,analysis/frames/16048/16048_beat_0089.png
16048.mp4,90,312.379,314.947,2.568,77.0,9.0,1093.0,1102.0,analysis/frames/16048/16048_beat_0090.png
16048.mp4,91,314.948,315.614,0.666,20.0,2.3,1102.0,1104.3,analysis/frames/16048/16048_beat_0091.png
16048.mp4,92,315.615,316.482,0.867,26.0,3.0,1104.3,1107.3,analysis/frames/16048/16048_beat_0092.png
16048.mp4,93,316.483,318.851,2.368,71.0,8.3,1107.3,1115.6,analysis/frames/16048/16048_beat_0093.png
16048.mp4,94,318.852,320.186,1.334,40.0,4.7,1115.6,1120.3,analysis/frames/16048/16048_beat_0094.png
16048.mp4,95,320.187,322.054,1.868,56.0,6.5,1120.3,1126.8,analysis/frames/16048/16048_beat_0095.png
16048.mp4,96,322.055,326.158,4.103,123.0,14.4,1126.8,1141.2,analysis/frames/16048/16048_beat_0096.png
16048.mp4,97,326.159,331.897,5.738,172.0,20.1,1141.2,1161.3,analysis/frames/16048/16048_beat_0097.png
16048.mp4,98,331.898,339.171,7.273,218.0,25.5,1161.3,1186.7,analysis/frames/16048/16048_beat_0098.png
16048.mp4,99,339.172,340.306,1.133,34.0,4.0,1186.7,1190.7,analysis/frames/16048/16048_beat_0099.png
16048.mp4,100,340.307,342.541,2.235,67.0,7.8,1190.7,1198.5,analysis/frames/16048/16048_beat_0100.png
16048.mp4,101,342.542,345.444,2.902,87.0,10.2,1198.5,1208.7,analysis/frames/16048/16048_beat_0101.png
16048.mp4,102,345.445,349.215,3.769,113.0,13.2,1208.7,1221.9,analysis/frames/16048/16048_beat_0102.png
16048.mp4,103,349.216,353.285,4.07,122.0,14.2,1221.9,1236.1,analysis/frames/16048/16048_beat_0103.png
16048.mp4,104,353.286,355.12,1.834,55.0,6.4,1236.1,1242.5,analysis/frames/16048/16048_beat_0104.png
16048.mp4,105,355.121,356.956,1.834,55.0,6.4,1242.5,1249.0,analysis/frames/16048/16048_beat_0105.png
16048.mp4,106,356.957,359.191,2.235,67.0,7.8,1249.0,1256.8,analysis/frames/16048/16048_beat_0106.png
16048.mp4,107,359.192,361.694,2.502,75.0,8.8,1256.8,1265.5,analysis/frames/16048/16048_beat_0107.png
16048.mp4,108,361.695,366.065,4.37,131.0,15.3,1265.5,1280.8,analysis/frames/16048/16048_beat_0108.png
16048.mp4,109,366.066,374.473,8.407,252.0,29.4,1280.8,1310.3,analysis/frames/16048/16048_beat_0109.png
16048.mp4,110,374.474,378.711,4.237,127.0,14.8,1310.3,1325.1,analysis/frames/16048/16048_beat_0110.png
16048.mp4,111,378.712,381.447,2.735,82.0,9.6,1325.1,1334.7,analysis/frames/16048/16048_beat_0111.png
16048.mp4,112,381.448,383.549,2.101,63.0,7.4,1334.7,1342.0,analysis/frames/16048/16048_beat_0112.png
16048.mp4,113,383.55,386.185,2.635,79.0,9.2,1342.0,1351.2,analysis/frames/16048/16048_beat_0113.png
16048.mp4,114,386.186,386.919,0.733,22.0,2.6,1351.2,1353.8,analysis/frames/16048/16048_beat_0114.png
16048.mp4,115,386.92,388.787,1.868,56.0,6.5,1353.8,1360.3,analysis/frames/16048/16048_beat_0115.png
16048.mp4,116,388.788,391.824,3.035,91.0,10.6,1360.3,1371.0,analysis/frames/16048/16048_beat_0116.png
16048.mp4,117,391.825,395.027,3.202,96.0,11.2,1371.0,1382.2,analysis/frames/16048/16048_beat_0117.png
16048.mp4,118,395.028,398.097,3.069,92.0,10.7,1382.2,1392.9,analysis/frames/16048/16048_beat_0118.png
16048.mp4,119,398.098,401.667,3.569,107.0,12.5,1392.9,1405.4,analysis/frames/16048/16048_beat_0119.png
16048.mp4,120,401.668,407.273,5.605,168.0,19.6,1405.4,1425.0,analysis/frames/16048/16048_beat_0120.png
16048.mp4,121,407.274,412.444,5.171,155.0,18.1,1425.0,1443.1,analysis/frames/16048/16048_beat_0121.png
16048.mp4,122,412.445,420.986,8.541,256.0,29.9,1443.1,1473.0,analysis/frames/16048/16048_beat_0122.png
16048.mp4,123,420.987,425.524,4.537,136.0,15.9,1473.0,1488.9,analysis/frames/16048/16048_beat_0123.png
16048.mp4,124,425.525,429.595,4.07,122.0,14.2,1488.9,1503.1,analysis/frames/16048/16048_beat_0124.png
16048.mp4,125,429.596,433.499,3.903,117.0,13.7,1503.1,1516.8,analysis/frames/16048/16048_beat_0125.png
16048.mp4,126,433.5,437.803,4.303,129.0,15.1,1516.8,1531.9,analysis/frames/16048/16048_beat_0126.png
16048.mp4,127,437.804,445.444,7.64,229.0,26.7,1531.9,1558.6,analysis/frames/16048/16048_beat_0127.png
16048.mp4,128,445.445,447.446,2.001,60.0,7.0,1558.6,1565.6,analysis/frames/16048/16048_beat_0128.png
16048.mp4,129,447.447,448.213,0.766,23.0,2.7,1565.6,1568.3,analysis/frames/16048/16048_beat_0129.png
16048.mp4,130,448.214,450.015,1.801,54.0,6.3,1568.3,1574.6,analysis/frames/16048/16048_beat_0130.png
16048.mp4,131,450.016,452.918,2.902,87.0,10.2,1574.6,1584.7,analysis/frames/16048/16048_beat_0131.png
16048.mp4,132,452.919,455.154,2.235,67.0,7.8,1584.7,1592.6,analysis/frames/16048/16048_beat_0132.png
16048.mp4,133,455.155,460.726,5.571,167.0,19.5,1592.6,1612.1,analysis/frames/16048/16048_beat_0133.png
16048.mp4,134,460.727,462.861,2.134,64.0,7.5,1612.1,1619.5,analysis/frames/16048/16048_beat_0134.png
16048.mp4,135,462.862,465.331,2.468,74.0,8.6,1619.5,1628.2,analysis/frames/16048/16048_beat_0135.png
16048.mp4,136,465.332,469.268,3.936,118.0,13.8,1628.2,1641.9,analysis/frames/16048/16048_beat_0136.png
16048.mp4,137,469.269,473.038,3.769,113.0,13.2,1641.9,1655.1,analysis/frames/16048/16048_beat_0137.png
16048.mp4,138,473.039,475.607,2.568,77.0,9.0,1655.1,1664.1,analysis/frames/16048/16048_beat_0138.png
16048.mp4,139,475.608,478.877,3.269,98.0,11.4,1664.1,1675.6,analysis/frames/16048/16048_beat_0139.png
16048.mp4,140,478.878,481.113,2.235,67.0,7.8,1675.6,1683.4,analysis/frames/16048/16048_beat_0140.png
16048.mp4,141,481.114,483.115,2.001,60.0,7.0,1683.4,1690.4,analysis/frames/16048/16048_beat_0141.png
16048.mp4,142,483.116,487.686,4.57,137.0,16.0,1690.4,1706.4,analysis/frames/16048/16048_beat_0142.png
16048.mp4,143,487.687,491.256,3.569,107.0,12.5,1706.4,1718.9,analysis/frames/16048/16048_beat_0143.png
16048.mp4,144,491.257,493.926,2.668,80.0,9.3,1718.9,1728.2,analysis/frames/16048/16048_beat_0144.png
16048.mp4,145,493.927,495.361,1.434,43.0,5.0,1728.2,1733.2,analysis/frames/16048/16048_beat_0145.png
16048.mp4,146,495.362,498.497,3.135,94.0,11.0,1733.2,1744.2,analysis/frames/16048/16048_beat_0146.png
16048.mp4,147,498.498,501.066,2.568,77.0,9.0,1744.2,1753.2,analysis/frames/16048/16048_beat_0147.png
16048.mp4,148,501.067,502.835,1.767,53.0,6.2,1753.2,1759.4,analysis/frames/16048/16048_beat_0148.png
16048.mp4,149,502.836,504.903,2.068,62.0,7.2,1759.4,1766.6,analysis/frames/16048/16048_beat_0149.png
16048.mp4,150,504.904,506.171,1.267,38.0,4.4,1766.6,1771.0,analysis/frames/16048/16048_beat_0150.png
16048.mp4,151,506.172,511.343,5.171,155.0,18.1,1771.0,1789.1,analysis/frames/16048/16048_beat_0151.png
16048.mp4,152,511.344,512.211,0.867,26.0,3.0,1789.1,1792.2,analysis/frames/16048/16048_beat_0152.png
16048.mp4,153,512.212,513.612,1.4,42.0,4.9,1792.2,1797.1,analysis/frames/16048/16048_beat_0153.png
16048.mp4,154,513.613,514.546,0.933,28.0,3.3,1797.1,1800.3,analysis/frames/16048/16048_beat_0154.png
16048.mp4,155,514.547,515.247,0.7,21.0,2.4,1800.3,1802.8,analysis/frames/16048/16048_beat_0155.png
16048.mp4,156,515.248,516.815,1.567,47.0,5.5,1802.8,1808.3,analysis/frames/16048/16048_beat_0156.png
16048.mp4,157,516.816,518.817,2.001,60.0,7.0,1808.3,1815.3,analysis/frames/16048/16048_beat_0157.png
16048.mp4,158,518.818,521.92,3.102,93.0,10.9,1815.3,1826.1,analysis/frames/16048/16048_beat_0158.png
16048.mp4,159,521.921,525.357,3.436,103.0,12.0,1826.1,1838.2,analysis/frames/16048/16048_beat_0159.png
16048.mp4,160,525.358,526.658,1.3,39.0,4.5,1838.2,1842.7,analysis/frames/16048/16048_beat_0160.png
16048.mp4,161,526.659,529.561,2.902,87.0,10.2,1842.7,1852.9,analysis/frames/16048/16048_beat_0161.png
16048.mp4,162,529.562,536.735,7.173,215.0,25.1,1852.9,1878.0,analysis/frames/16048/16048_beat_0162.png
16048.mp4,163,536.736,540.239,3.502,105.0,12.3,1878.0,1890.2,analysis/frames/16048/16048_beat_0163.png
16048.mp4,164,540.24,541.44,1.2,36.0,4.2,1890.2,1894.4,analysis/frames/16048/16048_beat_0164.png
16048.mp4,165,541.441,543.575,2.134,64.0,7.5,1894.4,1901.9,analysis/frames/16048/16048_beat_0165.png
16048.mp4,166,543.576,548.447,4.871,146.0,17.0,1901.9,1919.0,analysis/frames/16048/16048_beat_0166.png
16048.mp4,167,548.448,551.583,3.135,94.0,11.0,1919.0,1929.9,analysis/frames/16048/16048_beat_0167.png
16048.mp4,168,551.584,554.753,3.169,95.0,11.1,1929.9,1941.0,analysis/frames/16048/16048_beat_0168.png
16048.mp4,169,554.754,558.357,3.603,108.0,12.6,1941.0,1953.6,analysis/frames/16048/16048_beat_0169.png
16048.mp4,170,558.358,559.358,1.0,30.0,3.5,1953.6,1957.1,analysis/frames/16048/16048_beat_0170.png
16048.mp4,171,559.359,563.429,4.07,122.0,14.2,1957.1,1971.4,analysis/frames/16048/16048_beat_0171.png
16048.mp4,172,563.43,566.965,3.536,106.0,12.4,1971.4,1983.8,analysis/frames/16048/16048_beat_0172.png
16048.mp4,173,566.966,569.735,2.768,83.0,9.7,1983.8,1993.4,analysis/frames/16048/16048_beat_0173.png
16048.mp4,174,569.736,573.338,3.603,108.0,12.6,1993.4,2006.0,analysis/frames/16048/16048_beat_0174.png
16048.mp4,175,573.339,576.008,2.668,80.0,9.3,2006.0,2015.4,analysis/frames/16048/16048_beat_0175.png
16048.mp4,176,576.009,580.512,4.504,135.0,15.8,2015.4,2031.2,analysis/frames/16048/16048_beat_0176.png
16048.mp4,177,580.513,581.246,0.733,22.0,2.6,2031.2,2033.7,analysis/frames/16048/16048_beat_0177.png
16048.mp4,178,581.247,583.449,2.201,66.0,7.7,2033.7,2041.4,analysis/frames/16048/16048_beat_0178.png
16048.mp4,179,583.45,584.817,1.367,41.0,4.8,2041.4,2046.2,analysis/frames/16048/16048_beat_0179.png
16048.mp4,180,584.818,586.452,1.634,49.0,5.7,2046.2,2051.9,analysis/frames/16048/16048_beat_0180.png
16048.mp4,181,586.453,592.591,6.138,184.0,21.5,2051.9,2073.4,analysis/frames/16048/16048_beat_0181.png
16048.mp4,182,592.592,596.061,3.469,104.0,12.1,2073.4,2085.5,analysis/frames/16048/16048_beat_0182.png
16048.mp4,183,596.062,596.829,0.766,23.0,2.7,2085.5,2088.2,analysis/frames/16048/16048_beat_0183.png
16048.mp4,184,596.83,600.065,3.236,97.0,11.3,2088.2,2099.6,analysis/frames/16048/16048_beat_0184.png
16048.mp4,185,600.066,603.035,2.969,89.0,10.4,2099.6,2109.9,analysis/frames/16048/16048_beat_0185.png
16048.mp4,186,603.036,604.47,1.434,43.0,5.0,2109.9,2115.0,analysis/frames/16048/16048_beat_0186.png
16048.mp4,187,604.471,610.476,6.005,180.0,21.0,2115.0,2136.0,analysis/frames/16048/16048_beat_0187.png
16048.mp4,188,610.477,612.01,1.534,46.0,5.4,2136.0,2141.4,analysis/frames/16048/16048_beat_0188.png
16048.mp4,189,612.011,613.312,1.3,39.0,4.5,2141.4,2145.9,analysis/frames/16048/16048_beat_0189.png
16048.mp4,190,613.313,615.948,2.635,79.0,9.2,2145.9,2155.1,analysis/frames/16048/16048_beat_0190.png
16048.mp4,191,615.949,617.616,1.667,50.0,5.8,2155.1,2161.0,analysis/frames/16048/16048_beat_0191.png
16048.mp4,192,617.617,621.553,3.936,118.0,13.8,2161.0,2174.7,analysis/frames/16048/16048_beat_0192.png
16048.mp4,193,621.554,625.057,3.503,105.0,12.3,2174.7,2187.0,analysis/frames/16048/16048_beat_0193.png
16048.mp4,194,625.058,627.893,2.835,85.0,9.9,2187.0,2196.9,analysis/frames/16048/16048_beat_0194.png
16048.mp4,195,627.894,630.696,2.802,84.0,9.8,2196.9,2206.7,analysis/frames/16048/16048_beat_0195.png
16048.mp4,196,630.697,634.299,3.603,108.0,12.6,2206.7,2219.3,analysis/frames/16048/16048_beat_0196.png
16048.mp4,197,634.3,638.137,3.836,115.0,13.4,2219.3,2232.8,analysis/frames/16048/16048_beat_0197.png
16048.mp4,198,638.138,641.139,3.002,90.0,10.5,2232.8,2243.3,analysis/frames/16048/16048_beat_0198.png
16048.mp4,199,641.14,645.277,4.136,124.0,14.5,2243.3,2257.7,analysis/frames/16048/16048_beat_0199.png
16048.mp4,200,645.278,651.55,6.272,188.0,22.0,2257.7,2279.7,analysis/frames/16048/16048_beat_0200.png
16048.mp4,201,651.551,654.052,2.502,75.0,8.8,2279.7,2288.5,analysis/frames/16048/16048_beat_0201.png
16048.mp4,202,654.053,660.225,6.172,185.0,21.6,2288.5,2310.1,analysis/frames/16048/16048_beat_0202.png
16048.mp4,203,660.226,670.29,10.064,301.6,35.2,2310.1,2345.3,analysis/frames/16048/16048_beat_0203.png
16052.mp4,0,0.0,1.801,1.801,54.0,6.3,0.0,6.3,analysis/frames/16052/16052_beat_0000.png
16052.mp4,1,1.802,3.469,1.667,50.0,5.8,6.3,12.1,analysis/frames/16052/16052_beat_0001.png
16052.mp4,2,3.47,6.439,2.969,89.0,10.4,12.1,22.5,analysis/frames/16052/16052_beat_0002.png
16052.mp4,3,6.44,9.976,3.536,106.0,12.4,22.5,34.9,analysis/frames/16052/16052_beat_0003.png
16052.mp4,4,9.977,12.078,2.101,63.0,7.4,34.9,42.3,analysis/frames/16052/16052_beat_0004.png
16052.mp4,5,12.079,16.883,4.804,144.0,16.8,42.3,59.1,analysis/frames/16052/16052_beat_0005.png
16052.mp4,6,16.884,18.651,1.767,53.0,6.2,59.1,65.3,analysis/frames/16052/16052_beat_0006.png
16052.mp4,7,18.652,19.785,1.133,34.0,4.0,65.3,69.2,analysis/frames/16052/16052_beat_0007.png
16052.mp4,8,19.786,22.788,3.002,90.0,10.5,69.2,79.7,analysis/frames/16052/16052_beat_0008.png
16052.mp4,9,22.789,27.126,4.337,130.0,15.2,79.7,94.9,analysis/frames/16052/16052_beat_0009.png
16052.mp4,10,27.127,29.495,2.368,71.0,8.3,94.9,103.2,analysis/frames/16052/16052_beat_0010.png
16052.mp4,11,29.496,32.565,3.069,92.0,10.7,103.2,113.9,analysis/frames/16052/16052_beat_0011.png
16052.mp4,12,32.566,34.3,1.734,52.0,6.1,113.9,120.0,analysis/frames/16052/16052_beat_0012.png
16052.mp4,13,34.301,36.836,2.535,76.0,8.9,120.0,128.9,analysis/frames/16052/16052_beat_0013.png
16052.mp4,14,36.837,38.671,1.834,55.0,6.4,128.9,135.3,analysis/frames/16052/16052_beat_0014.png
16052.mp4,15,38.672,40.106,1.434,43.0,5.0,135.3,140.3,analysis/frames/16052/16052_beat_0015.png
16052.mp4,16,40.107,46.412,6.305,189.0,22.1,140.3,162.4,analysis/frames/16052/16052_beat_0016.png
16052.mp4,17,46.413,49.081,2.668,80.0,9.3,162.4,171.7,analysis/frames/16052/16052_beat_0017.png
16052.mp4,18,49.082,53.586,4.504,135.0,15.8,171.7,187.5,analysis/frames/16052/16052_beat_0018.png
16052.mp4,19,53.587,55.288,1.701,51.0,6.0,187.5,193.4,analysis/frames/16052/16052_beat_0019.png
16052.mp4,20,55.289,59.292,4.003,120.0,14.0,193.4,207.5,analysis/frames/16052/16052_beat_0020.png
16052.mp4,21,59.293,62.828,3.536,106.0,12.4,207.5,219.8,analysis/frames/16052/16052_beat_0021.png
16052.mp4,22,62.829,69.001,6.172,185.0,21.6,219.8,241.4,analysis/frames/16052/16052_beat_0022.png
16052.mp4,23,69.002,71.17,2.168,65.0,7.6,241.4,249.0,analysis/frames/16052/16052_beat_0023.png
16052.mp4,24,71.171,76.175,5.004,150.0,17.5,249.0,266.5,analysis/frames/16052/16052_beat_0024.png
16052.mp4,25,76.176,76.876,0.7,21.0,2.4,266.5,269.0,analysis/frames/16052/16052_beat_0025.png
16052.mp4,26,76.877,78.544,1.667,50.0,5.8,269.0,274.8,analysis/frames/16052/16052_beat_0026.png
16052.mp4,27,78.545,83.416,4.871,146.0,17.0,274.8,291.9,analysis/frames/16052/16052_beat_0027.png
16052.mp4,28,83.417,88.02,4.604,138.0,16.1,291.9,308.0,analysis/frames/16052/16052_beat_0028.png
16052.mp4,29,88.021,92.558,4.537,136.0,15.9,308.0,323.9,analysis/frames/16052/16052_beat_0029.png
16052.mp4,30,92.559,93.726,1.167,35.0,4.1,323.9,327.9,analysis/frames/16052/16052_beat_0030.png
16052.mp4,31,93.727,98.197,4.47,134.0,15.6,327.9,343.6,analysis/frames/16052/16052_beat_0031.png
16052.mp4,32,98.198,101.3,3.102,93.0,10.9,343.6,354.4,analysis/frames/16052/16052_beat_0032.png
16052.mp4,33,101.301,103.135,1.834,55.0,6.4,354.4,360.9,analysis/frames/16052/16052_beat_0033.png
16052.mp4,34,103.136,106.138,3.002,90.0,10.5,360.9,371.4,analysis/frames/16052/16052_beat_0034.png
16052.mp4,35,106.139,109.909,3.769,113.0,13.2,371.4,384.6,analysis/frames/16052/16052_beat_0035.png
16052.mp4,36,109.91,113.479,3.569,107.0,12.5,384.6,397.1,analysis/frames/16052/16052_beat_0036.png
16052.mp4,37,113.48,117.316,3.836,115.0,13.4,397.1,410.5,analysis/frames/16052/16052_beat_0037.png
16052.mp4,38,117.317,122.388,5.071,152.0,17.7,410.5,428.2,analysis/frames/16052/16052_beat_0038.png
16052.mp4,39,122.389,125.024,2.635,79.0,9.2,428.2,437.5,analysis/frames/16052/16052_beat_0039.png
16052.mp4,40,125.025,127.226,2.201,66.0,7.7,437.5,445.2,analysis/frames/16052/16052_beat_0040.png
16052.mp4,41,127.227,128.861,1.634,49.0,5.7,445.2,450.9,analysis/frames/16052/16052_beat_0041.png
16052.mp4,42,128.862,129.595,0.733,22.0,2.6,450.9,453.4,analysis/frames/16052/16052_beat_0042.png
16052.mp4,43,129.596,130.429,0.833,25.0,2.9,453.4,456.4,analysis/frames/16052/16052_beat_0043.png
16052.mp4,44,130.43,131.097,0.666,20.0,2.3,456.4,458.7,analysis/frames/16052/16052_beat_0044.png
16052.mp4,45,131.098,134.9,3.803,114.0,13.3,458.7,472.0,analysis/frames/16052/16052_beat_0045.png
16052.mp4,46,134.901,136.035,1.133,34.0,4.0,472.0,476.0,analysis/frames/16052/16052_beat_0046.png
16052.mp4,47,136.036,136.736,0.7,21.0,2.4,476.0,478.4,analysis/frames/16052/16052_beat_0047.png
16052.mp4,48,136.737,137.903,1.167,35.0,4.1,478.4,482.5,analysis/frames/16052/16052_beat_0048.png
16052.mp4,49,137.904,141.34,3.436,103.0,12.0,482.5,494.5,analysis/frames/16052/16052_beat_0049.png
16052.mp4,50,141.341,148.681,7.34,220.0,25.7,494.5,520.2,analysis/frames/16052/16052_beat_0050.png
16052.mp4,51,148.682,152.818,4.136,124.0,14.5,520.2,534.7,analysis/frames/16052/16052_beat_0051.png
16052.mp4,52,152.819,156.489,3.669,110.0,12.8,534.7,547.5,analysis/frames/16052/16052_beat_0052.png
16052.mp4,53,156.49,160.593,4.103,123.0,14.4,547.5,561.9,analysis/frames/16052/16052_beat_0053.png
16052.mp4,54,160.594,163.496,2.902,87.0,10.2,561.9,572.0,analysis/frames/16052/16052_beat_0054.png
16052.mp4,55,163.497,165.965,2.468,74.0,8.6,572.0,580.7,analysis/frames/16052/16052_beat_0055.png
16052.mp4,56,165.966,169.735,3.769,113.0,13.2,580.7,593.9,analysis/frames/16052/16052_beat_0056.png
16052.mp4,57,169.736,171.971,2.235,67.0,7.8,593.9,601.7,analysis/frames/16052/16052_beat_0057.png
16052.mp4,58,171.972,174.573,2.602,78.0,9.1,601.7,610.8,analysis/frames/16052/16052_beat_0058.png
16052.mp4,59,174.574,178.01,3.436,103.0,12.0,610.8,622.8,analysis/frames/16052/16052_beat_0059.png
16052.mp4,60,178.011,181.647,3.636,109.0,12.7,622.8,635.6,analysis/frames/16052/16052_beat_0060.png
16052.mp4,61,181.648,185.885,4.237,127.0,14.8,635.6,650.4,analysis/frames/16052/16052_beat_0061.png
16052.mp4,62,185.886,188.154,2.268,68.0,7.9,650.4,658.3,analysis/frames/16052/16052_beat_0062.png
16052.mp4,63,188.155,190.523,2.368,71.0,8.3,658.3,666.6,analysis/frames/16052/16052_beat_0063.png
16052.mp4,64,190.524,196.595,6.072,182.0,21.3,666.6,687.9,analysis/frames/16052/16052_beat_0064.png
16052.mp4,65,196.596,197.93,1.334,40.0,4.7,687.9,692.5,analysis/frames/16052/16052_beat_0065.png
16052.mp4,66,197.931,199.999,2.068,62.0,7.2,692.5,699.8,analysis/frames/16052/16052_beat_0066.png
16052.mp4,67,200.0,204.637,4.637,139.0,16.2,699.8,716.0,analysis/frames/16052/16052_beat_0067.png
16052.mp4,68,204.638,205.404,0.766,23.0,2.7,716.0,718.7,analysis/frames/16052/16052_beat_0068.png
16052.mp4,69,205.405,207.473,2.068,62.0,7.2,718.7,725.9,analysis/frames/16052/16052_beat_0069.png
16052.mp4,70,207.474,212.478,5.004,150.0,17.5,725.9,743.4,analysis/frames/16052/16052_beat_0070.png
16052.mp4,71,212.479,215.781,3.302,99.0,11.6,743.4,755.0,analysis/frames/16052/16052_beat_0071.png
16052.mp4,72,215.782,220.953,5.171,155.0,18.1,755.0,773.1,analysis/frames/16052/16052_beat_0072.png
16052.mp4,73,220.954,223.456,2.501,75.0,8.8,773.1,781.8,analysis/frames/16052/16052_beat_0073.png
16052.mp4,74,223.457,226.559,3.102,93.0,10.9,781.8,792.7,analysis/frames/16052/16052_beat_0074.png
16052.mp4,75,226.56,227.593,1.033,31.0,3.6,792.7,796.3,analysis/frames/16052/16052_beat_0075.png
16052.mp4,76,227.594,228.661,1.067,32.0,3.7,796.3,800.1,analysis/frames/16052/16052_beat_0076.png
16052.mp4,77,228.662,231.23,2.568,77.0,9.0,800.1,809.0,analysis/frames/16052/16052_beat_0077.png
16052.mp4,78,231.231,233.399,2.168,65.0,7.6,809.0,816.6,analysis/frames/16052/16052_beat_0078.png
16052.mp4,79,233.4,239.872,6.472,194.0,22.7,816.6,839.3,analysis/frames/16052/16052_beat_0079.png
16052.mp4,80,239.873,245.945,6.072,182.0,21.3,839.3,860.5,analysis/frames/16052/16052_beat_0080.png
16052.mp4,81,245.946,249.048,3.102,93.0,10.9,860.5,871.4,analysis/frames/16052/16052_beat_0081.png
16052.mp4,82,249.049,254.253,5.204,156.0,18.2,871.4,889.6,analysis/frames/16052/16052_beat_0082.png
16052.mp4,83,254.254,260.459,6.205,186.0,21.7,889.6,911.3,analysis/frames/16052/16052_beat_0083.png
16052.mp4,84,260.46,263.095,2.635,79.0,9.2,911.3,920.5,analysis/frames/16052/16052_beat_0084.png
16052.mp4,85,263.096,265.064,1.968,59.0,6.9,920.5,927.4,analysis/frames/16052/16052_beat_0085.png
16052.mp4,86,265.065,265.898,0.833,25.0,2.9,927.4,930.3,analysis/frames/16052/16052_beat_0086.png
16052.mp4,87,265.899,267.5,1.601,48.0,5.6,930.3,935.9,analysis/frames/16052/16052_beat_0087.png
16052.mp4,88,267.501,270.469,2.969,89.0,10.4,935.9,946.3,analysis/frames/16052/16052_beat_0088.png
16052.mp4,89,270.47,272.738,2.268,68.0,7.9,946.3,954.3,analysis/frames/16052/16052_beat_0089.png
16052.mp4,90,272.739,278.511,5.771,173.0,20.2,954.3,974.5,analysis/frames/16052/16052_beat_0090.png
16052.mp4,91,278.512,281.347,2.835,85.0,9.9,974.5,984.4,analysis/frames/16052/16052_beat_0091.png
16052.mp4,92,281.348,283.916,2.568,77.0,9.0,984.4,993.4,analysis/frames/16052/16052_beat_0092.png
16052.mp4,93,283.917,286.285,2.368,71.0,8.3,993.4,1001.7,analysis/frames/16052/16052_beat_0093.png
16052.mp4,94,286.286,289.488,3.202,96.0,11.2,1001.7,1012.9,analysis/frames/16052/16052_beat_0094.png
16052.mp4,95,289.489,295.795,6.305,189.0,22.1,1012.9,1035.0,analysis/frames/16052/16052_beat_0095.png
16052.mp4,96,295.796,297.797,2.001,60.0,7.0,1035.0,1042.0,analysis/frames/16052/16052_beat_0096.png
16052.mp4,97,297.798,300.432,2.635,79.0,9.2,1042.0,1051.2,analysis/frames/16052/16052_beat_0097.png
16052.mp4,98,300.433,301.5,1.067,32.0,3.7,1051.2,1054.9,analysis/frames/16052/16052_beat_0098.png
16052.mp4,99,301.501,303.502,2.001,60.0,7.0,1054.9,1061.9,analysis/frames/16052/16052_beat_0099.png
16052.mp4,100,303.503,306.639,3.135,94.0,11.0,1061.9,1072.9,analysis/frames/16052/16052_beat_0100.png
16052.mp4,101,306.64,310.442,3.803,114.0,13.3,1072.9,1086.2,analysis/frames/16052/16052_beat_0101.png
16052.mp4,102,310.443,314.146,3.703,111.0,13.0,1086.2,1099.2,analysis/frames/16052/16052_beat_0102.png
16052.mp4,103,314.147,315.948,1.801,54.0,6.3,1099.2,1105.5,analysis/frames/16052/16052_beat_0103.png
16052.mp4,104,315.949,319.351,3.402,102.0,11.9,1105.5,1117.4,analysis/frames/16052/16052_beat_0104.png
16052.mp4,105,319.352,322.121,2.768,83.0,9.7,1117.4,1127.1,analysis/frames/16052/16052_beat_0105.png
16052.mp4,106,322.122,323.722,1.601,48.0,5.6,1127.1,1132.7,analysis/frames/16052/16052_beat_0106.png
16052.mp4,107,323.723,327.827,4.103,123.0,14.4,1132.7,1147.0,analysis/frames/16052/16052_beat_0107.png
16052.mp4,108,327.827,329.395,1.567,47.0,5.5,1147.0,1152.5,analysis/frames/16052/16052_beat_0108.png
16052.mp4,109,329.396,332.498,3.102,93.0,10.9,1152.5,1163.4,analysis/frames/16052/16052_beat_0109.png
16052.mp4,110,332.499,333.365,0.867,26.0,3.0,1163.4,1166.4,analysis/frames/16052/16052_beat_0110.png
16052.mp4,111,333.366,335.634,2.268,68.0,7.9,1166.4,1174.3,analysis/frames/16052/16052_beat_0111.png
16052.mp4,112,335.635,342.041,6.405,192.0,22.4,1174.3,1196.8,analysis/frames/16052/16052_beat_0112.png
16052.mp4,113,342.042,344.61,2.568,77.0,9.0,1196.8,1205.7,analysis/frames/16052/16052_beat_0113.png
16052.mp4,114,344.611,348.047,3.436,103.0,12.0,1205.7,1217.8,analysis/frames/16052/16052_beat_0114.png
16052.mp4,115,348.048,349.715,1.667,50.0,5.8,1217.8,1223.6,analysis/frames/16052/16052_beat_0115.png
16052.mp4,116,349.716,354.52,4.804,144.0,16.8,1223.6,1240.4,analysis/frames/16052/16052_beat_0116.png
16052.mp4,117,354.521,356.889,2.368,71.0,8.3,1240.4,1248.7,analysis/frames/16052/16052_beat_0117.png
16052.mp4,118,356.89,361.26,4.37,131.0,15.3,1248.7,1264.0,analysis/frames/16052/16052_beat_0118.png
16052.mp4,119,361.261,365.297,4.036,121.0,14.1,1264.0,1278.1,analysis/frames/16052/16052_beat_0119.png
16052.mp4,120,365.298,367.366,2.068,62.0,7.2,1278.1,1285.4,analysis/frames/16052/16052_beat_0120.png
16052.mp4,121,367.367,369.835,2.468,74.0,8.6,1285.4,1294.0,analysis/frames/16052/16052_beat_0121.png
16052.mp4,122,369.836,374.607,4.77,143.0,16.7,1294.0,1310.7,analysis/frames/16052/16052_beat_0122.png
16052.mp4,123,374.608,375.975,1.367,41.0,4.8,1310.7,1315.5,analysis/frames/16052/16052_beat_0123.png
16052.mp4,124,375.976,381.914,5.938,178.0,20.8,1315.5,1336.3,analysis/frames/16052/16052_beat_0124.png
16052.mp4,125,381.915,384.917,3.002,90.0,10.5,1336.3,1346.8,analysis/frames/16052/16052_beat_0125.png
16052.mp4,126,384.918,388.387,3.469,104.0,12.1,1346.8,1358.9,analysis/frames/16052/16052_beat_0126.png
16052.mp4,127,388.388,392.691,4.303,129.0,15.1,1358.9,1374.0,analysis/frames/16052/16052_beat_0127.png
16052.mp4,128,392.692,394.26,1.567,47.0,5.5,1374.0,1379.5,analysis/frames/16052/16052_beat_0128.png
16052.mp4,129,394.261,399.064,4.804,144.0,16.8,1379.5,1396.3,analysis/frames/16052/16052_beat_0129.png
16052.mp4,130,399.065,399.865,0.8,24.0,2.8,1396.3,1399.1,analysis/frames/16052/16052_beat_0130.png
16052.mp4,131,399.866,401.4,1.534,46.0,5.4,1399.1,1404.4,analysis/frames/16052/16052_beat_0131.png
16052.mp4,132,401.401,404.503,3.102,93.0,10.9,1404.4,1415.3,analysis/frames/16052/16052_beat_0132.png
16052.mp4,133,404.504,405.671,1.167,35.0,4.1,1415.3,1419.4,analysis/frames/16052/16052_beat_0133.png
16052.mp4,134,405.672,406.939,1.267,38.0,4.4,1419.4,1423.8,analysis/frames/16052/16052_beat_0134.png
16052.mp4,135,406.94,408.207,1.267,38.0,4.4,1423.8,1428.2,analysis/frames/16052/16052_beat_0135.png
16052.mp4,136,408.208,409.375,1.167,35.0,4.1,1428.2,1432.3,analysis/frames/16052/16052_beat_0136.png
16052.mp4,137,409.376,410.542,1.167,35.0,4.1,1432.3,1436.4,analysis/frames/16052/16052_beat_0137.png
16052.mp4,138,410.543,411.176,0.633,19.0,2.2,1436.4,1438.6,analysis/frames/16052/16052_beat_0138.png
16052.mp4,139,411.177,414.647,3.469,104.0,12.1,1438.6,1450.8,analysis/frames/16052/16052_beat_0139.png
16052.mp4,140,414.648,417.216,2.568,77.0,9.0,1450.8,1459.8,analysis/frames/16052/16052_beat_0140.png
16052.mp4,141,417.217,419.184,1.968,59.0,6.9,1459.8,1466.7,analysis/frames/16052/16052_beat_0141.png
16052.mp4,142,419.185,422.054,2.869,86.0,10.0,1466.7,1476.7,analysis/frames/16052/16052_beat_0142.png
16052.mp4,143,422.055,424.59,2.535,76.0,8.9,1476.7,1485.6,analysis/frames/16052/16052_beat_0143.png
16052.mp4,144,424.591,431.163,6.572,197.0,23.0,1485.6,1508.6,analysis/frames/16052/16052_beat_0144.png
16052.mp4,145,431.164,434.533,3.369,101.0,11.8,1508.6,1520.4,analysis/frames/16052/16052_beat_0145.png
16052.mp4,146,434.534,435.601,1.067,32.0,3.7,1520.4,1524.1,analysis/frames/16052/16052_beat_0146.png
16052.mp4,147,435.602,438.003,2.401,72.0,8.4,1524.1,1532.5,analysis/frames/16052/16052_beat_0147.png
16052.mp4,148,438.004,440.172,2.168,65.0,7.6,1532.5,1540.1,analysis/frames/16052/16052_beat_0148.png
16052.mp4,149,440.173,441.273,1.1,33.0,3.9,1540.1,1543.9,analysis/frames/16052/16052_beat_0149.png
16052.mp4,150,441.274,442.775,1.501,45.0,5.3,1543.9,1549.2,analysis/frames/16052/16052_beat_0150.png
16052.mp4,151,442.776,445.044,2.268,68.0,7.9,1549.2,1557.1,analysis/frames/16052/16052_beat_0151.png
16052.mp4,152,445.045,446.612,1.567,47.0,5.5,1557.1,1562.6,analysis/frames/16052/16052_beat_0152.png
16052.mp4,153,446.613,447.913,1.3,39.0,4.5,1562.6,1567.2,analysis/frames/16052/16052_beat_0153.png
16052.mp4,154,447.914,449.114,1.2,36.0,4.2,1567.2,1571.4,analysis/frames/16052/16052_beat_0154.png
16052.mp4,155,449.115,453.953,4.837,145.0,16.9,1571.4,1588.3,analysis/frames/16052/16052_beat_0155.png
16052.mp4,156,453.954,456.622,2.668,80.0,9.3,1588.3,1597.6,analysis/frames/16052/16052_beat_0156.png
16052.mp4,157,456.623,457.923,1.3,39.0,4.5,1597.6,1602.2,analysis/frames/16052/16052_beat_0157.png
16052.mp4,158,457.924,460.96,3.035,91.0,10.6,1602.2,1612.8,analysis/frames/16052/16052_beat_0158.png
16052.mp4,159,460.961,461.727,0.766,23.0,2.7,1612.8,1615.5,analysis/frames/16052/16052_beat_0159.png
16052.mp4,160,461.728,462.661,0.933,28.0,3.3,1615.5,1618.7,analysis/frames/16052/16052_beat_0160.png
16052.mp4,161,462.662,466.098,3.436,103.0,12.0,1618.7,1630.8,analysis/frames/16052/16052_beat_0161.png
16052.mp4,162,466.099,468.2,2.101,63.0,7.4,1630.8,1638.1,analysis/frames/16052/16052_beat_0162.png
16052.mp4,163,468.201,472.538,4.337,130.0,15.2,1638.1,1653.3,analysis/frames/16052/16052_beat_0163.png
16052.mp4,164,472.539,474.606,2.068,62.0,7.2,1653.3,1660.5,analysis/frames/16052/16052_beat_0164.png
16052.mp4,165,474.607,477.843,3.236,97.0,11.3,1660.5,1671.9,analysis/frames/16052/16052_beat_0165.png
16052.mp4,166,477.844,480.212,2.368,71.0,8.3,1671.9,1680.2,analysis/frames/16052/16052_beat_0166.png
16052.mp4,167,480.213,481.146,0.933,28.0,3.3,1680.2,1683.4,analysis/frames/16052/16052_beat_0167.png
16052.mp4,168,481.147,482.014,0.867,26.0,3.0,1683.4,1686.5,analysis/frames/16052/16052_beat_0168.png
16052.mp4,169,482.015,482.948,0.933,28.0,3.3,1686.5,1689.7,analysis/frames/16052/16052_beat_0169.png
16052.mp4,170,482.949,484.616,1.667,50.0,5.8,1689.7,1695.6,analysis/frames/16052/16052_beat_0170.png
16052.mp4,171,484.617,488.153,3.536,106.0,12.4,1695.6,1707.9,analysis/frames/16052/16052_beat_0171.png
16052.mp4,172,488.154,491.023,2.869,86.0,10.0,1707.9,1718.0,analysis/frames/16052/16052_beat_0172.png
16052.mp4,173,491.024,494.626,3.603,108.0,12.6,1718.0,1730.6,analysis/frames/16052/16052_beat_0173.png
16052.mp4,174,494.627,498.53,3.903,117.0,13.7,1730.6,1744.2,analysis/frames/16052/16052_beat_0174.png
16052.mp4,175,498.531,503.736,5.204,156.0,18.2,1744.2,1762.5,analysis/frames/16052/16052_beat_0175.png
16052.mp4,176,503.737,505.571,1.834,55.0,6.4,1762.5,1768.9,analysis/frames/16052/16052_beat_0176.png
16052.mp4,177,505.572,507.94,2.368,71.0,8.3,1768.9,1777.2,analysis/frames/16052/16052_beat_0177.png
16052.mp4,178,507.941,513.245,5.304,159.0,18.6,1777.2,1795.7,analysis/frames/16052/16052_beat_0178.png
16052.mp4,179,513.246,518.751,5.505,165.0,19.3,1795.7,1815.0,analysis/frames/16052/16052_beat_0179.png
16052.mp4,180,518.752,520.285,1.534,46.0,5.4,1815.0,1820.4,analysis/frames/16052/16052_beat_0180.png
16052.mp4,181,520.286,521.086,0.8,24.0,2.8,1820.4,1823.2,analysis/frames/16052/16052_beat_0181.png
16052.mp4,182,521.087,522.121,1.033,31.0,3.6,1823.2,1826.8,analysis/frames/16052/16052_beat_0182.png
16052.mp4,183,522.122,528.927,6.806,204.0,23.8,1826.8,1850.6,analysis/frames/16052/16052_beat_0183.png
16052.mp4,184,528.928,530.963,2.034,61.0,7.1,1850.6,1857.7,analysis/frames/16052/16052_beat_0184.png
16052.mp4,185,530.964,536.034,5.071,152.0,17.7,1857.7,1875.5,analysis/frames/16052/16052_beat_0185.png
16052.mp4,186,536.035,540.773,4.737,142.0,16.6,1875.5,1892.1,analysis/frames/16052/16052_beat_0186.png
16052.mp4,187,540.774,543.642,2.869,86.0,10.0,1892.1,1902.1,analysis/frames/16052/16052_beat_0187.png
16052.mp4,188,543.643,545.844,2.201,66.0,7.7,1902.1,1909.8,analysis/frames/16052/16052_beat_0188.png
16052.mp4,189,545.845,553.018,7.173,215.0,25.1,1909.8,1934.9,analysis/frames/16052/16052_beat_0189.png
16052.mp4,190,553.019,558.123,5.104,153.0,17.9,1934.9,1952.8,analysis/frames/16052/16052_beat_0190.png
16052.mp4,191,558.124,559.958,1.834,55.0,6.4,1952.8,1959.2,analysis/frames/16052/16052_beat_0191.png
16052.mp4,192,559.959,565.998,6.038,181.0,21.1,1959.2,1980.3,analysis/frames/16052/16052_beat_0192.png
16052.mp4,193,565.999,569.134,3.135,94.0,11.0,1980.3,1991.3,analysis/frames/16052/16052_beat_0193.png
16052.mp4,194,569.135,573.505,4.37,131.0,15.3,1991.3,2006.6,analysis/frames/16052/16052_beat_0194.png
16052.mp4,195,573.506,575.174,1.667,50.0,5.8,2006.6,2012.4,analysis/frames/16052/16052_beat_0195.png
16052.mp4,196,575.175,580.612,5.438,163.0,19.0,2012.4,2031.5,analysis/frames/16052/16052_beat_0196.png
16052.mp4,197,580.613,583.348,2.735,82.0,9.6,2031.5,2041.0,analysis/frames/16052/16052_beat_0197.png
16052.mp4,198,583.349,586.685,3.336,100.0,11.7,2041.0,2052.7,analysis/frames/16052/16052_beat_0198.png
16052.mp4,199,586.686,587.352,0.666,20.0,2.3,2052.7,2055.0,analysis/frames/16052/16052_beat_0199.png
16052.mp4,200,587.353,588.587,1.234,37.0,4.3,2055.0,2059.4,analysis/frames/16052/16052_beat_0200.png
16052.mp4,201,588.588,593.258,4.67,140.0,16.3,2059.4,2075.7,analysis/frames/16052/16052_beat_0201.png
16052.mp4,202,593.259,594.326,1.067,32.0,3.7,2075.7,2079.4,analysis/frames/16052/16052_beat_0202.png
16052.mp4,203,594.327,595.694,1.367,41.0,4.8,2079.4,2084.2,analysis/frames/16052/16052_beat_0203.png
16052.mp4,204,595.695,598.297,2.602,78.0,9.1,2084.2,2093.3,analysis/frames/16052/16052_beat_0204.png
16052.mp4,205,598.298,601.8,3.503,105.0,12.3,2093.3,2105.6,analysis/frames/16052/16052_beat_0205.png
16052.mp4,206,601.801,604.77,2.969,89.0,10.4,2105.6,2116.0,analysis/frames/16052/16052_beat_0206.png
16052.mp4,207,604.771,607.84,3.069,92.0,10.7,2116.0,2126.7,analysis/frames/16052/16052_beat_0207.png
16052.mp4,208,607.841,610.509,2.668,80.0,9.3,2126.7,2136.1,analysis/frames/16052/16052_beat_0208.png
16052.mp4,209,610.51,613.278,2.768,83.0,9.7,2136.1,2145.7,analysis/frames/16052/16052_beat_0209.png
16052.mp4,210,613.279,614.713,1.434,43.0,5.0,2145.7,2150.8,analysis/frames/16052/16052_beat_0210.png
16052.mp4,211,614.714,622.888,8.174,245.0,28.6,2150.8,2179.4,analysis/frames/16052/16052_beat_0211.png
16052.mp4,212,622.889,626.391,3.503,105.0,12.3,2179.4,2191.6,analysis/frames/16052/16052_beat_0212.png
16052.mp4,213,626.392,629.428,3.035,91.0,10.6,2191.6,2202.3,analysis/frames/16052/16052_beat_0213.png
16052.mp4,214,629.429,633.832,4.403,132.0,15.4,2202.3,2217.7,analysis/frames/16052/16052_beat_0214.png
16052.mp4,215,633.833,637.135,3.302,99.0,11.6,2217.7,2229.2,analysis/frames/16052/16052_beat_0215.png
16052.mp4,216,637.136,640.906,3.769,113.0,13.2,2229.2,2242.4,analysis/frames/16052/16052_beat_0216.png
16052.mp4,217,640.907,643.842,2.935,88.0,10.3,2242.4,2252.7,analysis/frames/16052/16052_beat_0217.png
16052.mp4,218,643.843,648.78,4.937,148.0,17.3,2252.7,2270.0,analysis/frames/16052/16052_beat_0218.png
16052.mp4,219,648.781,651.95,3.169,95.0,11.1,2270.0,2281.1,analysis/frames/16052/16052_beat_0219.png
16052.mp4,220,651.951,655.621,3.669,110.0,12.8,2281.1,2293.9,analysis/frames/16052/16052_beat_0220.png
16052.mp4,221,655.622,656.755,1.133,34.0,4.0,2293.9,2297.9,analysis/frames/16052/16052_beat_0221.png
16052.mp4,222,656.756,662.895,6.138,184.0,21.5,2297.9,2319.3,analysis/frames/16052/16052_beat_0222.png
16052.mp4,223,662.896,672.96,10.064,301.6,35.2,2319.3,2354.6,analysis/frames/16052/16052_beat_0223.png
16055.mp4,0,0.0,1.834,1.834,55.0,6.4,0.0,6.4,analysis/frames/16055/16055_beat_0000.png
16055.mp4,1,1.835,3.035,1.2,36.0,4.2,6.4,10.6,analysis/frames/16055/16055_beat_0001.png
16055.mp4,2,3.036,4.837,1.801,54.0,6.3,10.6,16.9,analysis/frames/16055/16055_beat_0002.png
16055.mp4,3,4.838,6.973,2.134,64.0,7.5,16.9,24.4,analysis/frames/16055/16055_beat_0003.png
16055.mp4,4,6.974,10.376,3.402,102.0,11.9,24.4,36.3,analysis/frames/16055/16055_beat_0004.png
16055.mp4,5,10.377,13.079,2.702,81.0,9.5,36.3,45.8,analysis/frames/16055/16055_beat_0005.png
16055.mp4,6,13.08,14.614,1.534,46.0,5.4,45.8,51.1,analysis/frames/16055/16055_beat_0006.png
16055.mp4,7,14.615,16.048,1.434,43.0,5.0,51.1,56.1,analysis/frames/16055/16055_beat_0007.png
16055.mp4,8,16.049,21.387,5.338,160.0,18.7,56.1,74.8,analysis/frames/16055/16055_beat_0008.png
16055.mp4,9,21.388,24.223,2.835,85.0,9.9,74.8,84.7,analysis/frames/16055/16055_beat_0009.png
16055.mp4,10,24.224,24.991,0.766,23.0,2.7,84.7,87.4,analysis/frames/16055/16055_beat_0010.png
16055.mp4,11,24.992,27.927,2.935,88.0,10.3,87.4,97.7,analysis/frames/16055/16055_beat_0011.png
16055.mp4,12,27.928,30.496,2.568,77.0,9.0,97.7,106.7,analysis/frames/16055/16055_beat_0012.png
16055.mp4,13,30.497,33.299,2.802,84.0,9.8,106.7,116.5,analysis/frames/16055/16055_beat_0013.png
16055.mp4,14,33.3,34.534,1.234,37.0,4.3,116.5,120.8,analysis/frames/16055/16055_beat_0014.png
16055.mp4,15,34.535,36.869,2.335,70.0,8.2,120.8,129.0,analysis/frames/16055/16055_beat_0015.png
16055.mp4,16,36.87,42.208,5.338,160.0,18.7,129.0,147.7,analysis/frames/16055/16055_beat_0016.png
16055.mp4,17,42.209,45.011,2.802,84.0,9.8,147.7,157.5,analysis/frames/16055/16055_beat_0017.png
16055.mp4,18,45.012,47.513,2.502,75.0,8.8,157.5,166.2,analysis/frames/16055/16055_beat_0018.png
16055.mp4,19,47.514,48.581,1.067,32.0,3.7,166.2,170.0,analysis/frames/16055/16055_beat_0019.png
16055.mp4,20,48.582,50.416,1.834,55.0,6.4,170.0,176.4,analysis/frames/16055/16055_beat_0020.png
16055.mp4,21,50.417,51.083,0.666,20.0,2.3,176.4,178.7,analysis/frames/16055/16055_beat_0021.png
16055.mp4,22,51.084,52.618,1.534,46.0,5.4,178.7,184.1,analysis/frames/16055/16055_beat_0022.png
16055.mp4,23,52.619,54.52,1.901,57.0,6.7,184.1,190.7,analysis/frames/16055/16055_beat_0023.png
16055.mp4,24,54.521,59.292,4.77,143.0,16.7,190.7,207.4,analysis/frames/16055/16055_beat_0024.png
16055.mp4,25,59.293,61.694,2.401,72.0,8.4,207.4,215.8,analysis/frames/16055/16055_beat_0025.png
16055.mp4,26,61.695,69.101,7.406,222.0,25.9,215.8,241.8,analysis/frames/16055/16055_beat_0026.png
16055.mp4,27,69.102,70.469,1.367,41.0,4.8,241.8,246.5,analysis/frames/16055/16055_beat_0027.png
16055.mp4,28,70.47,72.338,1.868,56.0,6.5,246.5,253.1,analysis/frames/16055/16055_beat_0028.png
16055.mp4,29,72.339,76.375,4.036,121.0,14.1,253.1,267.2,analysis/frames/16055/16055_beat_0029.png
16055.mp4,30,76.376,79.278,2.902,87.0,10.2,267.2,277.4,analysis/frames/16055/16055_beat_0030.png
16055.mp4,31,79.279,81.647,2.368,71.0,8.3,277.4,285.7,analysis/frames/16055/16055_beat_0031.png
16055.mp4,32,81.648,84.817,3.169,95.0,11.1,285.7,296.7,analysis/frames/16055/16055_beat_0032.png
16055.mp4,33,84.818,88.12,3.302,99.0,11.6,296.7,308.3,analysis/frames/16055/16055_beat_0033.png
16055.mp4,34,88.121,89.889,1.767,53.0,6.2,308.3,314.5,analysis/frames/16055/16055_beat_0034.png
16055.mp4,35,89.89,92.825,2.935,88.0,10.3,314.5,324.8,analysis/frames/16055/16055_beat_0035.png
16055.mp4,36,92.826,94.994,2.168,65.0,7.6,324.8,332.3,analysis/frames/16055/16055_beat_0036.png
16055.mp4,37,94.995,96.662,1.667,50.0,5.8,332.3,338.2,analysis/frames/16055/16055_beat_0037.png
16055.mp4,38,96.663,99.832,3.169,95.0,11.1,338.2,349.3,analysis/frames/16055/16055_beat_0038.png
16055.mp4,39,99.833,104.737,4.904,147.0,17.2,349.3,366.4,analysis/frames/16055/16055_beat_0039.png
16055.mp4,40,104.738,107.473,2.735,82.0,9.6,366.4,376.0,analysis/frames/16055/16055_beat_0040.png
16055.mp4,41,107.474,110.309,2.835,85.0,9.9,376.0,385.9,analysis/frames/16055/16055_beat_0041.png
16055.mp4,42,110.31,112.345,2.034,61.0,7.1,385.9,393.1,analysis/frames/16055/16055_beat_0042.png
16055.mp4,43,112.346,115.715,3.369,101.0,11.8,393.1,404.8,analysis/frames/16055/16055_beat_0043.png
16055.mp4,44,115.716,116.349,0.633,19.0,2.2,404.8,407.1,analysis/frames/16055/16055_beat_0044.png
16055.mp4,45,116.35,117.516,1.167,35.0,4.1,407.1,411.1,analysis/frames/16055/16055_beat_0045.png
16055.mp4,46,117.517,119.352,1.834,55.0,6.4,411.1,417.6,analysis/frames/16055/16055_beat_0046.png
16055.mp4,47,119.353,120.486,1.133,34.0,4.0,417.6,421.5,analysis/frames/16055/16055_beat_0047.png
16055.mp4,48,120.487,122.555,2.068,62.0,7.2,421.5,428.8,analysis/frames/16055/16055_beat_0048.png
16055.mp4,49,122.556,126.859,4.303,129.0,15.1,428.8,443.8,analysis/frames/16055/16055_beat_0049.png
16055.mp4,50,126.86,129.395,2.535,76.0,8.9,443.8,452.7,analysis/frames/16055/16055_beat_0050.png
16055.mp4,51,129.396,130.663,1.267,38.0,4.4,452.7,457.1,analysis/frames/16055/16055_beat_0051.png
16055.mp4,52,130.664,131.464,0.8,24.0,2.8,457.1,459.9,analysis/frames/16055/16055_beat_0052.png
16055.mp4,53,131.465,133.199,1.734,52.0,6.1,459.9,466.0,analysis/frames/16055/16055_beat_0053.png
16055.mp4,54,133.2,135.568,2.368,71.0,8.3,466.0,474.3,analysis/frames/16055/16055_beat_0054.png
16055.mp4,55,135.569,137.77,2.201,66.0,7.7,474.3,482.0,analysis/frames/16055/16055_beat_0055.png
16055.mp4,56,137.771,139.538,1.767,53.0,6.2,482.0,488.2,analysis/frames/16055/16055_beat_0056.png
16055.mp4,57,139.539,141.607,2.068,62.0,7.2,488.2,495.4,analysis/frames/16055/16055_beat_0057.png
16055.mp4,58,141.608,146.846,5.238,157.0,18.3,495.4,513.8,analysis/frames/16055/16055_beat_0058.png
16055.mp4,59,146.847,148.18,1.334,40.0,4.7,513.8,518.4,analysis/frames/16055/16055_beat_0059.png
16055.mp4,60,148.181,150.516,2.335,70.0,8.2,518.4,526.6,analysis/frames/16055/16055_beat_0060.png
16055.mp4,61,150.517,153.252,2.735,82.0,9.6,526.6,536.2,analysis/frames/16055/16055_beat_0061.png
16055.mp4,62,153.253,155.187,1.934,58.0,6.8,536.2,542.9,analysis/frames/16055/16055_beat_0062.png
16055.mp4,63,155.188,157.757,2.568,77.0,9.0,542.9,551.9,analysis/frames/16055/16055_beat_0063.png
16055.mp4,64,157.758,159.959,2.201,66.0,7.7,551.9,559.6,analysis/frames/16055/16055_beat_0064.png
16055.mp4,65,159.96,161.06,1.1,33.0,3.9,559.6,563.5,analysis/frames/16055/16055_beat_0065.png
16055.mp4,66,161.061,163.295,2.235,67.0,7.8,563.5,571.3,analysis/frames/16055/16055_beat_0066.png
16055.mp4,67,163.296,163.963,0.666,20.0,2.3,571.3,573.6,analysis/frames/16055/16055_beat_0067.png
16055.mp4,68,163.964,164.897,0.933,28.0,3.3,573.6,576.9,analysis/frames/16055/16055_beat_0068.png
16055.mp4,69,164.898,165.631,0.733,22.0,2.6,576.9,579.5,analysis/frames/16055/16055_beat_0069.png
16055.mp4,70,165.632,168.701,3.069,92.0,10.7,579.5,590.2,analysis/frames/16055/16055_beat_0070.png
16055.mp4,71,168.702,169.468,0.766,23.0,2.7,590.2,592.9,analysis/frames/16055/16055_beat_0071.png
16055.mp4,72,169.469,170.503,1.033,31.0,3.6,592.9,596.5,analysis/frames/16055/16055_beat_0072.png
16055.mp4,73,170.504,171.404,0.9,27.0,3.1,596.5,599.6,analysis/frames/16055/16055_beat_0073.png
16055.mp4,74,171.405,173.172,1.767,53.0,6.2,599.6,605.8,analysis/frames/16055/16055_beat_0074.png
16055.mp4,75,173.173,174.54,1.367,41.0,4.8,605.8,610.6,analysis/frames/16055/16055_beat_0075.png
16055.mp4,76,174.541,177.443,2.902,87.0,10.2,610.6,620.8,analysis/frames/16055/16055_beat_0076.png
16055.mp4,77,177.444,178.377,0.933,28.0,3.3,620.8,624.0,analysis/frames/16055/16055_beat_0077.png
16055.mp4,78,178.378,182.181,3.803,114.0,13.3,624.0,637.4,analysis/frames/16055/16055_beat_0078.png
16055.mp4,79,182.182,183.449,1.267,38.0,4.4,637.4,641.8,analysis/frames/16055/16055_beat_0079.png
16055.mp4,80,183.45,189.255,5.805,174.0,20.3,641.8,662.1,analysis/frames/16055/16055_beat_0080.png
16055.mp4,81,189.256,191.39,2.134,64.0,7.5,662.1,669.6,analysis/frames/16055/16055_beat_0081.png
16055.mp4,82,191.391,193.225,1.834,55.0,6.4,669.6,676.0,analysis/frames/16055/16055_beat_0082.png
16055.mp4,83,193.226,196.095,2.869,86.0,10.0,676.0,686.0,analysis/frames/16055/16055_beat_0083.png
16055.mp4,84,196.096,197.997,1.901,57.0,6.7,686.0,692.7,analysis/frames/16055/16055_beat_0084.png
16055.mp4,85,197.998,200.566,2.568,77.0,9.0,692.7,701.7,analysis/frames/16055/16055_beat_0085.png
16055.mp4,86,200.567,204.737,4.17,125.0,14.6,701.7,716.3,analysis/frames/16055/16055_beat_0086.png
16055.mp4,87,204.738,212.244,7.506,225.0,26.3,716.3,742.5,analysis/frames/16055/16055_beat_0087.png
16055.mp4,88,212.245,213.179,0.933,28.0,3.3,742.5,745.8,analysis/frames/16055/16055_beat_0088.png
16055.mp4,89,213.18,214.48,1.3,39.0,4.5,745.8,750.4,analysis/frames/16055/16055_beat_0089.png
16055.mp4,90,214.481,217.216,2.735,82.0,9.6,750.4,759.9,analysis/frames/16055/16055_beat_0090.png
16055.mp4,91,217.217,220.786,3.569,107.0,12.5,759.9,772.4,analysis/frames/16055/16055_beat_0091.png
16055.mp4,92,220.787,224.29,3.502,105.0,12.3,772.4,784.7,analysis/frames/16055/16055_beat_0092.png
16055.mp4,93,224.291,227.059,2.768,83.0,9.7,784.7,794.4,analysis/frames/16055/16055_beat_0093.png
16055.mp4,94,227.06,231.163,4.103,123.0,14.4,794.4,808.7,analysis/frames/16055/16055_beat_0094.png
16055.mp4,95,231.164,233.566,2.401,72.0,8.4,808.7,817.1,analysis/frames/16055/16055_beat_0095.png
16055.mp4,96,233.567,234.433,0.867,26.0,3.0,817.1,820.2,analysis/frames/16055/16055_beat_0096.png
16055.mp4,97,234.434,236.068,1.634,49.0,5.7,820.2,825.9,analysis/frames/16055/16055_beat_0097.png
16055.mp4,98,236.069,244.11,8.04,241.0,28.1,825.9,854.0,analysis/frames/16055/16055_beat_0098.png
16055.mp4,99,244.111,248.447,4.337,130.0,15.2,854.0,869.2,analysis/frames/16055/16055_beat_0099.png
16055.mp4,100,248.448,250.182,1.734,52.0,6.1,869.2,875.3,analysis/frames/16055/16055_beat_0100.png
16055.mp4,101,250.183,251.851,1.667,50.0,5.8,875.3,881.1,analysis/frames/16055/16055_beat_0101.png
16055.mp4,102,251.852,256.288,4.437,133.0,15.5,881.1,896.6,analysis/frames/16055/16055_beat_0102.png
16055.mp4,103,256.289,261.026,4.737,142.0,16.6,896.6,913.2,analysis/frames/16055/16055_beat_0103.png
16055.mp4,104,261.027,262.294,1.267,38.0,4.4,913.2,917.6,analysis/frames/16055/16055_beat_0104.png
16055.mp4,105,262.295,263.662,1.367,41.0,4.8,917.6,922.4,analysis/frames/16055/16055_beat_0105.png
16055.mp4,106,263.663,266.899,3.236,97.0,11.3,922.4,933.8,analysis/frames/16055/16055_beat_0106.png
16055.mp4,107,266.9,268.768,1.868,56.0,6.5,933.8,940.3,analysis/frames/16055/16055_beat_0107.png
16055.mp4,108,268.769,270.97,2.201,66.0,7.7,940.3,948.0,analysis/frames/16055/16055_beat_0108.png
16055.mp4,109,270.971,273.672,2.702,81.0,9.5,948.0,957.5,analysis/frames/16055/16055_beat_0109.png
16055.mp4,110,273.673,277.009,3.336,100.0,11.7,957.5,969.1,analysis/frames/16055/16055_beat_0110.png
16055.mp4,111,277.01,278.744,1.734,52.0,6.1,969.1,975.2,analysis/frames/16055/16055_beat_0111.png
16055.mp4,112,278.745,280.613,1.868,56.0,6.5,975.2,981.7,analysis/frames/16055/16055_beat_0112.png
16055.mp4,113,280.614,282.848,2.235,67.0,7.8,981.7,989.6,analysis/frames/16055/16055_beat_0113.png
16055.mp4,114,282.849,290.156,7.306,219.0,25.6,989.6,1015.1,analysis/frames/16055/16055_beat_0114.png
16055.mp4,115,290.157,293.292,3.135,94.0,11.0,1015.1,1026.1,analysis/frames/16055/16055_beat_0115.png
16055.mp4,116,293.293,294.66,1.367,41.0,4.8,1026.1,1030.9,analysis/frames/16055/16055_beat_0116.png
16055.mp4,117,294.661,297.63,2.969,89.0,10.4,1030.9,1041.3,analysis/frames/16055/16055_beat_0117.png
16055.mp4,118,297.631,300.232,2.602,78.0,9.1,1041.3,1050.4,analysis/frames/16055/16055_beat_0118.png
16055.mp4,119,300.233,302.568,2.335,70.0,8.2,1050.4,1058.6,analysis/frames/16055/16055_beat_0119.png
16055.mp4,120,302.569,303.402,0.833,25.0,2.9,1058.6,1061.5,analysis/frames/16055/16055_beat_0120.png
16055.mp4,121,303.403,304.937,1.534,46.0,5.4,1061.5,1066.8,analysis/frames/16055/16055_beat_0121.png
16055.mp4,122,304.938,308.874,3.936,118.0,13.8,1066.8,1080.6,analysis/frames/16055/16055_beat_0122.png
16055.mp4,123,308.875,312.711,3.836,115.0,13.4,1080.6,1094.0,analysis/frames/16055/16055_beat_0123.png
16055.mp4,124,312.712,317.55,4.837,145.0,16.9,1094.0,1111.0,analysis/frames/16055/16055_beat_0124.png
16055.mp4,125,317.551,319.585,2.034,61.0,7.1,1111.0,1118.1,analysis/frames/16055/16055_beat_0125.png
16055.mp4,126,319.586,320.886,1.3,39.0,4.5,1118.1,1122.6,analysis/frames/16055/16055_beat_0126.png
16055.mp4,127,320.887,322.321,1.434,43.0,5.0,1122.6,1127.7,analysis/frames/16055/16055_beat_0127.png
16055.mp4,128,322.322,328.027,5.705,171.0,20.0,1127.7,1147.6,analysis/frames/16055/16055_beat_0128.png
16055.mp4,129,328.028,332.998,4.971,149.0,17.4,1147.6,1165.0,analysis/frames/16055/16055_beat_0129.png
16055.mp4,130,332.999,337.269,4.27,128.0,14.9,1165.0,1180.0,analysis/frames/16055/16055_beat_0130.png
16055.mp4,131,337.27,339.405,2.134,64.0,7.5,1180.0,1187.4,analysis/frames/16055/16055_beat_0131.png
16055.mp4,132,339.406,342.741,3.336,100.0,11.7,1187.4,1199.1,analysis/frames/16055/16055_beat_0132.png
16055.mp4,133,342.742,347.913,5.171,155.0,18.1,1199.1,1217.2,analysis/frames/16055/16055_beat_0133.png
16055.mp4,134,347.914,349.849,1.934,58.0,6.8,1217.2,1224.0,analysis/frames/16055/16055_beat_0134.png
16055.mp4,135,349.849,355.387,5.538,166.0,19.4,1224.0,1243.4,analysis/frames/16055/16055_beat_0135.png
16055.mp4,136,355.388,359.391,4.003,120.0,14.0,1243.4,1257.4,analysis/frames/16055/16055_beat_0136.png
16055.mp4,137,359.392,360.059,0.666,20.0,2.3,1257.4,1259.7,analysis/frames/16055/16055_beat_0137.png
16055.mp4,138,360.06,362.061,2.001,60.0,7.0,1259.7,1266.7,analysis/frames/16055/16055_beat_0138.png
16055.mp4,139,362.062,365.297,3.236,97.0,11.3,1266.7,1278.0,analysis/frames/16055/16055_beat_0139.png
16055.mp4,140,365.298,369.902,4.604,138.0,16.1,1278.0,1294.2,analysis/frames/16055/16055_beat_0140.png
16055.mp4,141,369.903,371.937,2.034,61.0,7.1,1294.2,1301.3,analysis/frames/16055/16055_beat_0141.png
16055.mp4,142,371.938,375.841,3.903,117.0,13.7,1301.3,1314.9,analysis/frames/16055/16055_beat_0142.png
16055.mp4,143,375.842,380.779,4.937,148.0,17.3,1314.9,1332.2,analysis/frames/16055/16055_beat_0143.png
16055.mp4,144,380.78,385.284,4.504,135.0,15.8,1332.2,1348.0,analysis/frames/16055/16055_beat_0144.png
16055.mp4,145,385.285,387.152,1.868,56.0,6.5,1348.0,1354.5,analysis/frames/16055/16055_beat_0145.png
16055.mp4,146,387.153,389.288,2.134,64.0,7.5,1354.5,1362.0,analysis/frames/16055/16055_beat_0146.png
16055.mp4,147,389.289,391.457,2.168,65.0,7.6,1362.0,1369.6,analysis/frames/16055/16055_beat_0147.png
16055.mp4,148,391.458,394.426,2.969,89.0,10.4,1369.6,1380.0,analysis/frames/16055/16055_beat_0148.png
16055.mp4,149,394.427,395.694,1.267,38.0,4.4,1380.0,1384.4,analysis/frames/16055/16055_beat_0149.png
16055.mp4,150,395.695,401.934,6.239,187.0,21.8,1384.4,1406.2,analysis/frames/16055/16055_beat_0150.png
16055.mp4,151,401.935,404.97,3.035,91.0,10.6,1406.2,1416.9,analysis/frames/16055/16055_beat_0151.png
16055.mp4,152,404.971,411.01,6.038,181.0,21.1,1416.9,1438.0,analysis/frames/16055/16055_beat_0152.png
16055.mp4,153,411.011,412.511,1.5,45.0,5.2,1438.0,1443.2,analysis/frames/16055/16055_beat_0153.png
16055.mp4,154,412.512,414.48,1.968,59.0,6.9,1443.2,1450.1,analysis/frames/16055/16055_beat_0154.png
16055.mp4,155,414.481,416.015,1.534,46.0,5.4,1450.1,1455.5,analysis/frames/16055/16055_beat_0155.png
16055.mp4,156,416.016,417.816,1.801,54.0,6.3,1455.5,1461.8,analysis/frames/16055/16055_beat_0156.png
16055.mp4,157,417.817,420.219,2.401,72.0,8.4,1461.8,1470.2,analysis/frames/16055/16055_beat_0157.png
16055.mp4,158,420.22,423.255,3.035,91.0,10.6,1470.2,1480.8,analysis/frames/16055/16055_beat_0158.png
16055.mp4,159,423.256,430.562,7.306,219.0,25.6,1480.8,1506.4,analysis/frames/16055/16055_beat_0159.png
16055.mp4,160,430.563,431.43,0.867,26.0,3.0,1506.4,1509.4,analysis/frames/16055/16055_beat_0160.png
16055.mp4,161,431.431,432.164,0.733,22.0,2.6,1509.4,1512.0,analysis/frames/16055/16055_beat_0161.png
16055.mp4,162,432.165,433.766,1.601,48.0,5.6,1512.0,1517.6,analysis/frames/16055/16055_beat_0162.png
16055.mp4,163,433.767,434.533,0.766,23.0,2.7,1517.6,1520.3,analysis/frames/16055/16055_beat_0163.png
16055.mp4,164,434.534,436.001,1.467,44.0,5.1,1520.3,1525.4,analysis/frames/16055/16055_beat_0164.png
16055.mp4,165,436.002,437.603,1.601,48.0,5.6,1525.4,1531.0,analysis/frames/16055/16055_beat_0165.png
16055.mp4,166,437.604,440.839,3.236,97.0,11.3,1531.0,1542.3,analysis/frames/16055/16055_beat_0166.png
16055.mp4,167,440.84,442.441,1.601,48.0,5.6,1542.3,1548.0,analysis/frames/16055/16055_beat_0167.png
16055.mp4,168,442.442,444.243,1.801,54.0,6.3,1548.0,1554.3,analysis/frames/16055/16055_beat_0168.png
16055.mp4,169,444.244,447.78,3.536,106.0,12.4,1554.3,1566.6,analysis/frames/16055/16055_beat_0169.png
16055.mp4,170,447.781,449.949,2.168,65.0,7.6,1566.6,1574.2,analysis/frames/16055/16055_beat_0170.png
16055.mp4,171,449.95,452.251,2.301,69.0,8.1,1574.2,1582.3,analysis/frames/16055/16055_beat_0171.png
16055.mp4,172,452.252,458.791,6.539,196.0,22.9,1582.3,1605.2,analysis/frames/16055/16055_beat_0172.png
16055.mp4,173,458.792,460.993,2.201,66.0,7.7,1605.2,1612.9,analysis/frames/16055/16055_beat_0173.png
16055.mp4,174,460.994,463.696,2.702,81.0,9.5,1612.9,1622.3,analysis/frames/16055/16055_beat_0174.png
16055.mp4,175,463.697,467.132,3.436,103.0,12.0,1622.3,1634.3,analysis/frames/16055/16055_beat_0175.png
16055.mp4,176,467.133,470.803,3.669,110.0,12.8,1634.3,1647.2,analysis/frames/16055/16055_beat_0176.png
16055.mp4,177,470.804,472.237,1.434,43.0,5.0,1647.2,1652.2,analysis/frames/16055/16055_beat_0177.png
16055.mp4,178,472.238,474.44,2.201,66.0,7.7,1652.2,1659.9,analysis/frames/16055/16055_beat_0178.png
16055.mp4,179,474.441,477.109,2.668,80.0,9.3,1659.9,1669.2,analysis/frames/16055/16055_beat_0179.png
16055.mp4,180,477.11,480.612,3.503,105.0,12.3,1669.2,1681.5,analysis/frames/16055/16055_beat_0180.png
16055.mp4,181,480.613,484.116,3.502,105.0,12.3,1681.5,1693.8,analysis/frames/16055/16055_beat_0181.png
16055.mp4,182,484.117,485.584,1.467,44.0,5.1,1693.8,1698.9,analysis/frames/16055/16055_beat_0182.png
16055.mp4,183,485.585,486.318,0.733,22.0,2.6,1698.9,1701.5,analysis/frames/16055/16055_beat_0183.png
16055.mp4,184,486.319,487.886,1.567,47.0,5.5,1701.5,1706.9,analysis/frames/16055/16055_beat_0184.png
16055.mp4,185,487.887,489.355,1.467,44.0,5.1,1706.9,1712.1,analysis/frames/16055/16055_beat_0185.png
16055.mp4,186,489.356,490.122,0.766,23.0,2.7,1712.1,1714.8,analysis/frames/16055/16055_beat_0186.png
16055.mp4,187,490.123,493.058,2.935,88.0,10.3,1714.8,1725.0,analysis/frames/16055/16055_beat_0187.png
16055.mp4,188,493.059,496.762,3.703,111.0,13.0,1725.0,1738.0,analysis/frames/16055/16055_beat_0188.png
16055.mp4,189,496.763,497.329,0.566,17.0,2.0,1738.0,1740.0,analysis/frames/16055/16055_beat_0189.png
16055.mp4,190,497.33,500.332,3.002,90.0,10.5,1740.0,1750.5,analysis/frames/16055/16055_beat_0190.png
16055.mp4,191,500.333,501.8,1.467,44.0,5.1,1750.5,1755.6,analysis/frames/16055/16055_beat_0191.png
16055.mp4,192,501.801,505.004,3.202,96.0,11.2,1755.6,1766.8,analysis/frames/16055/16055_beat_0192.png
16055.mp4,193,505.005,505.804,0.8,24.0,2.8,1766.8,1769.6,analysis/frames/16055/16055_beat_0193.png
16055.mp4,194,505.805,507.539,1.734,52.0,6.1,1769.6,1775.7,analysis/frames/16055/16055_beat_0194.png
16055.mp4,195,507.54,512.177,4.637,139.0,16.2,1775.7,1791.9,analysis/frames/16055/16055_beat_0195.png
16055.mp4,196,512.178,513.545,1.367,41.0,4.8,1791.9,1796.7,analysis/frames/16055/16055_beat_0196.png
16055.mp4,197,513.546,518.217,4.67,140.0,16.3,1796.7,1813.1,analysis/frames/16055/16055_beat_0197.png
16055.mp4,198,518.218,521.987,3.769,113.0,13.2,1813.1,1826.2,analysis/frames/16055/16055_beat_0198.png
16055.mp4,199,521.988,523.355,1.367,41.0,4.8,1826.2,1831.0,analysis/frames/16055/16055_beat_0199.png
16055.mp4,200,523.356,524.656,1.3,39.0,4.5,1831.0,1835.6,analysis/frames/16055/16055_beat_0200.png
16055.mp4,201,524.657,526.558,1.901,57.0,6.7,1835.6,1842.2,analysis/frames/16055/16055_beat_0201.png
16055.mp4,202,526.559,528.66,2.101,63.0,7.4,1842.2,1849.6,analysis/frames/16055/16055_beat_0202.png
16055.mp4,203,528.661,533.632,4.971,149.0,17.4,1849.6,1867.0,analysis/frames/16055/16055_beat_0203.png
16055.mp4,204,533.633,536.001,2.368,71.0,8.3,1867.0,1875.3,analysis/frames/16055/16055_beat_0204.png
16055.mp4,205,536.002,537.169,1.167,35.0,4.1,1875.3,1879.4,analysis/frames/16055/16055_beat_0205.png
16055.mp4,206,537.17,537.97,0.8,24.0,2.8,1879.4,1882.2,analysis/frames/16055/16055_beat_0206.png
16055.mp4,207,537.971,545.644,7.673,230.0,26.9,1882.2,1909.0,analysis/frames/16055/16055_beat_0207.png
16055.mp4,208,545.645,550.215,4.57,137.0,16.0,1909.0,1925.0,analysis/frames/16055/16055_beat_0208.png
16055.mp4,209,550.216,553.485,3.269,98.0,11.4,1925.0,1936.5,analysis/frames/16055/16055_beat_0209.png
16055.mp4,210,553.486,554.186,0.7,21.0,2.4,1936.5,1938.9,analysis/frames/16055/16055_beat_0210.png
16055.mp4,211,554.187,555.854,1.667,50.0,5.8,1938.9,1944.7,analysis/frames/16055/16055_beat_0211.png
16055.mp4,212,555.855,559.725,3.87,116.0,13.5,1944.7,1958.3,analysis/frames/16055/16055_beat_0212.png
16055.mp4,213,559.726,560.726,1.0,30.0,3.5,1958.3,1961.8,analysis/frames/16055/16055_beat_0213.png
16055.mp4,214,560.727,561.76,1.033,31.0,3.6,1961.8,1965.4,analysis/frames/16055/16055_beat_0214.png
16055.mp4,215,561.761,564.63,2.869,86.0,10.0,1965.4,1975.4,analysis/frames/16055/16055_beat_0215.png
16055.mp4,216,564.631,569.435,4.804,144.0,16.8,1975.4,1992.3,analysis/frames/16055/16055_beat_0216.png
16055.mp4,217,569.436,571.203,1.767,53.0,6.2,1992.3,1998.4,analysis/frames/16055/16055_beat_0217.png
16055.mp4,218,571.204,579.411,8.207,246.0,28.7,1998.4,2027.2,analysis/frames/16055/16055_beat_0218.png
16055.mp4,219,579.412,581.68,2.268,68.0,7.9,2027.2,2035.1,analysis/frames/16055/16055_beat_0219.png
16055.mp4,220,581.681,586.218,4.537,136.0,15.9,2035.1,2051.0,analysis/frames/16055/16055_beat_0220.png
16055.mp4,221,586.219,588.62,2.401,72.0,8.4,2051.0,2059.4,analysis/frames/16055/16055_beat_0221.png
16055.mp4,222,588.621,589.855,1.234,37.0,4.3,2059.4,2063.7,analysis/frames/16055/16055_beat_0222.png
16055.mp4,223,589.856,591.39,1.534,46.0,5.4,2063.7,2069.1,analysis/frames/16055/16055_beat_0223.png
16055.mp4,224,591.391,594.493,3.102,93.0,10.9,2069.1,2079.9,analysis/frames/16055/16055_beat_0224.png
16055.mp4,225,594.494,598.63,4.136,124.0,14.5,2079.9,2094.4,analysis/frames/16055/16055_beat_0225.png
16055.mp4,226,598.631,603.335,4.704,141.0,16.5,2094.4,2110.9,analysis/frames/16055/16055_beat_0226.png
16055.mp4,227,603.336,608.373,5.037,151.0,17.6,2110.9,2128.5,analysis/frames/16055/16055_beat_0227.png
16055.mp4,228,608.374,609.975,1.601,48.0,5.6,2128.5,2134.1,analysis/frames/16055/16055_beat_0228.png
16055.mp4,229,609.976,614.279,4.303,129.0,15.1,2134.1,2149.2,analysis/frames/16055/16055_beat_0229.png
16055.mp4,230,614.28,624.31,10.03,300.6,35.1,2149.2,2184.3,analysis/frames/16055/16055_beat_0230.png
16060.mp4,0,0.0,1.801,1.801,54.0,6.3,0.0,6.3,analysis/frames/16060/16060_beat_0000.png
16060.mp4,1,1.802,4.237,2.435,73.0,8.5,6.3,14.8,analysis/frames/16060/16060_beat_0001.png
16060.mp4,2,4.238,10.71,6.472,194.0,22.7,14.8,37.5,analysis/frames/16060/16060_beat_0002.png
16060.mp4,3,10.711,13.946,3.236,97.0,11.3,37.5,48.8,analysis/frames/16060/16060_beat_0003.png
16060.mp4,4,13.947,18.651,4.704,141.0,16.5,48.8,65.3,analysis/frames/16060/16060_beat_0004.png
16060.mp4,5,18.652,21.487,2.835,85.0,9.9,65.3,75.2,analysis/frames/16060/16060_beat_0005.png
16060.mp4,6,21.488,26.259,4.77,143.0,16.7,75.2,91.9,analysis/frames/16060/16060_beat_0006.png
16060.mp4,7,26.26,28.094,1.834,55.0,6.4,91.9,98.3,analysis/frames/16060/16060_beat_0007.png
16060.mp4,8,28.095,32.565,4.47,134.0,15.6,98.3,113.9,analysis/frames/16060/16060_beat_0008.png
16060.mp4,9,32.566,35.234,2.668,80.0,9.3,113.9,123.3,analysis/frames/16060/16060_beat_0009.png
16060.mp4,10,35.235,37.336,2.101,63.0,7.4,123.3,130.6,analysis/frames/16060/16060_beat_0010.png
16060.mp4,11,37.337,40.84,3.503,105.0,12.3,130.6,142.9,analysis/frames/16060/16060_beat_0011.png
16060.mp4,12,40.841,46.946,6.105,183.0,21.4,142.9,164.3,analysis/frames/16060/16060_beat_0012.png
16060.mp4,13,46.947,48.18,1.234,37.0,4.3,164.3,168.6,analysis/frames/16060/16060_beat_0013.png
16060.mp4,14,48.181,54.086,5.905,177.0,20.7,168.6,189.3,analysis/frames/16060/16060_beat_0014.png
16060.mp4,15,54.087,58.424,4.337,130.0,15.2,189.3,204.4,analysis/frames/16060/16060_beat_0015.png
16060.mp4,16,58.425,60.826,2.401,72.0,8.4,204.4,212.8,analysis/frames/16060/16060_beat_0016.png
16060.mp4,17,60.827,65.298,4.47,134.0,15.6,212.8,228.5,analysis/frames/16060/16060_beat_0017.png
16060.mp4,18,65.299,69.702,4.403,132.0,15.4,228.5,243.9,analysis/frames/16060/16060_beat_0018.png
16060.mp4,19,69.703,75.074,5.371,161.0,18.8,243.9,262.7,analysis/frames/16060/16060_beat_0019.png
16060.mp4,20,75.075,75.841,0.766,23.0,2.7,262.7,265.4,analysis/frames/16060/16060_beat_0020.png
16060.mp4,21,75.842,77.343,1.501,45.0,5.3,265.4,270.6,analysis/frames/16060/16060_beat_0021.png
16060.mp4,22,77.344,80.947,3.603,108.0,12.6,270.6,283.2,analysis/frames/16060/16060_beat_0022.png
16060.mp4,23,80.948,86.085,5.137,154.0,18.0,283.2,301.2,analysis/frames/16060/16060_beat_0023.png
16060.mp4,24,86.086,88.754,2.668,80.0,9.3,301.2,310.6,analysis/frames/16060/16060_beat_0024.png
16060.mp4,25,88.755,91.19,2.435,73.0,8.5,310.6,319.1,analysis/frames/16060/16060_beat_0025.png
16060.mp4,26,91.191,93.326,2.134,64.0,7.5,319.1,326.5,analysis/frames/16060/16060_beat_0026.png
16060.mp4,27,93.327,96.228,2.902,87.0,10.2,326.5,336.7,analysis/frames/16060/16060_beat_0027.png
16060.mp4,28,96.229,101.0,4.77,143.0,16.7,336.7,353.4,analysis/frames/16060/16060_beat_0028.png
16060.mp4,29,101.001,103.202,2.201,66.0,7.7,353.4,361.1,analysis/frames/16060/16060_beat_0029.png
16060.mp4,30,103.203,104.337,1.133,34.0,4.0,361.1,365.1,analysis/frames/16060/16060_beat_0030.png
16060.mp4,31,104.338,107.306,2.969,89.0,10.4,365.1,375.5,analysis/frames/16060/16060_beat_0031.png
16060.mp4,32,107.307,110.843,3.536,106.0,12.4,375.5,387.8,analysis/frames/16060/16060_beat_0032.png
16060.mp4,33,110.844,113.813,2.969,89.0,10.4,387.8,398.2,analysis/frames/16060/16060_beat_0033.png
16060.mp4,34,113.814,119.885,6.072,182.0,21.3,398.2,419.5,analysis/frames/16060/16060_beat_0034.png
16060.mp4,35,119.886,122.588,2.702,81.0,9.5,419.5,428.9,analysis/frames/16060/16060_beat_0035.png
16060.mp4,36,122.589,127.493,4.904,147.0,17.2,428.9,446.1,analysis/frames/16060/16060_beat_0036.png
16060.mp4,37,127.494,129.095,1.601,48.0,5.6,446.1,451.7,analysis/frames/16060/16060_beat_0037.png
16060.mp4,38,129.096,129.862,0.766,23.0,2.7,451.7,454.4,analysis/frames/16060/16060_beat_0038.png
16060.mp4,39,129.863,130.763,0.9,27.0,3.1,454.4,457.5,analysis/frames/16060/16060_beat_0039.png
16060.mp4,40,130.764,131.797,1.033,31.0,3.6,457.5,461.1,analysis/frames/16060/16060_beat_0040.png
16060.mp4,41,131.798,134.133,2.335,70.0,8.2,461.1,469.3,analysis/frames/16060/16060_beat_0041.png
16060.mp4,42,134.134,135.801,1.667,50.0,5.8,469.3,475.2,analysis/frames/16060/16060_beat_0042.png
16060.mp4,43,135.802,140.206,4.403,132.0,15.4,475.2,490.6,analysis/frames/16060/16060_beat_0043.png
16060.mp4,44,140.207,142.541,2.335,70.0,8.2,490.6,498.7,analysis/frames/16060/16060_beat_0044.png
16060.mp4,45,142.542,144.176,1.634,49.0,5.7,498.7,504.5,analysis/frames/16060/16060_beat_0045.png
16060.mp4,46,144.177,144.944,0.766,23.0,2.7,504.5,507.1,analysis/frames/16060/16060_beat_0046.png
16060.mp4,47,144.945,147.046,2.101,63.0,7.4,507.1,514.5,analysis/frames/16060/16060_beat_0047.png
16060.mp4,48,147.047,148.314,1.267,38.0,4.4,514.5,518.9,analysis/frames/16060/16060_beat_0048.png
16060.mp4,49,148.315,150.416,2.101,63.0,7.4,518.9,526.3,analysis/frames/16060/16060_beat_0049.png
16060.mp4,50,150.417,152.518,2.101,63.0,7.4,526.3,533.6,analysis/frames/16060/16060_beat_0050.png
16060.mp4,51,152.519,155.855,3.336,100.0,11.7,533.6,545.3,analysis/frames/16060/16060_beat_0051.png
16060.mp4,52,155.856,162.395,6.539,196.0,22.9,545.3,568.2,analysis/frames/16060/16060_beat_0052.png
16060.mp4,53,162.396,167.366,4.971,149.0,17.4,568.2,585.6,analysis/frames/16060/16060_beat_0053.png
16060.mp4,54,167.367,171.771,4.403,132.0,15.4,585.6,601.0,analysis/frames/16060/16060_beat_0054.png
16060.mp4,55,171.772,175.441,3.669,110.0,12.8,601.0,613.8,analysis/frames/16060/16060_beat_0055.png
16060.mp4,56,175.442,178.577,3.135,94.0,11.0,613.8,624.8,analysis/frames/16060/16060_beat_0056.png
16060.mp4,57,178.578,183.082,4.504,135.0,15.8,624.8,640.6,analysis/frames/16060/16060_beat_0057.png
16060.mp4,58,183.083,184.717,1.634,49.0,5.7,640.6,646.3,analysis/frames/16060/16060_beat_0058.png
16060.mp4,59,184.718,187.653,2.935,88.0,10.3,646.3,656.6,analysis/frames/16060/16060_beat_0059.png
16060.mp4,60,187.654,188.821,1.167,35.0,4.1,656.6,660.7,analysis/frames/16060/16060_beat_0060.png
16060.mp4,61,188.822,193.192,4.37,131.0,15.3,660.7,676.0,analysis/frames/16060/16060_beat_0061.png
16060.mp4,62,193.193,196.929,3.736,112.0,13.1,676.0,689.0,analysis/frames/16060/16060_beat_0062.png
16060.mp4,63,196.93,199.465,2.535,76.0,8.9,689.0,697.9,analysis/frames/16060/16060_beat_0063.png
16060.mp4,64,199.466,201.233,1.767,53.0,6.2,697.9,704.1,analysis/frames/16060/16060_beat_0064.png
16060.mp4,65,201.234,204.937,3.703,111.0,13.0,704.1,717.0,analysis/frames/16060/16060_beat_0065.png
16060.mp4,66,204.938,207.606,2.668,80.0,9.3,717.0,726.4,analysis/frames/16060/16060_beat_0066.png
16060.mp4,67,207.607,210.976,3.369,101.0,11.8,726.4,738.2,analysis/frames/16060/16060_beat_0067.png
16060.mp4,68,210.977,213.145,2.168,65.0,7.6,738.2,745.8,analysis/frames/16060/16060_beat_0068.png
16060.mp4,69,213.146,213.913,0.766,23.0,2.7,745.8,748.4,analysis/frames/16060/16060_beat_0069.png
16060.mp4,70,213.914,215.915,2.001,60.0,7.0,748.4,755.5,analysis/frames/16060/16060_beat_0070.png
16060.mp4,71,215.916,219.351,3.436,103.0,12.0,755.5,767.5,analysis/frames/16060/16060_beat_0071.png
16060.mp4,72,219.352,221.487,2.134,64.0,7.5,767.5,774.9,analysis/frames/16060/16060_beat_0072.png
16060.mp4,73,221.488,223.255,1.767,53.0,6.2,774.9,781.1,analysis/frames/16060/16060_beat_0073.png
16060.mp4,74,223.256,224.957,1.701,51.0,6.0,781.1,787.1,analysis/frames/16060/16060_beat_0074.png
16060.mp4,75,224.958,226.926,1.968,59.0,6.9,787.1,794.0,analysis/frames/16060/16060_beat_0075.png
16060.mp4,76,226.927,230.129,3.202,96.0,11.2,794.0,805.2,analysis/frames/16060/16060_beat_0076.png
16060.mp4,77,230.13,232.198,2.068,62.0,7.2,805.2,812.4,analysis/frames/16060/16060_beat_0077.png
16060.mp4,78,232.199,234.767,2.568,77.0,9.0,812.4,821.4,analysis/frames/16060/16060_beat_0078.png
16060.mp4,79,234.768,237.269,2.501,75.0,8.8,821.4,830.2,analysis/frames/16060/16060_beat_0079.png
16060.mp4,80,237.27,241.507,4.237,127.0,14.8,830.2,845.0,analysis/frames/16060/16060_beat_0080.png
16060.mp4,81,241.508,244.577,3.069,92.0,10.7,845.0,855.7,analysis/frames/16060/16060_beat_0081.png
16060.mp4,82,244.578,248.013,3.436,103.0,12.0,855.7,867.8,analysis/frames/16060/16060_beat_0082.png
16060.mp4,83,248.014,249.749,1.734,52.0,6.1,867.8,873.8,analysis/frames/16060/16060_beat_0083.png
16060.mp4,84,249.75,251.584,1.834,55.0,6.4,873.8,880.2,analysis/frames/16060/16060_beat_0084.png
16060.mp4,85,251.585,255.621,4.036,121.0,14.1,880.2,894.4,analysis/frames/16060/16060_beat_0085.png
16060.mp4,86,255.622,257.89,2.268,68.0,7.9,894.4,902.3,analysis/frames/16060/16060_beat_0086.png
16060.mp4,87,257.891,260.359,2.468,74.0,8.6,902.3,910.9,analysis/frames/16060/16060_beat_0087.png
16060.mp4,88,260.36,261.66,1.3,39.0,4.5,910.9,915.5,analysis/frames/16060/16060_beat_0088.png
16060.mp4,89,261.661,264.33,2.668,80.0,9.3,915.5,924.8,analysis/frames/16060/16060_beat_0089.png
16060.mp4,90,264.331,265.364,1.033,31.0,3.6,924.8,928.4,analysis/frames/16060/16060_beat_0090.png
16060.mp4,91,265.365,269.635,4.27,128.0,14.9,928.4,943.4,analysis/frames/16060/16060_beat_0091.png
16060.mp4,92,269.636,271.504,1.868,56.0,6.5,943.4,949.9,analysis/frames/16060/16060_beat_0092.png
16060.mp4,93,271.505,274.006,2.502,75.0,8.8,949.9,958.7,analysis/frames/16060/16060_beat_0093.png
16060.mp4,94,274.007,274.74,0.733,22.0,2.6,958.7,961.3,analysis/frames/16060/16060_beat_0094.png
16060.mp4,95,274.741,277.51,2.768,83.0,9.7,961.3,970.9,analysis/frames/16060/16060_beat_0095.png
16060.mp4,96,277.511,281.68,4.17,125.0,14.6,970.9,985.5,analysis/frames/16060/16060_beat_0096.png
16060.mp4,97,281.681,287.052,5.371,161.0,18.8,985.5,1004.3,analysis/frames/16060/16060_beat_0097.png
16060.mp4,98,287.053,289.388,2.335,70.0,8.2,1004.3,1012.5,analysis/frames/16060/16060_beat_0098.png
16060.mp4,99,289.389,292.825,3.436,103.0,12.0,1012.5,1024.5,analysis/frames/16060/16060_beat_0099.png
16060.mp4,100,292.826,297.63,4.804,144.0,16.8,1024.5,1041.3,analysis/frames/16060/16060_beat_0100.png
16060.mp4,101,297.631,301.6,3.97,119.0,13.9,1041.3,1055.2,analysis/frames/16060/16060_beat_0101.png
16060.mp4,102,301.601,303.903,2.301,69.0,8.1,1055.2,1063.3,analysis/frames/16060/16060_beat_0102.png
16060.mp4,103,303.904,310.342,6.439,193.0,22.5,1063.3,1085.8,analysis/frames/16060/16060_beat_0103.png
16060.mp4,104,310.343,311.811,1.467,44.0,5.1,1085.8,1091.0,analysis/frames/16060/16060_beat_0104.png
16060.mp4,105,311.812,314.914,3.102,93.0,10.9,1091.0,1101.8,analysis/frames/16060/16060_beat_0105.png
16060.mp4,106,314.915,317.082,2.168,65.0,7.6,1101.8,1109.4,analysis/frames/16060/16060_beat_0106.png
16060.mp4,107,317.083,319.084,2.001,60.0,7.0,1109.4,1116.4,analysis/frames/16060/16060_beat_0107.png
16060.mp4,108,319.085,323.022,3.936,118.0,13.8,1116.4,1130.2,analysis/frames/16060/16060_beat_0108.png
16060.mp4,109,323.023,325.524,2.502,75.0,8.8,1130.2,1138.9,analysis/frames/16060/16060_beat_0109.png
16060.mp4,110,325.525,329.595,4.07,122.0,14.2,1138.9,1153.2,analysis/frames/16060/16060_beat_0110.png
16060.mp4,111,329.596,333.165,3.569,107.0,12.5,1153.2,1165.7,analysis/frames/16060/16060_beat_0111.png
16060.mp4,112,333.166,335.901,2.735,82.0,9.6,1165.7,1175.3,analysis/frames/16060/16060_beat_0112.png
16060.mp4,113,335.902,336.735,0.833,25.0,2.9,1175.3,1178.2,analysis/frames/16060/16060_beat_0113.png
16060.mp4,114,336.736,338.404,1.667,50.0,5.8,1178.2,1184.0,analysis/frames/16060/16060_beat_0114.png
16060.mp4,115,338.405,340.339,1.934,58.0,6.8,1184.0,1190.8,analysis/frames/16060/16060_beat_0115.png
16060.mp4,116,340.34,342.908,2.568,77.0,9.0,1190.8,1199.8,analysis/frames/16060/16060_beat_0116.png
16060.mp4,117,342.909,347.413,4.504,135.0,15.8,1199.8,1215.5,analysis/frames/16060/16060_beat_0117.png
16060.mp4,118,347.414,348.647,1.234,37.0,4.3,1215.5,1219.8,analysis/frames/16060/16060_beat_0118.png
16060.mp4,119,348.648,351.116,2.468,74.0,8.6,1219.8,1228.5,analysis/frames/16060/16060_beat_0119.png
16060.mp4,120,351.117,354.253,3.135,94.0,11.0,1228.5,1239.5,analysis/frames/16060/16060_beat_0120.png
16060.mp4,121,354.254,357.122,2.869,86.0,10.0,1239.5,1249.5,analysis/frames/16060/16060_beat_0121.png
16060.mp4,122,357.123,360.593,3.469,104.0,12.1,1249.5,1261.6,analysis/frames/16060/16060_beat_0122.png
16060.mp4,123,360.594,362.528,1.934,58.0,6.8,1261.6,1268.4,analysis/frames/16060/16060_beat_0123.png
16060.mp4,124,362.529,365.865,3.336,100.0,11.7,1268.4,1280.1,analysis/frames/16060/16060_beat_0124.png
16060.mp4,125,365.865,369.401,3.536,106.0,12.4,1280.1,1292.5,analysis/frames/16060/16060_beat_0125.png
16060.mp4,126,369.402,373.973,4.57,137.0,16.0,1292.5,1308.5,analysis/frames/16060/16060_beat_0126.png
16060.mp4,127,373.974,375.174,1.2,36.0,4.2,1308.5,1312.7,analysis/frames/16060/16060_beat_0127.png
16060.mp4,128,375.175,377.977,2.802,84.0,9.8,1312.7,1322.5,analysis/frames/16060/16060_beat_0128.png
16060.mp4,129,377.978,382.481,4.504,135.0,15.8,1322.5,1338.2,analysis/frames/16060/16060_beat_0129.png
16060.mp4,130,382.482,384.617,2.134,64.0,7.5,1338.2,1345.7,analysis/frames/16060/16060_beat_0130.png
16060.mp4,131,384.618,387.82,3.202,96.0,11.2,1345.7,1356.9,analysis/frames/16060/16060_beat_0131.png
16060.mp4,132,387.821,391.223,3.402,102.0,11.9,1356.9,1368.8,analysis/frames/16060/16060_beat_0132.png
16060.mp4,133,391.224,393.926,2.702,81.0,9.5,1368.8,1378.3,analysis/frames/16060/16060_beat_0133.png
16060.mp4,134,393.927,394.66,0.733,22.0,2.6,1378.3,1380.8,analysis/frames/16060/16060_beat_0134.png
16060.mp4,135,394.661,395.828,1.167,35.0,4.1,1380.8,1384.9,analysis/frames/16060/16060_beat_0135.png
16060.mp4,136,395.829,398.063,2.235,67.0,7.8,1384.9,1392.7,analysis/frames/16060/16060_beat_0136.png
16060.mp4,137,398.064,401.166,3.102,93.0,10.9,1392.7,1403.6,analysis/frames/16060/16060_beat_0137.png
16060.mp4,138,401.167,403.035,1.868,56.0,6.5,1403.6,1410.1,analysis/frames/16060/16060_beat_0138.png
16060.mp4,139,403.036,405.137,2.101,63.0,7.4,1410.1,1417.5,analysis/frames/16060/16060_beat_0139.png
16060.mp4,140,405.138,407.172,2.034,61.0,7.1,1417.5,1424.6,analysis/frames/16060/16060_beat_0140.png
16060.mp4,141,407.173,410.209,3.035,91.0,10.6,1424.6,1435.2,analysis/frames/16060/16060_beat_0141.png
16060.mp4,142,410.21,411.744,1.534,46.0,5.4,1435.2,1440.6,analysis/frames/16060/16060_beat_0142.png
16060.mp4,143,411.745,415.314,3.569,107.0,12.5,1440.6,1453.1,analysis/frames/16060/16060_beat_0143.png
16060.mp4,144,415.315,420.119,4.804,144.0,16.8,1453.1,1469.9,analysis/frames/16060/16060_beat_0144.png
16060.mp4,145,420.12,424.79,4.67,140.0,16.3,1469.9,1486.3,analysis/frames/16060/16060_beat_0145.png
16060.mp4,146,424.791,426.091,1.3,39.0,4.5,1486.3,1490.8,analysis/frames/16060/16060_beat_0146.png
16060.mp4,147,426.092,428.093,2.001,60.0,7.0,1490.8,1497.8,analysis/frames/16060/16060_beat_0147.png
16060.mp4,148,428.094,430.663,2.568,77.0,9.0,1497.8,1506.8,analysis/frames/16060/16060_beat_0148.png
16060.mp4,149,430.664,431.931,1.267,38.0,4.4,1506.8,1511.2,analysis/frames/16060/16060_beat_0149.png
16060.mp4,150,431.932,433.365,1.434,43.0,5.0,1511.2,1516.2,analysis/frames/16060/16060_beat_0150.png
16060.mp4,151,433.366,435.167,1.801,54.0,6.3,1516.2,1522.5,analysis/frames/16060/16060_beat_0151.png
16060.mp4,152,435.168,437.002,1.834,55.0,6.4,1522.5,1529.0,analysis/frames/16060/16060_beat_0152.png
16060.mp4,153,437.003,440.272,3.269,98.0,11.4,1529.0,1540.4,analysis/frames/16060/16060_beat_0153.png
16060.mp4,154,440.273,444.71,4.437,133.0,15.5,1540.4,1555.9,analysis/frames/16060/16060_beat_0154.png
16060.mp4,155,444.711,447.313,2.602,78.0,9.1,1555.9,1565.0,analysis/frames/16060/16060_beat_0155.png
16060.mp4,156,447.314,452.751,5.438,163.0,19.0,1565.0,1584.1,analysis/frames/16060/16060_beat_0156.png
16060.mp4,157,452.752,456.789,4.036,121.0,14.1,1584.1,1598.2,analysis/frames/16060/16060_beat_0157.png
16060.mp4,158,456.79,459.391,2.602,78.0,9.1,1598.2,1607.3,analysis/frames/16060/16060_beat_0158.png
16060.mp4,159,459.392,463.996,4.604,138.0,16.1,1607.3,1623.4,analysis/frames/16060/16060_beat_0159.png
16060.mp4,160,463.997,467.499,3.502,105.0,12.3,1623.4,1635.7,analysis/frames/16060/16060_beat_0160.png
16060.mp4,161,467.5,468.867,1.367,41.0,4.8,1635.7,1640.5,analysis/frames/16060/16060_beat_0161.png
16060.mp4,162,468.868,471.103,2.235,67.0,7.8,1640.5,1648.3,analysis/frames/16060/16060_beat_0162.png
16060.mp4,163,471.104,472.438,1.334,40.0,4.7,1648.3,1653.0,analysis/frames/16060/16060_beat_0163.png
16060.mp4,164,472.439,474.807,2.368,71.0,8.3,1653.0,1661.2,analysis/frames/16060/16060_beat_0164.png
16060.mp4,165,474.808,479.011,4.203,126.0,14.7,1661.2,1676.0,analysis/frames/16060/16060_beat_0165.png
16060.mp4,166,479.012,485.184,6.172,185.0,21.6,1676.0,1697.6,analysis/frames/16060/16060_beat_0166.png
16060.mp4,167,485.185,488.587,3.402,102.0,11.9,1697.6,1709.5,analysis/frames/16060/16060_beat_0167.png
16060.mp4,168,488.588,490.689,2.101,63.0,7.4,1709.5,1716.8,analysis/frames/16060/16060_beat_0168.png
16060.mp4,169,490.69,493.525,2.835,85.0,9.9,1716.8,1726.7,analysis/frames/16060/16060_beat_0169.png
16060.mp4,170,493.526,496.962,3.436,103.0,12.0,1726.7,1738.8,analysis/frames/16060/16060_beat_0170.png
16060.mp4,171,496.963,501.9,4.937,148.0,17.3,1738.8,1756.0,analysis/frames/16060/16060_beat_0171.png
16060.mp4,172,501.901,504.269,2.368,71.0,8.3,1756.0,1764.3,analysis/frames/16060/16060_beat_0172.png
16060.mp4,173,504.27,505.137,0.867,26.0,3.0,1764.3,1767.4,analysis/frames/16060/16060_beat_0173.png
16060.mp4,174,505.138,505.938,0.8,24.0,2.8,1767.4,1770.2,analysis/frames/16060/16060_beat_0174.png
16060.mp4,175,505.939,507.706,1.767,53.0,6.2,1770.2,1776.4,analysis/frames/16060/16060_beat_0175.png
16060.mp4,176,507.707,509.074,1.367,41.0,4.8,1776.4,1781.1,analysis/frames/16060/16060_beat_0176.png
16060.mp4,177,509.075,513.812,4.737,142.0,16.6,1781.1,1797.7,analysis/frames/16060/16060_beat_0177.png
16060.mp4,178,513.813,516.315,2.501,75.0,8.8,1797.7,1806.5,analysis/frames/16060/16060_beat_0178.png
16060.mp4,179,516.316,518.217,1.901,57.0,6.7,1806.5,1813.1,analysis/frames/16060/16060_beat_0179.png
16060.mp4,180,518.218,521.754,3.536,106.0,12.4,1813.1,1825.5,analysis/frames/16060/16060_beat_0180.png
16060.mp4,181,521.755,524.523,2.768,83.0,9.7,1825.5,1835.2,analysis/frames/16060/16060_beat_0181.png
16060.mp4,182,524.524,527.426,2.902,87.0,10.2,1835.2,1845.3,analysis/frames/16060/16060_beat_0182.png
16060.mp4,183,527.427,530.162,2.735,82.0,9.6,1845.3,1854.9,analysis/frames/16060/16060_beat_0183.png
16060.mp4,184,530.163,532.564,2.401,72.0,8.4,1854.9,1863.3,analysis/frames/16060/16060_beat_0184.png
16060.mp4,185,532.565,536.602,4.036,121.0,14.1,1863.3,1877.4,analysis/frames/16060/16060_beat_0185.png
16060.mp4,186,536.603,539.605,3.002,90.0,10.5,1877.4,1888.0,analysis/frames/16060/16060_beat_0186.png
16060.mp4,187,539.606,541.006,1.4,42.0,4.9,1888.0,1892.9,analysis/frames/16060/16060_beat_0187.png
16060.mp4,188,541.007,543.108,2.101,63.0,7.4,1892.9,1900.2,analysis/frames/16060/16060_beat_0188.png
16060.mp4,189,543.109,547.546,4.437,133.0,15.5,1900.2,1915.7,analysis/frames/16060/16060_beat_0189.png
16060.mp4,190,547.547,550.282,2.735,82.0,9.6,1915.7,1925.3,analysis/frames/16060/16060_beat_0190.png
16060.mp4,191,550.283,555.921,5.638,169.0,19.7,1925.3,1945.0,analysis/frames/16060/16060_beat_0191.png
16060.mp4,192,555.922,559.525,3.603,108.0,12.6,1945.0,1957.7,analysis/frames/16060/16060_beat_0192.png
16060.mp4,193,559.526,561.894,2.368,71.0,8.3,1957.7,1965.9,analysis/frames/16060/16060_beat_0193.png
16060.mp4,194,561.895,565.23,3.336,100.0,11.7,1965.9,1977.6,analysis/frames/16060/16060_beat_0194.png
16060.mp4,195,565.231,571.003,5.771,173.0,20.2,1977.6,1997.8,analysis/frames/16060/16060_beat_0195.png
16060.mp4,196,571.004,571.804,0.8,24.0,2.8,1997.8,2000.6,analysis/frames/16060/16060_beat_0196.png
16060.mp4,197,571.805,573.005,1.2,36.0,4.2,2000.6,2004.8,analysis/frames/16060/16060_beat_0197.png
16060.mp4,198,573.006,575.374,2.368,71.0,8.3,2004.8,2013.1,analysis/frames/16060/16060_beat_0198.png
16060.mp4,199,575.375,580.245,4.871,146.0,17.0,2013.1,2030.2,analysis/frames/16060/16060_beat_0199.png
16060.mp4,200,580.246,582.281,2.034,61.0,7.1,2030.2,2037.3,analysis/frames/16060/16060_beat_0200.png
16060.mp4,201,582.282,584.817,2.535,76.0,8.9,2037.3,2046.1,analysis/frames/16060/16060_beat_0201.png
16060.mp4,202,584.818,586.118,1.3,39.0,4.5,2046.1,2050.7,analysis/frames/16060/16060_beat_0202.png
16060.mp4,203,586.119,588.153,2.034,61.0,7.1,2050.7,2057.8,analysis/frames/16060/16060_beat_0203.png
16060.mp4,204,588.154,593.926,5.771,173.0,20.2,2057.8,2078.0,analysis/frames/16060/16060_beat_0204.png
16060.mp4,205,593.927,596.161,2.235,67.0,7.8,2078.0,2085.8,analysis/frames/16060/16060_beat_0205.png
16060.mp4,206,596.162,597.296,1.133,34.0,4.0,2085.8,2089.8,analysis/frames/16060/16060_beat_0206.png
16060.mp4,207,597.297,600.766,3.469,104.0,12.1,2089.8,2101.9,analysis/frames/16060/16060_beat_0207.png
16060.mp4,208,600.767,609.675,8.908,267.0,31.2,2101.9,2133.1,analysis/frames/16060/16060_beat_0208.png
16060.mp4,209,609.676,613.779,4.103,123.0,14.4,2133.1,2147.5,analysis/frames/16060/16060_beat_0209.png
16060.mp4,210,613.78,614.847,1.067,32.0,3.7,2147.5,2151.2,analysis/frames/16060/16060_beat_0210.png
16060.mp4,211,614.848,616.115,1.267,38.0,4.4,2151.2,2155.6,analysis/frames/16060/16060_beat_0211.png
16060.mp4,212,616.115,619.785,3.669,110.0,12.8,2155.6,2168.5,analysis/frames/16060/16060_beat_0212.png
16060.mp4,213,619.786,624.056,4.27,128.0,14.9,2168.5,2183.4,analysis/frames/16060/16060_beat_0213.png
16060.mp4,214,624.057,626.024,1.968,59.0,6.9,2183.4,2190.3,analysis/frames/16060/16060_beat_0214.png
16060.mp4,215,626.025,627.759,1.734,52.0,6.1,2190.3,2196.4,analysis/frames/16060/16060_beat_0215.png
16060.mp4,216,627.76,633.632,5.872,176.0,20.6,2196.4,2216.9,analysis/frames/16060/16060_beat_0216.png
16060.mp4,217,633.633,644.14,10.507,314.9,36.8,2216.9,2253.7,analysis/frames/16060/16060_beat_0217.png
16064.mp4,0,0.0,1.701,1.701,51.0,6.0,0.0,6.0,analysis/frames/16064/16064_beat_0000.png
16064.mp4,1,1.702,3.336,1.634,49.0,5.7,6.0,11.7,analysis/frames/16064/16064_beat_0001.png
16064.mp4,2,3.337,6.072,2.735,82.0,9.6,11.7,21.2,analysis/frames/16064/16064_beat_0002.png
16064.mp4,3,6.073,7.44,1.367,41.0,4.8,21.2,26.0,analysis/frames/16064/16064_beat_0003.png
16064.mp4,4,7.441,10.243,2.802,84.0,9.8,26.0,35.8,analysis/frames/16064/16064_beat_0004.png
16064.mp4,5,10.244,12.178,1.934,58.0,6.8,35.8,42.6,analysis/frames/16064/16064_beat_0005.png
16064.mp4,6,12.179,18.184,6.005,180.0,21.0,42.6,63.6,analysis/frames/16064/16064_beat_0006.png
16064.mp4,7,18.185,20.453,2.268,68.0,7.9,63.6,71.6,analysis/frames/16064/16064_beat_0007.png
16064.mp4,8,20.454,25.658,5.204,156.0,18.2,71.6,89.8,analysis/frames/16064/16064_beat_0008.png
16064.mp4,9,25.659,28.06,2.401,72.0,8.4,89.8,98.2,analysis/frames/16064/16064_beat_0009.png
16064.mp4,10,28.061,29.295,1.234,37.0,4.3,98.2,102.5,analysis/frames/16064/16064_beat_0010.png
16064.mp4,11,29.296,31.43,2.134,64.0,7.5,102.5,110.0,analysis/frames/16064/16064_beat_0011.png
16064.mp4,12,31.431,34.567,3.135,94.0,11.0,110.0,120.9,analysis/frames/16064/16064_beat_0012.png
16064.mp4,13,34.568,38.437,3.87,116.0,13.5,120.9,134.5,analysis/frames/16064/16064_beat_0013.png
16064.mp4,14,38.438,40.84,2.401,72.0,8.4,134.5,142.9,analysis/frames/16064/16064_beat_0014.png
16064.mp4,15,40.841,44.81,3.97,119.0,13.9,142.9,156.8,analysis/frames/16064/16064_beat_0015.png
16064.mp4,16,44.811,47.113,2.301,69.0,8.1,156.8,164.8,analysis/frames/16064/16064_beat_0016.png
16064.mp4,17,47.114,50.816,3.703,111.0,13.0,164.8,177.8,analysis/frames/16064/16064_beat_0017.png
16064.mp4,18,50.817,55.588,4.77,143.0,16.7,177.8,194.5,analysis/frames/16064/16064_beat_0018.png
16064.mp4,19,55.589,59.058,3.469,104.0,12.1,194.5,206.6,analysis/frames/16064/16064_beat_0019.png
16064.mp4,20,59.059,61.193,2.134,64.0,7.5,206.6,214.1,analysis/frames/16064/16064_beat_0020.png
16064.mp4,21,61.194,63.829,2.635,79.0,9.2,214.1,223.3,analysis/frames/16064/16064_beat_0021.png
16064.mp4,22,63.83,64.597,0.766,23.0,2.7,223.3,226.0,analysis/frames/16064/16064_beat_0022.png
16064.mp4,23,64.598,66.198,1.601,48.0,5.6,226.0,231.6,analysis/frames/16064/16064_beat_0023.png
16064.mp4,24,66.199,71.57,5.371,161.0,18.8,231.6,250.4,analysis/frames/16064/16064_beat_0024.png
16064.mp4,25,71.572,75.408,3.836,115.0,13.4,250.4,263.8,analysis/frames/16064/16064_beat_0025.png
16064.mp4,26,75.409,82.281,6.873,206.0,24.1,263.8,287.9,analysis/frames/16064/16064_beat_0026.png
16064.mp4,27,82.282,83.883,1.601,48.0,5.6,287.9,293.5,analysis/frames/16064/16064_beat_0027.png
16064.mp4,28,83.884,87.62,3.736,112.0,13.1,293.5,306.6,analysis/frames/16064/16064_beat_0028.png
16064.mp4,29,87.621,89.322,1.701,51.0,6.0,306.6,312.5,analysis/frames/16064/16064_beat_0029.png
16064.mp4,30,89.323,91.057,1.734,52.0,6.1,312.5,318.6,analysis/frames/16064/16064_beat_0030.png
16064.mp4,31,91.058,97.33,6.272,188.0,22.0,318.6,340.5,analysis/frames/16064/16064_beat_0031.png
16064.mp4,32,97.331,102.034,4.704,141.0,16.5,340.5,357.0,analysis/frames/16064/16064_beat_0032.png
16064.mp4,33,102.035,107.506,5.471,164.0,19.1,357.0,376.2,analysis/frames/16064/16064_beat_0033.png
16064.mp4,34,107.507,112.278,4.77,143.0,16.7,376.2,392.9,analysis/frames/16064/16064_beat_0034.png
16064.mp4,35,112.279,115.948,3.669,110.0,12.8,392.9,405.7,analysis/frames/16064/16064_beat_0035.png
16064.mp4,36,115.949,117.516,1.567,47.0,5.5,405.7,411.2,analysis/frames/16064/16064_beat_0036.png
16064.mp4,37,117.517,120.553,3.035,91.0,10.6,411.2,421.8,analysis/frames/16064/16064_beat_0037.png
16064.mp4,38,120.554,121.354,0.8,24.0,2.8,421.8,424.6,analysis/frames/16064/16064_beat_0038.png
16064.mp4,39,121.355,122.722,1.367,41.0,4.8,424.6,429.4,analysis/frames/16064/16064_beat_0039.png
16064.mp4,40,122.723,125.992,3.269,98.0,11.4,429.4,440.8,analysis/frames/16064/16064_beat_0040.png
16064.mp4,41,125.993,128.861,2.869,86.0,10.0,440.8,450.9,analysis/frames/16064/16064_beat_0041.png
16064.mp4,42,128.862,130.896,2.034,61.0,7.1,450.9,458.0,analysis/frames/16064/16064_beat_0042.png
16064.mp4,43,130.897,136.302,5.404,162.0,18.9,458.0,476.9,analysis/frames/16064/16064_beat_0043.png
16064.mp4,44,136.303,138.004,1.701,51.0,6.0,476.9,482.9,analysis/frames/16064/16064_beat_0044.png
16064.mp4,45,138.005,140.94,2.935,88.0,10.3,482.9,493.1,analysis/frames/16064/16064_beat_0045.png
16064.mp4,46,140.941,145.444,4.504,135.0,15.8,493.1,508.9,analysis/frames/16064/16064_beat_0046.png
16064.mp4,47,145.445,147.58,2.134,64.0,7.5,508.9,516.4,analysis/frames/16064/16064_beat_0047.png
16064.mp4,48,147.581,150.816,3.236,97.0,11.3,516.4,527.7,analysis/frames/16064/16064_beat_0048.png
16064.mp4,49,150.817,152.385,1.567,47.0,5.5,527.7,533.2,analysis/frames/16064/16064_beat_0049.png
16064.mp4,50,152.386,154.754,2.368,71.0,8.3,533.2,541.5,analysis/frames/16064/16064_beat_0050.png
16064.mp4,51,154.755,158.09,3.336,100.0,11.7,541.5,553.1,analysis/frames/16064/16064_beat_0051.png
16064.mp4,52,158.091,160.96,2.869,86.0,10.0,553.1,563.2,analysis/frames/16064/16064_beat_0052.png
16064.mp4,53,160.961,166.032,5.071,152.0,17.7,563.2,580.9,analysis/frames/16064/16064_beat_0053.png
16064.mp4,54,166.033,170.736,4.704,141.0,16.5,580.9,597.4,analysis/frames/16064/16064_beat_0054.png
16064.mp4,55,170.737,172.905,2.168,65.0,7.6,597.4,605.0,analysis/frames/16064/16064_beat_0055.png
16064.mp4,56,172.906,175.041,2.134,64.0,7.5,605.0,612.4,analysis/frames/16064/16064_beat_0056.png
16064.mp4,57,175.042,178.477,3.436,103.0,12.0,612.4,624.5,analysis/frames/16064/16064_beat_0057.png
16064.mp4,58,178.478,180.946,2.468,74.0,8.6,624.5,633.1,analysis/frames/16064/16064_beat_0058.png
16064.mp4,59,180.947,181.814,0.867,26.0,3.0,633.1,636.1,analysis/frames/16064/16064_beat_0059.png
16064.mp4,60,181.815,183.849,2.034,61.0,7.1,636.1,643.3,analysis/frames/16064/16064_beat_0060.png
16064.mp4,61,183.85,186.952,3.102,93.0,10.9,643.3,654.1,analysis/frames/16064/16064_beat_0061.png
16064.mp4,62,186.953,189.188,2.235,67.0,7.8,654.1,661.9,analysis/frames/16064/16064_beat_0062.png
16064.mp4,63,189.189,190.489,1.3,39.0,4.5,661.9,666.5,analysis/frames/16064/16064_beat_0063.png
16064.mp4,64,190.49,199.732,9.242,277.0,32.3,666.5,698.8,analysis/frames/16064/16064_beat_0064.png
16064.mp4,65,199.733,202.635,2.902,87.0,10.2,698.8,709.0,analysis/frames/16064/16064_beat_0065.png
16064.mp4,66,202.636,203.469,0.833,25.0,2.9,709.0,711.9,analysis/frames/16064/16064_beat_0066.png
16064.mp4,67,203.47,206.539,3.069,92.0,10.7,711.9,722.7,analysis/frames/16064/16064_beat_0067.png
16064.mp4,68,206.54,212.945,6.405,192.0,22.4,722.7,745.1,analysis/frames/16064/16064_beat_0068.png
16064.mp4,69,212.946,214.914,1.968,59.0,6.9,745.1,752.0,analysis/frames/16064/16064_beat_0069.png
16064.mp4,70,214.915,216.515,1.601,48.0,5.6,752.0,757.6,analysis/frames/16064/16064_beat_0070.png
16064.mp4,71,216.516,218.15,1.634,49.0,5.7,757.6,763.3,analysis/frames/16064/16064_beat_0071.png
16064.mp4,72,218.151,222.154,4.003,120.0,14.0,763.3,777.3,analysis/frames/16064/16064_beat_0072.png
16064.mp4,73,222.155,228.494,6.339,190.0,22.2,777.3,799.5,analysis/frames/16064/16064_beat_0073.png
16064.mp4,74,228.495,232.832,4.337,130.0,15.2,799.5,814.7,analysis/frames/16064/16064_beat_0074.png
16064.mp4,75,232.833,238.471,5.638,169.0,19.7,814.7,834.4,analysis/frames/16064/16064_beat_0075.png
16064.mp4,76,238.472,240.773,2.301,69.0,8.1,834.4,842.4,analysis/frames/16064/16064_beat_0076.png
16064.mp4,77,240.774,241.574,0.8,24.0,2.8,842.4,845.2,analysis/frames/16064/16064_beat_0077.png
16064.mp4,78,241.575,243.442,1.868,56.0,6.5,845.2,851.8,analysis/frames/16064/16064_beat_0078.png
16064.mp4,79,243.443,245.845,2.401,72.0,8.4,851.8,860.2,analysis/frames/16064/16064_beat_0079.png
16064.mp4,80,245.846,247.146,1.3,39.0,4.5,860.2,864.7,analysis/frames/16064/16064_beat_0080.png
16064.mp4,81,247.147,248.547,1.4,42.0,4.9,864.7,869.6,analysis/frames/16064/16064_beat_0081.png
16064.mp4,82,248.548,250.516,1.968,59.0,6.9,869.6,876.5,analysis/frames/16064/16064_beat_0082.png
16064.mp4,83,250.517,252.017,1.5,45.0,5.2,876.5,881.8,analysis/frames/16064/16064_beat_0083.png
16064.mp4,84,252.018,253.552,1.534,46.0,5.4,881.8,887.1,analysis/frames/16064/16064_beat_0084.png
16064.mp4,85,253.553,259.425,5.872,176.0,20.6,887.1,907.7,analysis/frames/16064/16064_beat_0085.png
16064.mp4,86,259.426,261.994,2.568,77.0,9.0,907.7,916.7,analysis/frames/16064/16064_beat_0086.png
16064.mp4,87,261.995,265.931,3.936,118.0,13.8,916.7,930.5,analysis/frames/16064/16064_beat_0087.png
16064.mp4,88,265.932,269.668,3.736,112.0,13.1,930.5,943.5,analysis/frames/16064/16064_beat_0088.png
16064.mp4,89,269.669,272.304,2.635,79.0,9.2,943.5,952.8,analysis/frames/16064/16064_beat_0089.png
16064.mp4,90,272.305,275.274,2.969,89.0,10.4,952.8,963.1,analysis/frames/16064/16064_beat_0090.png
16064.mp4,91,275.275,276.942,1.667,50.0,5.8,963.1,969.0,analysis/frames/16064/16064_beat_0091.png
16064.mp4,92,276.943,281.013,4.07,122.0,14.2,969.0,983.2,analysis/frames/16064/16064_beat_0092.png
16064.mp4,93,281.014,285.384,4.37,131.0,15.3,983.2,998.5,analysis/frames/16064/16064_beat_0093.png
16064.mp4,94,285.385,288.921,3.536,106.0,12.4,998.5,1010.9,analysis/frames/16064/16064_beat_0094.png
16064.mp4,95,288.922,289.688,0.766,23.0,2.7,1010.9,1013.6,analysis/frames/16064/16064_beat_0095.png
16064.mp4,96,289.689,291.757,2.068,62.0,7.2,1013.6,1020.8,analysis/frames/16064/16064_beat_0096.png
16064.mp4,97,291.758,293.893,2.134,64.0,7.5,1020.8,1028.3,analysis/frames/16064/16064_beat_0097.png
16064.mp4,98,293.894,297.73,3.836,115.0,13.4,1028.3,1041.7,analysis/frames/16064/16064_beat_0098.png
16064.mp4,99,297.731,300.733,3.002,90.0,10.5,1041.7,1052.2,analysis/frames/16064/16064_beat_0099.png
16064.mp4,100,300.734,304.303,3.569,107.0,12.5,1052.2,1064.7,analysis/frames/16064/16064_beat_0100.png
16064.mp4,101,304.304,306.939,2.635,79.0,9.2,1064.7,1073.9,analysis/frames/16064/16064_beat_0101.png
16064.mp4,102,306.94,308.207,1.267,38.0,4.4,1073.9,1078.4,analysis/frames/16064/16064_beat_0102.png
16064.mp4,103,308.208,309.542,1.334,40.0,4.7,1078.4,1083.0,analysis/frames/16064/16064_beat_0103.png
16064.mp4,104,309.543,312.478,2.935,88.0,10.3,1083.0,1093.3,analysis/frames/16064/16064_beat_0104.png
16064.mp4,105,312.479,315.714,3.236,97.0,11.3,1093.3,1104.6,analysis/frames/16064/16064_beat_0105.png
16064.mp4,106,315.715,318.25,2.535,76.0,8.9,1104.6,1113.5,analysis/frames/16064/16064_beat_0106.png
16064.mp4,107,318.251,320.786,2.535,76.0,8.9,1113.5,1122.4,analysis/frames/16064/16064_beat_0107.png
16064.mp4,108,320.787,328.594,7.807,234.0,27.3,1122.4,1149.7,analysis/frames/16064/16064_beat_0108.png
16064.mp4,109,328.595,330.996,2.401,72.0,8.4,1149.7,1158.1,analysis/frames/16064/16064_beat_0109.png
16064.mp4,110,330.997,336.101,5.104,153.0,17.9,1158.1,1176.0,analysis/frames/16064/16064_beat_0110.png
16064.mp4,111,336.102,339.338,3.236,97.0,11.3,1176.0,1187.3,analysis/frames/16064/16064_beat_0111.png
16064.mp4,112,339.339,341.64,2.301,69.0,8.1,1187.3,1195.4,analysis/frames/16064/16064_beat_0112.png
16064.mp4,113,341.641,348.28,6.639,199.0,23.2,1195.4,1218.6,analysis/frames/16064/16064_beat_0113.png
16064.mp4,114,348.281,350.749,2.468,74.0,8.6,1218.6,1227.2,analysis/frames/16064/16064_beat_0114.png
16064.mp4,115,350.75,354.72,3.97,119.0,13.9,1227.2,1241.1,analysis/frames/16064/16064_beat_0115.png
16064.mp4,116,354.721,355.387,0.666,20.0,2.3,1241.1,1243.5,analysis/frames/16064/16064_beat_0116.png
16064.mp4,117,355.388,357.99,2.602,78.0,9.1,1243.5,1252.6,analysis/frames/16064/16064_beat_0117.png
16064.mp4,118,357.991,361.06,3.069,92.0,10.7,1252.6,1263.3,analysis/frames/16064/16064_beat_0118.png
16064.mp4,119,361.061,364.029,2.969,89.0,10.4,1263.3,1273.7,analysis/frames/16064/16064_beat_0119.png
16064.mp4,120,364.03,369.134,5.104,153.0,17.9,1273.7,1291.6,analysis/frames/16064/16064_beat_0120.png
16064.mp4,121,369.135,370.636,1.501,45.0,5.3,1291.6,1296.8,analysis/frames/16064/16064_beat_0121.png
16064.mp4,122,370.637,372.171,1.534,46.0,5.4,1296.8,1302.2,analysis/frames/16064/16064_beat_0122.png
16064.mp4,123,372.172,373.505,1.334,40.0,4.7,1302.2,1306.8,analysis/frames/16064/16064_beat_0123.png
16064.mp4,124,373.506,376.175,2.668,80.0,9.3,1306.8,1316.2,analysis/frames/16064/16064_beat_0124.png
16064.mp4,125,376.176,376.976,0.8,24.0,2.8,1316.2,1319.0,analysis/frames/16064/16064_beat_0125.png
16064.mp4,126,376.977,380.346,3.369,101.0,11.8,1319.0,1330.8,analysis/frames/16064/16064_beat_0126.png
16064.mp4,127,380.347,385.684,5.338,160.0,18.7,1330.8,1349.5,analysis/frames/16064/16064_beat_0127.png
16064.mp4,128,385.685,387.953,2.268,68.0,7.9,1349.5,1357.4,analysis/frames/16064/16064_beat_0128.png
16064.mp4,129,387.954,390.456,2.502,75.0,8.8,1357.4,1366.2,analysis/frames/16064/16064_beat_0129.png
16064.mp4,130,390.457,391.29,0.833,25.0,2.9,1366.2,1369.1,analysis/frames/16064/16064_beat_0130.png
16064.mp4,131,391.291,393.325,2.034,61.0,7.1,1369.1,1376.2,analysis/frames/16064/16064_beat_0131.png
16064.mp4,132,393.326,397.263,3.936,118.0,13.8,1376.2,1390.0,analysis/frames/16064/16064_beat_0132.png
16064.mp4,133,397.264,399.798,2.535,76.0,8.9,1390.0,1398.8,analysis/frames/16064/16064_beat_0133.png
16064.mp4,134,399.799,402.668,2.869,86.0,10.0,1398.8,1408.9,analysis/frames/16064/16064_beat_0134.png
16064.mp4,135,402.669,404.703,2.034,61.0,7.1,1408.9,1416.0,analysis/frames/16064/16064_beat_0135.png
16064.mp4,136,404.704,405.838,1.133,34.0,4.0,1416.0,1420.0,analysis/frames/16064/16064_beat_0136.png
16064.mp4,137,405.839,409.108,3.269,98.0,11.4,1420.0,1431.4,analysis/frames/16064/16064_beat_0137.png
16064.mp4,138,409.109,413.913,4.804,144.0,16.8,1431.4,1448.2,analysis/frames/16064/16064_beat_0138.png
16064.mp4,139,413.913,415.347,1.434,43.0,5.0,1448.2,1453.2,analysis/frames/16064/16064_beat_0139.png
16064.mp4,140,415.348,422.187,6.839,205.0,23.9,1453.2,1477.2,analysis/frames/16064/16064_beat_0140.png
16064.mp4,141,422.188,424.89,2.702,81.0,9.5,1477.2,1486.6,analysis/frames/16064/16064_beat_0141.png
16064.mp4,142,424.891,431.697,6.806,204.0,23.8,1486.6,1510.5,analysis/frames/16064/16064_beat_0142.png
16064.mp4,143,431.698,433.532,1.834,55.0,6.4,1510.5,1516.9,analysis/frames/16064/16064_beat_0143.png
16064.mp4,144,433.533,434.767,1.234,37.0,4.3,1516.9,1521.2,analysis/frames/16064/16064_beat_0144.png
16064.mp4,145,434.768,438.737,3.97,119.0,13.9,1521.2,1535.1,analysis/frames/16064/16064_beat_0145.png
16064.mp4,146,438.738,443.175,4.437,133.0,15.5,1535.1,1550.6,analysis/frames/16064/16064_beat_0146.png
16064.mp4,147,443.176,446.178,3.002,90.0,10.5,1550.6,1561.1,analysis/frames/16064/16064_beat_0147.png
16064.mp4,148,446.179,446.912,0.733,22.0,2.6,1561.1,1563.7,analysis/frames/16064/16064_beat_0148.png
16064.mp4,149,446.913,447.947,1.033,31.0,3.6,1563.7,1567.3,analysis/frames/16064/16064_beat_0149.png
16064.mp4,150,447.947,451.717,3.769,113.0,13.2,1567.3,1580.5,analysis/frames/16064/16064_beat_0150.png
16064.mp4,151,451.718,456.989,5.271,158.0,18.4,1580.5,1598.9,analysis/frames/16064/16064_beat_0151.png
16064.mp4,152,456.99,458.223,1.234,37.0,4.3,1598.9,1603.3,analysis/frames/16064/16064_beat_0152.png
16064.mp4,153,458.224,462.861,4.637,139.0,16.2,1603.3,1619.5,analysis/frames/16064/16064_beat_0153.png
16064.mp4,154,462.862,465.431,2.568,77.0,9.0,1619.5,1628.5,analysis/frames/16064/16064_beat_0154.png
16064.mp4,155,465.432,469.034,3.603,108.0,12.6,1628.5,1641.1,analysis/frames/16064/16064_beat_0155.png
16064.mp4,156,469.035,470.302,1.267,38.0,4.4,1641.1,1645.5,analysis/frames/16064/16064_beat_0156.png
16064.mp4,157,470.303,471.37,1.067,32.0,3.7,1645.5,1649.3,analysis/frames/16064/16064_beat_0157.png
16064.mp4,158,471.371,474.64,3.269,98.0,11.4,1649.3,1660.7,analysis/frames/16064/16064_beat_0158.png
16064.mp4,159,474.641,476.742,2.101,63.0,7.4,1660.7,1668.1,analysis/frames/16064/16064_beat_0159.png
16064.mp4,160,476.743,480.312,3.569,107.0,12.5,1668.1,1680.5,analysis/frames/16064/16064_beat_0160.png
16064.mp4,161,480.313,483.282,2.969,89.0,10.4,1680.5,1690.9,analysis/frames/16064/16064_beat_0161.png
16064.mp4,162,483.283,485.884,2.602,78.0,9.1,1690.9,1700.0,analysis/frames/16064/16064_beat_0162.png
16064.mp4,163,485.885,489.088,3.202,96.0,11.2,1700.0,1711.3,analysis/frames/16064/16064_beat_0163.png
16064.mp4,164,489.089,493.258,4.17,125.0,14.6,1711.3,1725.8,analysis/frames/16064/16064_beat_0164.png
16064.mp4,165,493.259,493.959,0.7,21.0,2.4,1725.8,1728.3,analysis/frames/16064/16064_beat_0165.png
16064.mp4,166,493.96,495.728,1.767,53.0,6.2,1728.3,1734.5,analysis/frames/16064/16064_beat_0166.png
16064.mp4,167,495.729,498.864,3.135,94.0,11.0,1734.5,1745.5,analysis/frames/16064/16064_beat_0167.png
16064.mp4,168,498.865,501.433,2.568,77.0,9.0,1745.5,1754.4,analysis/frames/16064/16064_beat_0168.png
16064.mp4,169,501.434,506.171,4.737,142.0,16.6,1754.4,1771.0,analysis/frames/16064/16064_beat_0169.png
16064.mp4,170,506.172,509.341,3.169,95.0,11.1,1771.0,1782.1,analysis/frames/16064/16064_beat_0170.png
16064.mp4,171,509.342,512.111,2.768,83.0,9.7,1782.1,1791.8,analysis/frames/16064/16064_beat_0171.png
16064.mp4,172,512.112,516.582,4.47,134.0,15.6,1791.8,1807.4,analysis/frames/16064/16064_beat_0172.png
16064.mp4,173,516.583,517.616,1.033,31.0,3.6,1807.4,1811.1,analysis/frames/16064/16064_beat_0173.png
16064.mp4,174,517.617,518.65,1.033,31.0,3.6,1811.1,1814.7,analysis/frames/16064/16064_beat_0174.png
16064.mp4,175,518.651,521.053,2.401,72.0,8.4,1814.7,1823.1,analysis/frames/16064/16064_beat_0175.png
16064.mp4,176,521.054,525.991,4.937,148.0,17.3,1823.1,1840.4,analysis/frames/16064/16064_beat_0176.png
16064.mp4,177,525.992,528.327,2.335,70.0,8.2,1840.4,1848.5,analysis/frames/16064/16064_beat_0177.png
16064.mp4,178,528.328,531.43,3.102,93.0,10.9,1848.5,1859.4,analysis/frames/16064/16064_beat_0178.png
16064.mp4,179,531.431,539.371,7.94,238.0,27.8,1859.4,1887.2,analysis/frames/16064/16064_beat_0179.png
16064.mp4,180,539.372,546.378,7.006,210.0,24.5,1887.2,1911.7,analysis/frames/16064/16064_beat_0180.png
16064.mp4,181,546.379,557.21,10.831,324.6,37.9,1911.7,1949.6,analysis/frames/16064/16064_beat_0181.png
16068.mp4,0,0.0,1.801,1.801,54.0,6.3,0.0,6.3,analysis/frames/16068/16068_beat_0000.png
16068.mp4,1,1.802,4.203,2.401,72.0,8.4,6.3,14.7,analysis/frames/16068/16068_beat_0001.png
16068.mp4,2,4.204,10.643,6.439,193.0,22.5,14.7,37.2,analysis/frames/16068/16068_beat_0002.png
16068.mp4,3,10.644,14.247,3.603,108.0,12.6,37.2,49.9,analysis/frames/16068/16068_beat_0003.png
16068.mp4,4,14.248,17.583,3.336,100.0,11.7,49.9,61.5,analysis/frames/16068/16068_beat_0004.png
16068.mp4,5,17.584,19.886,2.301,69.0,8.1,61.5,69.6,analysis/frames/16068/16068_beat_0005.png
16068.mp4,6,19.887,21.587,1.701,51.0,6.0,69.6,75.5,analysis/frames/16068/16068_beat_0006.png
16068.mp4,7,21.588,24.257,2.668,80.0,9.3,75.5,84.9,analysis/frames/16068/16068_beat_0007.png
16068.mp4,8,24.258,27.793,3.536,106.0,12.4,84.9,97.3,analysis/frames/16068/16068_beat_0008.png
16068.mp4,9,27.794,30.83,3.035,91.0,10.6,97.3,107.9,analysis/frames/16068/16068_beat_0009.png
16068.mp4,10,30.831,33.165,2.335,70.0,8.2,107.9,116.0,analysis/frames/16068/16068_beat_0010.png
16068.mp4,11,33.166,36.936,3.769,113.0,13.2,116.0,129.2,analysis/frames/16068/16068_beat_0011.png
16068.mp4,12,36.937,41.674,4.737,142.0,16.6,129.2,145.8,analysis/frames/16068/16068_beat_0012.png
16068.mp4,13,41.675,45.945,4.27,128.0,14.9,145.8,160.8,analysis/frames/16068/16068_beat_0013.png
16068.mp4,14,45.946,48.614,2.668,80.0,9.3,160.8,170.1,analysis/frames/16068/16068_beat_0014.png
16068.mp4,15,48.615,51.25,2.635,79.0,9.2,170.1,179.3,analysis/frames/16068/16068_beat_0015.png
16068.mp4,16,51.251,56.589,5.338,160.0,18.7,179.3,198.0,analysis/frames/16068/16068_beat_0016.png
16068.mp4,17,56.59,57.356,0.766,23.0,2.7,198.0,200.7,analysis/frames/16068/16068_beat_0017.png
16068.mp4,18,57.357,59.859,2.502,75.0,8.8,200.7,209.4,analysis/frames/16068/16068_beat_0018.png
16068.mp4,19,59.86,66.432,6.572,197.0,23.0,209.4,232.4,analysis/frames/16068/16068_beat_0019.png
16068.mp4,20,66.433,67.266,0.833,25.0,2.9,232.4,235.4,analysis/frames/16068/16068_beat_0020.png
16068.mp4,21,67.267,69.902,2.635,79.0,9.2,235.4,244.6,analysis/frames/16068/16068_beat_0021.png
16068.mp4,22,69.903,73.539,3.636,109.0,12.7,244.6,257.3,analysis/frames/16068/16068_beat_0022.png
16068.mp4,23,73.54,75.107,1.567,47.0,5.5,257.3,262.8,analysis/frames/16068/16068_beat_0023.png
16068.mp4,24,75.108,78.678,3.569,107.0,12.5,262.8,275.3,analysis/frames/16068/16068_beat_0024.png
16068.mp4,25,78.679,84.15,5.471,164.0,19.1,275.3,294.4,analysis/frames/16068/16068_beat_0025.png
16068.mp4,26,84.151,88.387,4.237,127.0,14.8,294.4,309.3,analysis/frames/16068/16068_beat_0026.png
16068.mp4,27,88.388,89.455,1.067,32.0,3.7,309.3,313.0,analysis/frames/16068/16068_beat_0027.png
16068.mp4,28,89.456,92.191,2.735,82.0,9.6,313.0,322.6,analysis/frames/16068/16068_beat_0028.png
16068.mp4,29,92.192,93.559,1.367,41.0,4.8,322.6,327.4,analysis/frames/16068/16068_beat_0029.png
16068.mp4,30,93.56,96.028,2.468,74.0,8.6,327.4,336.0,analysis/frames/16068/16068_beat_0030.png
16068.mp4,31,96.029,101.667,5.638,169.0,19.7,336.0,355.7,analysis/frames/16068/16068_beat_0031.png
16068.mp4,32,101.668,105.571,3.903,117.0,13.7,355.7,369.4,analysis/frames/16068/16068_beat_0032.png
16068.mp4,33,105.572,108.24,2.668,80.0,9.3,369.4,378.7,analysis/frames/16068/16068_beat_0033.png
16068.mp4,34,108.241,114.113,5.872,176.0,20.6,378.7,399.3,analysis/frames/16068/16068_beat_0034.png
16068.mp4,35,114.114,118.284,4.17,125.0,14.6,399.3,413.9,analysis/frames/16068/16068_beat_0035.png
16068.mp4,36,118.285,123.99,5.705,171.0,20.0,413.9,433.8,analysis/frames/16068/16068_beat_0036.png
16068.mp4,37,123.991,127.193,3.202,96.0,11.2,433.8,445.0,analysis/frames/16068/16068_beat_0037.png
16068.mp4,38,127.194,132.365,5.171,155.0,18.1,445.0,463.1,analysis/frames/16068/16068_beat_0038.png
16068.mp4,39,132.366,133.032,0.666,20.0,2.3,463.1,465.5,analysis/frames/16068/16068_beat_0039.png
16068.mp4,40,133.033,136.502,3.469,104.0,12.1,465.5,477.6,analysis/frames/16068/16068_beat_0040.png
16068.mp4,41,136.503,141.54,5.037,151.0,17.6,477.6,495.2,analysis/frames/16068/16068_beat_0041.png
16068.mp4,42,141.541,143.042,1.5,45.0,5.2,495.2,500.5,analysis/frames/16068/16068_beat_0042.png
16068.mp4,43,143.043,145.111,2.068,62.0,7.2,500.5,507.7,analysis/frames/16068/16068_beat_0043.png
16068.mp4,44,145.112,148.414,3.302,99.0,11.6,507.7,519.3,analysis/frames/16068/16068_beat_0044.png
16068.mp4,45,148.415,153.252,4.837,145.0,16.9,519.3,536.2,analysis/frames/16068/16068_beat_0045.png
16068.mp4,46,153.253,154.587,1.334,40.0,4.7,536.2,540.9,analysis/frames/16068/16068_beat_0046.png
16068.mp4,47,154.588,160.493,5.905,177.0,20.7,540.9,561.6,analysis/frames/16068/16068_beat_0047.png
16068.mp4,48,160.494,164.964,4.47,134.0,15.6,561.6,577.2,analysis/frames/16068/16068_beat_0048.png
16068.mp4,49,164.965,166.365,1.4,42.0,4.9,577.2,582.1,analysis/frames/16068/16068_beat_0049.png
16068.mp4,50,166.366,171.737,5.371,161.0,18.8,582.1,600.9,analysis/frames/16068/16068_beat_0050.png
16068.mp4,51,171.738,173.806,2.068,62.0,7.2,600.9,608.1,analysis/frames/16068/16068_beat_0051.png
16068.mp4,52,173.807,175.474,1.667,50.0,5.8,608.1,614.0,analysis/frames/16068/16068_beat_0052.png
16068.mp4,53,175.475,177.143,1.667,50.0,5.8,614.0,619.8,analysis/frames/16068/16068_beat_0053.png
16068.mp4,54,177.144,179.311,2.168,65.0,7.6,619.8,627.4,analysis/frames/16068/16068_beat_0054.png
16068.mp4,55,179.312,183.716,4.403,132.0,15.4,627.4,642.8,analysis/frames/16068/16068_beat_0055.png
16068.mp4,56,183.717,188.521,4.804,144.0,16.8,642.8,659.6,analysis/frames/16068/16068_beat_0056.png
16068.mp4,57,188.522,191.257,2.735,82.0,9.6,659.6,669.2,analysis/frames/16068/16068_beat_0057.png
16068.mp4,58,191.258,194.026,2.768,83.0,9.7,669.2,678.9,analysis/frames/16068/16068_beat_0058.png
16068.mp4,59,194.027,197.43,3.402,102.0,11.9,678.9,690.8,analysis/frames/16068/16068_beat_0059.png
16068.mp4,60,197.431,198.898,1.467,44.0,5.1,690.8,695.9,analysis/frames/16068/16068_beat_0060.png
16068.mp4,61,198.899,203.636,4.737,142.0,16.6,695.9,712.5,analysis/frames/16068/16068_beat_0061.png
16068.mp4,62,203.637,204.403,0.766,23.0,2.7,712.5,715.2,analysis/frames/16068/16068_beat_0062.png
16068.mp4,63,204.404,206.772,2.368,71.0,8.3,715.2,723.5,analysis/frames/16068/16068_beat_0063.png
16068.mp4,64,206.773,210.643,3.87,116.0,13.5,723.5,737.0,analysis/frames/16068/16068_beat_0064.png
16068.mp4,65,210.644,218.217,7.573,227.0,26.5,737.0,763.5,analysis/frames/16068/16068_beat_0065.png
16068.mp4,66,218.218,220.753,2.535,76.0,8.9,763.5,772.4,analysis/frames/16068/16068_beat_0066.png
16068.mp4,67,220.754,225.758,5.004,150.0,17.5,772.4,789.9,analysis/frames/16068/16068_beat_0067.png
16068.mp4,68,225.759,230.83,5.071,152.0,17.7,789.9,807.7,analysis/frames/16068/16068_beat_0068.png
16068.mp4,69,230.831,232.798,1.968,59.0,6.9,807.7,814.5,analysis/frames/16068/16068_beat_0069.png
16068.mp4,70,232.799,234.233,1.434,43.0,5.0,814.5,819.6,analysis/frames/16068/16068_beat_0070.png
16068.mp4,71,234.234,236.102,1.868,56.0,6.5,819.6,826.1,analysis/frames/16068/16068_beat_0071.png
16068.mp4,72,236.103,241.073,4.971,149.0,17.4,826.1,843.5,analysis/frames/16068/16068_beat_0072.png
16068.mp4,73,241.074,244.076,3.002,90.0,10.5,843.5,854.0,analysis/frames/16068/16068_beat_0073.png
16068.mp4,74,244.077,245.845,1.767,53.0,6.2,854.0,860.2,analysis/frames/16068/16068_beat_0074.png
16068.mp4,75,245.846,248.514,2.668,80.0,9.3,860.2,869.5,analysis/frames/16068/16068_beat_0075.png
16068.mp4,76,248.515,252.585,4.07,122.0,14.2,869.5,883.8,analysis/frames/16068/16068_beat_0076.png
16068.mp4,77,252.586,254.186,1.601,48.0,5.6,883.8,889.4,analysis/frames/16068/16068_beat_0077.png
16068.mp4,78,254.187,259.925,5.738,172.0,20.1,889.4,909.5,analysis/frames/16068/16068_beat_0078.png
16068.mp4,79,259.926,261.06,1.133,34.0,4.0,909.5,913.4,analysis/frames/16068/16068_beat_0079.png
16068.mp4,80,261.061,264.497,3.436,103.0,12.0,913.4,925.5,analysis/frames/16068/16068_beat_0080.png
16068.mp4,81,264.498,269.201,4.704,141.0,16.5,925.5,941.9,analysis/frames/16068/16068_beat_0081.png
16068.mp4,82,269.202,271.604,2.401,72.0,8.4,941.9,950.3,analysis/frames/16068/16068_beat_0082.png
16068.mp4,83,271.605,275.541,3.936,118.0,13.8,950.3,964.1,analysis/frames/16068/16068_beat_0083.png
16068.mp4,84,275.542,276.442,0.9,27.0,3.1,964.1,967.2,analysis/frames/16068/16068_beat_0084.png
16068.mp4,85,276.443,279.178,2.735,82.0,9.6,967.2,976.8,analysis/frames/16068/16068_beat_0085.png
16068.mp4,86,279.179,283.783,4.604,138.0,16.1,976.8,992.9,analysis/frames/16068/16068_beat_0086.png
16068.mp4,87,283.784,288.821,5.037,151.0,17.6,992.9,1010.6,analysis/frames/16068/16068_beat_0087.png
16068.mp4,88,288.822,292.458,3.636,109.0,12.7,1010.6,1023.3,analysis/frames/16068/16068_beat_0088.png
16068.mp4,89,292.459,293.425,0.967,29.0,3.4,1023.3,1026.7,analysis/frames/16068/16068_beat_0089.png
16068.mp4,90,293.426,294.76,1.334,40.0,4.7,1026.7,1031.3,analysis/frames/16068/16068_beat_0090.png
16068.mp4,91,294.761,296.829,2.068,62.0,7.2,1031.3,1038.6,analysis/frames/16068/16068_beat_0091.png
16068.mp4,92,296.83,298.964,2.134,64.0,7.5,1038.6,1046.0,analysis/frames/16068/16068_beat_0092.png
16068.mp4,93,298.965,301.4,2.435,73.0,8.5,1046.0,1054.6,analysis/frames/16068/16068_beat_0093.png
16068.mp4,94,301.401,303.135,1.734,52.0,6.1,1054.6,1060.6,analysis/frames/16068/16068_beat_0094.png
16068.mp4,95,303.136,304.203,1.067,32.0,3.7,1060.6,1064.4,analysis/frames/16068/16068_beat_0095.png
16068.mp4,96,304.204,310.81,6.606,198.0,23.1,1064.4,1087.5,analysis/frames/16068/16068_beat_0096.png
16068.mp4,97,310.81,313.212,2.401,72.0,8.4,1087.5,1095.9,analysis/frames/16068/16068_beat_0097.png
16068.mp4,98,313.213,314.847,1.634,49.0,5.7,1095.9,1101.6,analysis/frames/16068/16068_beat_0098.png
16068.mp4,99,314.848,318.017,3.169,95.0,11.1,1101.6,1112.7,analysis/frames/16068/16068_beat_0099.png
16068.mp4,100,318.018,318.851,0.833,25.0,2.9,1112.7,1115.6,analysis/frames/16068/16068_beat_0100.png
16068.mp4,101,318.852,319.652,0.8,24.0,2.8,1115.6,1118.4,analysis/frames/16068/16068_beat_0101.png
16068.mp4,102,319.653,321.253,1.601,48.0,5.6,1118.4,1124.0,analysis/frames/16068/16068_beat_0102.png
16068.mp4,103,321.254,323.789,2.535,76.0,8.9,1124.0,1132.9,analysis/frames/16068/16068_beat_0103.png
16068.mp4,104,323.79,325.224,1.434,43.0,5.0,1132.9,1137.9,analysis/frames/16068/16068_beat_0104.png
16068.mp4,105,325.225,329.628,4.403,132.0,15.4,1137.9,1153.3,analysis/frames/16068/16068_beat_0105.png
16068.mp4,106,329.629,334.633,5.004,150.0,17.5,1153.3,1170.8,analysis/frames/16068/16068_beat_0106.png
16068.mp4,107,334.634,339.939,5.304,159.0,18.6,1170.8,1189.4,analysis/frames/16068/16068_beat_0107.png
16068.mp4,108,339.94,340.84,0.9,27.0,3.1,1189.4,1192.6,analysis/frames/16068/16068_beat_0108.png
16068.mp4,109,340.841,342.975,2.134,64.0,7.5,1192.6,1200.0,analysis/frames/16068/16068_beat_0109.png
16068.mp4,110,342.976,348.314,5.338,160.0,18.7,1200.0,1218.7,analysis/frames/16068/16068_beat_0110.png
16068.mp4,111,348.315,350.216,1.901,57.0,6.7,1218.7,1225.4,analysis/frames/16068/16068_beat_0111.png
16068.mp4,112,350.217,353.652,3.436,103.0,12.0,1225.4,1237.4,analysis/frames/16068/16068_beat_0112.png
16068.mp4,113,353.653,355.855,2.201,66.0,7.7,1237.4,1245.1,analysis/frames/16068/16068_beat_0113.png
16068.mp4,114,355.856,358.39,2.535,76.0,8.9,1245.1,1254.0,analysis/frames/16068/16068_beat_0114.png
16068.mp4,115,358.391,363.062,4.67,140.0,16.3,1254.0,1270.3,analysis/frames/16068/16068_beat_0115.png
16068.mp4,116,363.063,364.797,1.734,52.0,6.1,1270.3,1276.4,analysis/frames/16068/16068_beat_0116.png
16068.mp4,117,364.798,371.871,7.073,212.0,24.8,1276.4,1301.1,analysis/frames/16068/16068_beat_0117.png
16068.mp4,118,371.872,375.241,3.369,101.0,11.8,1301.1,1312.9,analysis/frames/16068/16068_beat_0118.png
16068.mp4,119,375.242,378.01,2.768,83.0,9.7,1312.9,1322.6,analysis/frames/16068/16068_beat_0119.png
16068.mp4,120,378.011,379.778,1.767,53.0,6.2,1322.6,1328.8,analysis/frames/16068/16068_beat_0120.png
16068.mp4,121,379.779,382.214,2.435,73.0,8.5,1328.8,1337.3,analysis/frames/16068/16068_beat_0121.png
16068.mp4,122,382.215,388.988,6.772,203.0,23.7,1337.3,1361.0,analysis/frames/16068/16068_beat_0122.png
16068.mp4,123,388.989,391.09,2.101,63.0,7.4,1361.0,1368.4,analysis/frames/16068/16068_beat_0123.png
16068.mp4,124,391.091,396.195,5.104,153.0,17.9,1368.4,1386.2,analysis/frames/16068/16068_beat_0124.png
16068.mp4,125,396.196,399.131,2.935,88.0,10.3,1386.2,1396.5,analysis/frames/16068/16068_beat_0125.png
16068.mp4,126,399.132,402.735,3.603,108.0,12.6,1396.5,1409.1,analysis/frames/16068/16068_beat_0126.png
16068.mp4,127,402.736,406.171,3.436,103.0,12.0,1409.1,1421.2,analysis/frames/16068/16068_beat_0127.png
16068.mp4,128,406.172,412.077,5.905,177.0,20.7,1421.2,1441.8,analysis/frames/16068/16068_beat_0128.png
16068.mp4,129,412.078,413.312,1.234,37.0,4.3,1441.8,1446.1,analysis/frames/16068/16068_beat_0129.png
16068.mp4,130,413.313,414.046,0.733,22.0,2.6,1446.1,1448.7,analysis/frames/16068/16068_beat_0130.png
16068.mp4,131,414.047,417.316,3.269,98.0,11.4,1448.7,1460.1,analysis/frames/16068/16068_beat_0131.png
16068.mp4,132,417.317,419.518,2.201,66.0,7.7,1460.1,1467.8,analysis/frames/16068/16068_beat_0132.png
16068.mp4,133,419.519,424.29,4.77,143.0,16.7,1467.8,1484.5,analysis/frames/16068/16068_beat_0133.png
16068.mp4,134,424.291,426.292,2.001,60.0,7.0,1484.5,1491.5,analysis/frames/16068/16068_beat_0134.png
16068.mp4,135,426.293,428.794,2.502,75.0,8.8,1491.5,1500.3,analysis/frames/16068/16068_beat_0135.png
16068.mp4,136,428.795,430.162,1.367,41.0,4.8,1500.3,1505.1,analysis/frames/16068/16068_beat_0136.png
16068.mp4,137,430.163,431.897,1.734,52.0,6.1,1505.1,1511.2,analysis/frames/16068/16068_beat_0137.png
16068.mp4,138,431.898,435.534,3.636,109.0,12.7,1511.2,1523.9,analysis/frames/16068/16068_beat_0138.png
16068.mp4,139,435.535,439.238,3.703,111.0,13.0,1523.9,1536.8,analysis/frames/16068/16068_beat_0139.png
16068.mp4,140,439.239,440.272,1.033,31.0,3.6,1536.8,1540.5,analysis/frames/16068/16068_beat_0140.png
16068.mp4,141,440.273,443.275,3.002,90.0,10.5,1540.5,1551.0,analysis/frames/16068/16068_beat_0141.png
16068.mp4,142,443.276,444.777,1.501,45.0,5.3,1551.0,1556.2,analysis/frames/16068/16068_beat_0142.png
16068.mp4,143,444.778,448.047,3.269,98.0,11.4,1556.2,1567.7,analysis/frames/16068/16068_beat_0143.png
16068.mp4,144,448.048,450.082,2.034,61.0,7.1,1567.7,1574.8,analysis/frames/16068/16068_beat_0144.png
16068.mp4,145,450.083,455.12,5.037,151.0,17.6,1574.8,1592.4,analysis/frames/16068/16068_beat_0145.png
16068.mp4,146,455.121,456.622,1.501,45.0,5.3,1592.4,1597.7,analysis/frames/16068/16068_beat_0146.png
16068.mp4,147,456.623,463.362,6.739,202.0,23.6,1597.7,1621.2,analysis/frames/16068/16068_beat_0147.png
16068.mp4,148,463.363,464.897,1.534,46.0,5.4,1621.2,1626.6,analysis/frames/16068/16068_beat_0148.png
16068.mp4,149,464.898,469.668,4.77,143.0,16.7,1626.6,1643.3,analysis/frames/16068/16068_beat_0149.png
16068.mp4,150,469.669,471.57,1.901,57.0,6.7,1643.3,1650.0,analysis/frames/16068/16068_beat_0150.png
16068.mp4,151,471.571,474.94,3.369,101.0,11.8,1650.0,1661.8,analysis/frames/16068/16068_beat_0151.png
16068.mp4,152,474.941,480.779,5.838,175.0,20.4,1661.8,1682.2,analysis/frames/16068/16068_beat_0152.png
16068.mp4,153,480.78,482.114,1.334,40.0,4.7,1682.2,1686.9,analysis/frames/16068/16068_beat_0153.png
16068.mp4,154,482.115,490.689,8.574,257.0,30.0,1686.9,1716.9,analysis/frames/16068/16068_beat_0154.png
16068.mp4,155,490.69,491.457,0.766,23.0,2.7,1716.9,1719.6,analysis/frames/16068/16068_beat_0155.png
16068.mp4,156,491.458,493.058,1.601,48.0,5.6,1719.6,1725.2,analysis/frames/16068/16068_beat_0156.png
16068.mp4,157,493.059,498.831,5.771,173.0,20.2,1725.2,1745.4,analysis/frames/16068/16068_beat_0157.png
16068.mp4,158,498.832,503.068,4.237,127.0,14.8,1745.4,1760.2,analysis/frames/16068/16068_beat_0158.png
16068.mp4,159,503.069,505.004,1.934,58.0,6.8,1760.2,1767.0,analysis/frames/16068/16068_beat_0159.png
16068.mp4,160,505.005,509.375,4.37,131.0,15.3,1767.0,1782.2,analysis/frames/16068/16068_beat_0160.png
16068.mp4,161,509.376,511.276,1.901,57.0,6.7,1782.2,1788.9,analysis/frames/16068/16068_beat_0161.png
16068.mp4,162,511.277,513.679,2.401,72.0,8.4,1788.9,1797.3,analysis/frames/16068/16068_beat_0162.png
16068.mp4,163,513.68,515.28,1.601,48.0,5.6,1797.3,1802.9,analysis/frames/16068/16068_beat_0163.png
16068.mp4,164,515.281,517.082,1.801,54.0,6.3,1802.9,1809.2,analysis/frames/16068/16068_beat_0164.png
16068.mp4,165,517.083,519.351,2.268,68.0,7.9,1809.2,1817.1,analysis/frames/16068/16068_beat_0165.png
16068.mp4,166,519.352,524.023,4.67,140.0,16.3,1817.1,1833.5,analysis/frames/16068/16068_beat_0166.png
16068.mp4,167,524.024,526.625,2.602,78.0,9.1,1833.5,1842.6,analysis/frames/16068/16068_beat_0167.png
16068.mp4,168,526.626,530.262,3.636,109.0,12.7,1842.6,1855.3,analysis/frames/16068/16068_beat_0168.png
16068.mp4,169,530.263,532.064,1.801,54.0,6.3,1855.3,1861.6,analysis/frames/16068/16068_beat_0169.png
16068.mp4,170,532.065,536.101,4.036,121.0,14.1,1861.6,1875.8,analysis/frames/16068/16068_beat_0170.png
16068.mp4,171,536.102,541.807,5.705,171.0,20.0,1875.8,1895.7,analysis/frames/16068/16068_beat_0171.png
16068.mp4,172,541.808,545.844,4.036,121.0,14.1,1895.7,1909.8,analysis/frames/16068/16068_beat_0172.png
16068.mp4,173,545.845,548.781,2.935,88.0,10.3,1909.8,1920.1,analysis/frames/16068/16068_beat_0173.png
16068.mp4,174,548.782,553.385,4.604,138.0,16.1,1920.1,1936.2,analysis/frames/16068/16068_beat_0174.png
16068.mp4,175,553.386,557.389,4.003,120.0,14.0,1936.2,1950.2,analysis/frames/16068/16068_beat_0175.png
16068.mp4,176,557.39,558.157,0.766,23.0,2.7,1950.2,1952.9,analysis/frames/16068/16068_beat_0176.png
16068.mp4,177,558.158,559.358,1.2,36.0,4.2,1952.9,1957.1,analysis/frames/16068/16068_beat_0177.png
16068.mp4,178,559.359,563.028,3.669,110.0,12.8,1957.1,1970.0,analysis/frames/16068/16068_beat_0178.png
16068.mp4,179,563.029,569.001,5.972,179.0,20.9,1970.0,1990.9,analysis/frames/16068/16068_beat_0179.png
16068.mp4,180,569.002,571.336,2.335,70.0,8.2,1990.9,1999.0,analysis/frames/16068/16068_beat_0180.png
16068.mp4,181,571.337,576.642,5.304,159.0,18.6,1999.0,2017.6,analysis/frames/16068/16068_beat_0181.png
16068.mp4,182,576.643,580.345,3.703,111.0,13.0,2017.6,2030.6,analysis/frames/16068/16068_beat_0182.png
16068.mp4,183,580.346,585.484,5.137,154.0,18.0,2030.6,2048.5,analysis/frames/16068/16068_beat_0183.png
16068.mp4,184,585.485,587.252,1.767,53.0,6.2,2048.5,2054.7,analysis/frames/16068/16068_beat_0184.png
16068.mp4,185,587.253,591.723,4.47,134.0,15.6,2054.7,2070.4,analysis/frames/16068/16068_beat_0185.png
16068.mp4,186,591.724,593.459,1.734,52.0,6.1,2070.4,2076.4,analysis/frames/16068/16068_beat_0186.png
16068.mp4,187,593.46,596.695,3.236,97.0,11.3,2076.4,2087.8,analysis/frames/16068/16068_beat_0187.png
16068.mp4,188,596.696,601.5,4.804,144.0,16.8,2087.8,2104.6,analysis/frames/16068/16068_beat_0188.png
16068.mp4,189,601.501,605.204,3.703,111.0,13.0,2104.6,2117.5,analysis/frames/16068/16068_beat_0189.png
16068.mp4,190,605.205,611.31,6.105,183.0,21.4,2117.5,2138.9,analysis/frames/16068/16068_beat_0190.png
16068.mp4,191,611.311,613.779,2.468,74.0,8.6,2138.9,2147.6,analysis/frames/16068/16068_beat_0191.png
16068.mp4,192,613.78,617.916,4.136,124.0,14.5,2147.6,2162.0,analysis/frames/16068/16068_beat_0192.png
16068.mp4,193,617.917,624.556,6.639,199.0,23.2,2162.0,2185.3,analysis/frames/16068/16068_beat_0193.png
16068.mp4,194,624.557,626.592,2.034,61.0,7.1,2185.3,2192.4,analysis/frames/16068/16068_beat_0194.png
16068.mp4,195,626.593,627.426,0.833,25.0,2.9,2192.4,2195.3,analysis/frames/16068/16068_beat_0195.png
16068.mp4,196,627.427,629.595,2.168,65.0,7.6,2195.3,2202.9,analysis/frames/16068/16068_beat_0196.png
16068.mp4,197,629.596,634.299,4.704,141.0,16.5,2202.9,2219.4,analysis/frames/16068/16068_beat_0197.png
16068.mp4,198,634.3,640.839,6.539,196.0,22.9,2219.4,2242.2,analysis/frames/16068/16068_beat_0198.png
16068.mp4,199,640.84,643.876,3.035,91.0,10.6,2242.2,2252.9,analysis/frames/16068/16068_beat_0199.png
16068.mp4,200,643.877,647.579,3.703,111.0,13.0,2252.9,2265.8,analysis/frames/16068/16068_beat_0200.png
16068.mp4,201,647.58,650.182,2.602,78.0,9.1,2265.8,2274.9,analysis/frames/16068/16068_beat_0201.png
16068.mp4,202,650.183,653.318,3.135,94.0,11.0,2274.9,2285.9,analysis/frames/16068/16068_beat_0202.png
16068.mp4,203,653.319,657.489,4.17,125.0,14.6,2285.9,2300.5,analysis/frames/16068/16068_beat_0203.png
16068.mp4,204,657.49,660.225,2.735,82.0,9.6,2300.5,2310.1,analysis/frames/16068/16068_beat_0204.png
16068.mp4,205,660.226,663.829,3.603,108.0,12.6,2310.1,2322.7,analysis/frames/16068/16068_beat_0205.png
16068.mp4,206,663.83,666.865,3.035,91.0,10.6,2322.7,2333.3,analysis/frames/16068/16068_beat_0206.png
16068.mp4,207,666.866,671.169,4.303,129.0,15.1,2333.3,2348.4,analysis/frames/16068/16068_beat_0207.png
16068.mp4,208,671.17,675.841,4.67,140.0,16.3,2348.4,2364.7,analysis/frames/16068/16068_beat_0208.png
16068.mp4,209,675.842,680.145,4.303,129.0,15.1,2364.7,2379.8,analysis/frames/16068/16068_beat_0209.png
16068.mp4,210,680.146,683.248,3.102,93.0,10.9,2379.8,2390.6,analysis/frames/16068/16068_beat_0210.png
16068.mp4,211,683.249,686.552,3.302,99.0,11.6,2390.6,2402.2,analysis/frames/16068/16068_beat_0211.png
16068.mp4,212,686.553,690.989,4.437,133.0,15.5,2402.2,2417.7,analysis/frames/16068/16068_beat_0212.png
16068.mp4,213,690.99,697.462,6.472,194.0,22.7,2417.7,2440.4,analysis/frames/16068/16068_beat_0213.png
16068.mp4,214,697.463,707.54,10.077,302.0,35.3,2440.4,2475.6,analysis/frames/16068/16068_beat_0214.png
16072.mp4,0,0.0,1.834,1.834,55.0,6.4,0.0,6.4,analysis/frames/16072/16072_beat_0000.png
16072.mp4,1,1.835,3.035,1.2,36.0,4.2,6.4,10.6,analysis/frames/16072/16072_beat_0001.png
16072.mp4,2,3.036,8.508,5.471,164.0,19.1,10.6,29.8,analysis/frames/16072/16072_beat_0002.png
16072.mp4,3,8.508,13.279,4.77,143.0,16.7,29.8,46.5,analysis/frames/16072/16072_beat_0003.png
16072.mp4,4,13.28,16.515,3.236,97.0,11.3,46.5,57.8,analysis/frames/16072/16072_beat_0004.png
16072.mp4,5,16.517,20.119,3.603,108.0,12.6,57.8,70.4,analysis/frames/16072/16072_beat_0005.png
16072.mp4,6,20.12,23.289,3.169,95.0,11.1,70.4,81.5,analysis/frames/16072/16072_beat_0006.png
16072.mp4,7,23.29,28.094,4.804,144.0,16.8,81.5,98.3,analysis/frames/16072/16072_beat_0007.png
16072.mp4,8,28.095,29.395,1.3,39.0,4.5,98.3,102.9,analysis/frames/16072/16072_beat_0008.png
16072.mp4,9,29.396,31.464,2.068,62.0,7.2,102.9,110.1,analysis/frames/16072/16072_beat_0009.png
16072.mp4,10,31.465,33.165,1.701,51.0,6.0,110.1,116.0,analysis/frames/16072/16072_beat_0010.png
16072.mp4,11,33.166,35.968,2.802,84.0,9.8,116.0,125.9,analysis/frames/16072/16072_beat_0011.png
16072.mp4,12,35.969,39.772,3.803,114.0,13.3,125.9,139.2,analysis/frames/16072/16072_beat_0012.png
16072.mp4,13,39.773,45.811,6.038,181.0,21.1,139.2,160.3,analysis/frames/16072/16072_beat_0013.png
16072.mp4,14,45.812,48.581,2.768,83.0,9.7,160.3,170.0,analysis/frames/16072/16072_beat_0014.png
16072.mp4,15,48.582,50.316,1.734,52.0,6.1,170.0,176.1,analysis/frames/16072/16072_beat_0015.png
16072.mp4,16,50.317,56.155,5.838,175.0,20.4,176.1,196.5,analysis/frames/16072/16072_beat_0016.png
16072.mp4,17,56.156,58.691,2.535,76.0,8.9,196.5,205.4,analysis/frames/16072/16072_beat_0017.png
16072.mp4,18,58.692,60.326,1.634,49.0,5.7,205.4,211.1,analysis/frames/16072/16072_beat_0018.png
16072.mp4,19,60.327,62.028,1.701,51.0,6.0,211.1,217.0,analysis/frames/16072/16072_beat_0019.png
16072.mp4,20,62.029,67.099,5.071,152.0,17.7,217.0,234.8,analysis/frames/16072/16072_beat_0020.png
16072.mp4,21,67.1,70.202,3.102,93.0,10.9,234.8,245.6,analysis/frames/16072/16072_beat_0021.png
16072.mp4,22,70.203,72.271,2.068,62.0,7.2,245.6,252.9,analysis/frames/16072/16072_beat_0022.png
16072.mp4,23,72.272,74.073,1.801,54.0,6.3,252.9,259.2,analysis/frames/16072/16072_beat_0023.png
16072.mp4,24,74.074,76.809,2.735,82.0,9.6,259.2,268.8,analysis/frames/16072/16072_beat_0024.png
16072.mp4,25,76.81,77.576,0.766,23.0,2.7,268.8,271.4,analysis/frames/16072/16072_beat_0025.png
16072.mp4,26,77.578,78.978,1.4,42.0,4.9,271.4,276.3,analysis/frames/16072/16072_beat_0026.png
16072.mp4,27,78.979,83.382,4.403,132.0,15.4,276.3,291.7,analysis/frames/16072/16072_beat_0027.png
16072.mp4,28,83.383,86.218,2.835,85.0,9.9,291.7,301.7,analysis/frames/16072/16072_beat_0028.png
16072.mp4,29,86.219,92.992,6.772,203.0,23.7,301.7,325.4,analysis/frames/16072/16072_beat_0029.png
16072.mp4,30,92.993,97.33,4.337,130.0,15.2,325.4,340.5,analysis/frames/16072/16072_beat_0030.png
16072.mp4,31,97.331,99.565,2.235,67.0,7.8,340.5,348.4,analysis/frames/16072/16072_beat_0031.png
16072.mp4,32,99.566,100.8,1.234,37.0,4.3,348.4,352.7,analysis/frames/16072/16072_beat_0032.png
16072.mp4,33,100.801,105.605,4.804,144.0,16.8,352.7,369.5,analysis/frames/16072/16072_beat_0033.png
16072.mp4,34,105.606,111.077,5.471,164.0,19.1,369.5,388.7,analysis/frames/16072/16072_beat_0034.png
16072.mp4,35,111.078,112.812,1.734,52.0,6.1,388.7,394.7,analysis/frames/16072/16072_beat_0035.png
16072.mp4,36,112.813,116.015,3.202,96.0,11.2,394.7,405.9,analysis/frames/16072/16072_beat_0036.png
16072.mp4,37,116.016,119.251,3.236,97.0,11.3,405.9,417.3,analysis/frames/16072/16072_beat_0037.png
16072.mp4,38,119.252,122.955,3.703,111.0,13.0,417.3,430.2,analysis/frames/16072/16072_beat_0038.png
16072.mp4,39,122.956,127.626,4.67,140.0,16.3,430.2,446.6,analysis/frames/16072/16072_beat_0039.png
16072.mp4,40,127.627,129.829,2.201,66.0,7.7,446.6,454.3,analysis/frames/16072/16072_beat_0040.png
16072.mp4,41,129.83,131.697,1.868,56.0,6.5,454.3,460.8,analysis/frames/16072/16072_beat_0041.png
16072.mp4,42,131.698,135.167,3.469,104.0,12.1,460.8,472.9,analysis/frames/16072/16072_beat_0042.png
16072.mp4,43,135.168,137.069,1.901,57.0,6.7,472.9,479.6,analysis/frames/16072/16072_beat_0043.png
16072.mp4,44,137.07,140.172,3.102,93.0,10.9,479.6,490.5,analysis/frames/16072/16072_beat_0044.png
16072.mp4,45,140.173,143.409,3.236,97.0,11.3,490.5,501.8,analysis/frames/16072/16072_beat_0045.png
16072.mp4,46,143.41,144.11,0.7,21.0,2.4,501.8,504.2,analysis/frames/16072/16072_beat_0046.png
16072.mp4,47,144.111,145.378,1.267,38.0,4.4,504.2,508.7,analysis/frames/16072/16072_beat_0047.png
16072.mp4,48,145.379,149.715,4.337,130.0,15.2,508.7,523.8,analysis/frames/16072/16072_beat_0048.png
16072.mp4,49,149.716,154.954,5.238,157.0,18.3,523.8,542.2,analysis/frames/16072/16072_beat_0049.png
16072.mp4,50,154.955,156.822,1.868,56.0,6.5,542.2,548.7,analysis/frames/16072/16072_beat_0050.png
16072.mp4,51,156.823,158.424,1.601,48.0,5.6,548.7,554.3,analysis/frames/16072/16072_beat_0051.png
16072.mp4,52,158.425,160.092,1.667,50.0,5.8,554.3,560.2,analysis/frames/16072/16072_beat_0052.png
16072.mp4,53,160.093,163.796,3.703,111.0,13.0,560.2,573.1,analysis/frames/16072/16072_beat_0053.png
16072.mp4,54,163.797,167.199,3.402,102.0,11.9,573.1,585.0,analysis/frames/16072/16072_beat_0054.png
16072.mp4,55,167.2,173.005,5.805,174.0,20.3,585.0,605.3,analysis/frames/16072/16072_beat_0055.png
16072.mp4,56,173.006,176.409,3.402,102.0,11.9,605.3,617.2,analysis/frames/16072/16072_beat_0056.png
16072.mp4,57,176.41,179.545,3.135,94.0,11.0,617.2,628.2,analysis/frames/16072/16072_beat_0057.png
16072.mp4,58,179.546,183.816,4.27,128.0,14.9,628.2,643.2,analysis/frames/16072/16072_beat_0058.png
16072.mp4,59,183.817,191.724,7.907,237.0,27.7,643.2,670.8,analysis/frames/16072/16072_beat_0059.png
16072.mp4,60,191.725,192.858,1.133,34.0,4.0,670.8,674.8,analysis/frames/16072/16072_beat_0060.png
16072.mp4,61,192.859,194.794,1.934,58.0,6.8,674.8,681.6,analysis/frames/16072/16072_beat_0061.png
16072.mp4,62,194.795,197.463,2.668,80.0,9.3,681.6,690.9,analysis/frames/16072/16072_beat_0062.png
16072.mp4,63,197.464,199.899,2.435,73.0,8.5,690.9,699.4,analysis/frames/16072/16072_beat_0063.png
16072.mp4,64,199.9,203.135,3.236,97.0,11.3,699.4,710.8,analysis/frames/16072/16072_beat_0064.png
16072.mp4,65,203.136,203.869,0.733,22.0,2.6,710.8,713.3,analysis/frames/16072/16072_beat_0065.png
16072.mp4,66,203.87,205.371,1.501,45.0,5.3,713.3,718.6,analysis/frames/16072/16072_beat_0066.png
16072.mp4,67,205.372,207.606,2.235,67.0,7.8,718.6,726.4,analysis/frames/16072/16072_beat_0067.png
16072.mp4,68,207.607,209.608,2.001,60.0,7.0,726.4,733.4,analysis/frames/16072/16072_beat_0068.png
16072.mp4,69,209.609,211.71,2.101,63.0,7.4,733.4,740.8,analysis/frames/16072/16072_beat_0069.png
16072.mp4,70,211.712,218.818,7.106,213.0,24.9,740.8,765.6,analysis/frames/16072/16072_beat_0070.png
16072.mp4,71,218.819,222.388,3.569,107.0,12.5,765.6,778.1,analysis/frames/16072/16072_beat_0071.png
16072.mp4,72,222.389,226.358,3.97,119.0,13.9,778.1,792.0,analysis/frames/16072/16072_beat_0072.png
16072.mp4,73,226.359,228.527,2.168,65.0,7.6,792.0,799.6,analysis/frames/16072/16072_beat_0073.png
16072.mp4,74,228.528,230.296,1.767,53.0,6.2,799.6,805.8,analysis/frames/16072/16072_beat_0074.png
16072.mp4,75,230.297,235.234,4.937,148.0,17.3,805.8,823.1,analysis/frames/16072/16072_beat_0075.png
16072.mp4,76,235.235,239.605,4.37,131.0,15.3,823.1,838.4,analysis/frames/16072/16072_beat_0076.png
16072.mp4,77,239.606,244.276,4.67,140.0,16.3,838.4,854.7,analysis/frames/16072/16072_beat_0077.png
16072.mp4,78,244.277,251.05,6.772,203.0,23.7,854.7,878.4,analysis/frames/16072/16072_beat_0078.png
16072.mp4,79,251.051,252.785,1.734,52.0,6.1,878.4,884.5,analysis/frames/16072/16072_beat_0079.png
16072.mp4,80,252.786,256.789,4.003,120.0,14.0,884.5,898.5,analysis/frames/16072/16072_beat_0080.png
16072.mp4,81,256.79,260.359,3.569,107.0,12.5,898.5,911.0,analysis/frames/16072/16072_beat_0081.png
16072.mp4,82,260.36,262.094,1.734,52.0,6.1,911.0,917.0,analysis/frames/16072/16072_beat_0082.png
16072.mp4,83,262.095,268.467,6.372,191.0,22.3,917.0,939.3,analysis/frames/16072/16072_beat_0083.png
16072.mp4,84,268.468,271.27,2.802,84.0,9.8,939.3,949.2,analysis/frames/16072/16072_beat_0084.png
16072.mp4,85,271.271,275.875,4.604,138.0,16.1,949.2,965.3,analysis/frames/16072/16072_beat_0085.png
16072.mp4,86,275.876,276.742,0.867,26.0,3.0,965.3,968.3,analysis/frames/16072/16072_beat_0086.png
16072.mp4,87,276.743,278.01,1.267,38.0,4.4,968.3,972.7,analysis/frames/16072/16072_beat_0087.png
16072.mp4,88,278.011,282.648,4.637,139.0,16.2,972.7,989.0,analysis/frames/16072/16072_beat_0088.png
16072.mp4,89,282.649,287.253,4.604,138.0,16.1,989.0,1005.1,analysis/frames/16072/16072_beat_0089.png
16072.mp4,90,287.254,290.99,3.736,112.0,13.1,1005.1,1018.2,analysis/frames/16072/16072_beat_0090.png
16072.mp4,91,290.991,295.861,4.871,146.0,17.0,1018.2,1035.2,analysis/frames/16072/16072_beat_0091.png
16072.mp4,92,295.862,303.102,7.24,217.0,25.3,1035.2,1060.5,analysis/frames/16072/16072_beat_0092.png
16072.mp4,93,303.103,306.038,2.935,88.0,10.3,1060.5,1070.8,analysis/frames/16072/16072_beat_0093.png
16072.mp4,94,306.039,313.078,7.039,211.0,24.6,1070.8,1095.5,analysis/frames/16072/16072_beat_0094.png
16072.mp4,95,313.079,317.616,4.537,136.0,15.9,1095.5,1111.3,analysis/frames/16072/16072_beat_0095.png
16072.mp4,96,317.617,323.189,5.571,167.0,19.5,1111.3,1130.8,analysis/frames/16072/16072_beat_0096.png
16072.mp4,97,323.19,324.223,1.033,31.0,3.6,1130.8,1134.4,analysis/frames/16072/16072_beat_0097.png
16072.mp4,98,324.224,329.628,5.404,162.0,18.9,1134.4,1153.4,analysis/frames/16072/16072_beat_0098.png
16072.mp4,99,329.629,334.533,4.904,147.0,17.2,1153.4,1170.5,analysis/frames/16072/16072_beat_0099.png
16072.mp4,100,334.534,339.572,5.037,151.0,17.6,1170.5,1188.2,analysis/frames/16072/16072_beat_0100.png
16072.mp4,101,339.573,342.908,3.336,100.0,11.7,1188.2,1199.8,analysis/frames/16072/16072_beat_0101.png
16072.mp4,102,342.909,347.847,4.937,148.0,17.3,1199.8,1217.1,analysis/frames/16072/16072_beat_0102.png
16072.mp4,103,347.848,348.647,0.8,24.0,2.8,1217.1,1219.9,analysis/frames/16072/16072_beat_0103.png
16072.mp4,104,348.648,349.949,1.3,39.0,4.5,1219.9,1224.5,analysis/frames/16072/16072_beat_0104.png
16072.mp4,105,349.95,352.651,2.702,81.0,9.5,1224.5,1233.9,analysis/frames/16072/16072_beat_0105.png
16072.mp4,106,352.652,356.722,4.07,122.0,14.2,1233.9,1248.2,analysis/frames/16072/16072_beat_0106.png
16072.mp4,107,356.723,358.257,1.534,46.0,5.4,1248.2,1253.5,analysis/frames/16072/16072_beat_0107.png
16072.mp4,108,358.258,361.193,2.935,88.0,10.3,1253.5,1263.8,analysis/frames/16072/16072_beat_0108.png
16072.mp4,109,361.194,363.095,1.901,57.0,6.7,1263.8,1270.5,analysis/frames/16072/16072_beat_0109.png
16072.mp4,110,363.096,368.167,5.071,152.0,17.7,1270.5,1288.2,analysis/frames/16072/16072_beat_0110.png
16072.mp4,111,368.168,375.641,7.473,224.0,26.2,1288.2,1314.4,analysis/frames/16072/16072_beat_0111.png
16072.mp4,112,375.642,379.678,4.036,121.0,14.1,1314.4,1328.5,analysis/frames/16072/16072_beat_0112.png
16072.mp4,113,379.679,384.617,4.937,148.0,17.3,1328.5,1345.8,analysis/frames/16072/16072_beat_0113.png
16072.mp4,114,384.618,385.651,1.033,31.0,3.6,1345.8,1349.4,analysis/frames/16072/16072_beat_0114.png
16072.mp4,115,385.652,389.788,4.136,124.0,14.5,1349.4,1363.9,analysis/frames/16072/16072_beat_0115.png
16072.mp4,116,389.789,392.157,2.368,71.0,8.3,1363.9,1372.1,analysis/frames/16072/16072_beat_0116.png
16072.mp4,117,392.158,396.462,4.303,129.0,15.1,1372.1,1387.2,analysis/frames/16072/16072_beat_0117.png
16072.mp4,118,396.463,400.933,4.47,134.0,15.6,1387.2,1402.9,analysis/frames/16072/16072_beat_0118.png
16072.mp4,119,400.934,407.172,6.239,187.0,21.8,1402.9,1424.7,analysis/frames/16072/16072_beat_0119.png
16072.mp4,120,407.173,409.508,2.335,70.0,8.2,1424.7,1432.9,analysis/frames/16072/16072_beat_0120.png
16072.mp4,121,409.509,414.346,4.837,145.0,16.9,1432.9,1449.8,analysis/frames/16072/16072_beat_0121.png
16072.mp4,122,414.347,416.315,1.968,59.0,6.9,1449.8,1456.7,analysis/frames/16072/16072_beat_0122.png
16072.mp4,123,416.316,421.353,5.037,151.0,17.6,1456.7,1474.3,analysis/frames/16072/16072_beat_0123.png
16072.mp4,124,421.354,422.087,0.733,22.0,2.6,1474.3,1476.9,analysis/frames/16072/16072_beat_0124.png
16072.mp4,125,422.088,423.622,1.534,46.0,5.4,1476.9,1482.2,analysis/frames/16072/16072_beat_0125.png
16072.mp4,126,423.623,428.894,5.271,158.0,18.4,1482.2,1500.7,analysis/frames/16072/16072_beat_0126.png
16072.mp4,127,428.895,432.431,3.536,106.0,12.4,1500.7,1513.1,analysis/frames/16072/16072_beat_0127.png
16072.mp4,128,432.432,435.167,2.735,82.0,9.6,1513.1,1522.6,analysis/frames/16072/16072_beat_0128.png
16072.mp4,129,435.168,438.938,3.769,113.0,13.2,1522.6,1535.8,analysis/frames/16072/16072_beat_0129.png
16072.mp4,130,438.938,444.076,5.137,154.0,18.0,1535.8,1553.8,analysis/frames/16072/16072_beat_0130.png
16072.mp4,131,444.077,445.744,1.667,50.0,5.8,1553.8,1559.6,analysis/frames/16072/16072_beat_0131.png
16072.mp4,132,445.745,446.946,1.2,36.0,4.2,1559.6,1563.8,analysis/frames/16072/16072_beat_0132.png
16072.mp4,133,446.947,448.981,2.034,61.0,7.1,1563.8,1571.0,analysis/frames/16072/16072_beat_0133.png
16072.mp4,134,448.982,452.117,3.135,94.0,11.0,1571.0,1581.9,analysis/frames/16072/16072_beat_0134.png
16072.mp4,135,452.118,456.221,4.103,123.0,14.4,1581.9,1596.3,analysis/frames/16072/16072_beat_0135.png
16072.mp4,136,456.222,458.958,2.735,82.0,9.6,1596.3,1605.9,analysis/frames/16072/16072_beat_0136.png
16072.mp4,137,458.959,461.66,2.702,81.0,9.5,1605.9,1615.3,analysis/frames/16072/16072_beat_0137.png
16072.mp4,138,461.661,464.763,3.102,93.0,10.9,1615.3,1626.2,analysis/frames/16072/16072_beat_0138.png
16072.mp4,139,464.764,469.401,4.637,139.0,16.2,1626.2,1642.4,analysis/frames/16072/16072_beat_0139.png
16072.mp4,140,469.402,470.97,1.567,47.0,5.5,1642.4,1647.9,analysis/frames/16072/16072_beat_0140.png
16072.mp4,141,470.971,473.939,2.969,89.0,10.4,1647.9,1658.3,analysis/frames/16072/16072_beat_0141.png
16072.mp4,142,473.94,476.875,2.935,88.0,10.3,1658.3,1668.6,analysis/frames/16072/16072_beat_0142.png
16072.mp4,143,476.876,478.51,1.634,49.0,5.7,1668.6,1674.3,analysis/frames/16072/16072_beat_0143.png
16072.mp4,144,478.511,483.282,4.77,143.0,16.7,1674.3,1691.0,analysis/frames/16072/16072_beat_0144.png
16072.mp4,145,483.283,484.049,0.766,23.0,2.7,1691.0,1693.7,analysis/frames/16072/16072_beat_0145.png
16072.mp4,146,484.05,485.351,1.3,39.0,4.5,1693.7,1698.2,analysis/frames/16072/16072_beat_0146.png
16072.mp4,147,485.352,487.953,2.602,78.0,9.1,1698.2,1707.3,analysis/frames/16072/16072_beat_0147.png
16072.mp4,148,487.954,490.489,2.535,76.0,8.9,1707.3,1716.2,analysis/frames/16072/16072_beat_0148.png
16072.mp4,149,490.49,492.424,1.934,58.0,6.8,1716.2,1723.0,analysis/frames/16072/16072_beat_0149.png
16072.mp4,150,492.425,496.428,4.003,120.0,14.0,1723.0,1737.0,analysis/frames/16072/16072_beat_0150.png
16072.mp4,151,496.429,499.898,3.469,104.0,12.1,1737.0,1749.1,analysis/frames/16072/16072_beat_0151.png
16072.mp4,152,499.899,505.804,5.905,177.0,20.7,1749.1,1769.8,analysis/frames/16072/16072_beat_0152.png
16072.mp4,153,505.805,510.542,4.737,142.0,16.6,1769.8,1786.4,analysis/frames/16072/16072_beat_0153.png
16072.mp4,154,510.543,513.412,2.869,86.0,10.0,1786.4,1796.4,analysis/frames/16072/16072_beat_0154.png
16072.mp4,155,513.413,515.347,1.934,58.0,6.8,1796.4,1803.2,analysis/frames/16072/16072_beat_0155.png
16072.mp4,156,515.348,518.083,2.735,82.0,9.6,1803.2,1812.7,analysis/frames/16072/16072_beat_0156.png
16072.mp4,157,518.084,522.02,3.936,118.0,13.8,1812.7,1826.5,analysis/frames/16072/16072_beat_0157.png
16072.mp4,158,522.021,523.689,1.667,50.0,5.8,1826.5,1832.3,analysis/frames/16072/16072_beat_0158.png
16072.mp4,159,523.69,528.327,4.637,139.0,16.2,1832.3,1848.6,analysis/frames/16072/16072_beat_0159.png
16072.mp4,160,528.328,534.767,6.439,193.0,22.5,1848.6,1871.1,analysis/frames/16072/16072_beat_0160.png
16072.mp4,161,534.768,537.269,2.502,75.0,8.8,1871.1,1879.9,analysis/frames/16072/16072_beat_0161.png
16072.mp4,162,537.27,538.404,1.133,34.0,4.0,1879.9,1883.8,analysis/frames/16072/16072_beat_0162.png
16072.mp4,163,538.405,540.672,2.268,68.0,7.9,1883.8,1891.8,analysis/frames/16072/16072_beat_0163.png
16072.mp4,164,540.673,542.708,2.034,61.0,7.1,1891.8,1898.9,analysis/frames/16072/16072_beat_0164.png
16072.mp4,165,542.709,545.411,2.702,81.0,9.5,1898.9,1908.4,analysis/frames/16072/16072_beat_0165.png
16072.mp4,166,545.412,548.113,2.702,81.0,9.5,1908.4,1917.8,analysis/frames/16072/16072_beat_0166.png
16072.mp4,167,548.114,552.351,4.237,127.0,14.8,1917.8,1932.6,analysis/frames/16072/16072_beat_0167.png
16072.mp4,168,552.352,553.152,0.8,24.0,2.8,1932.6,1935.4,analysis/frames/16072/16072_beat_0168.png
16072.mp4,169,553.153,554.686,1.534,46.0,5.4,1935.4,1940.8,analysis/frames/16072/16072_beat_0169.png
16072.mp4,170,554.687,558.724,4.036,121.0,14.1,1940.8,1954.9,analysis/frames/16072/16072_beat_0170.png
16072.mp4,171,558.725,561.693,2.969,89.0,10.4,1954.9,1965.3,analysis/frames/16072/16072_beat_0171.png
16072.mp4,172,561.694,564.93,3.236,97.0,11.3,1965.3,1976.6,analysis/frames/16072/16072_beat_0172.png
16072.mp4,173,564.931,569.601,4.67,140.0,16.3,1976.6,1993.0,analysis/frames/16072/16072_beat_0173.png
16072.mp4,174,569.602,571.904,2.301,69.0,8.1,1993.0,2001.0,analysis/frames/16072/16072_beat_0174.png
16072.mp4,175,571.905,573.305,1.4,42.0,4.9,2001.0,2005.9,analysis/frames/16072/16072_beat_0175.png
16072.mp4,176,573.306,575.941,2.635,79.0,9.2,2005.9,2015.2,analysis/frames/16072/16072_beat_0176.png
16072.mp4,177,575.942,580.779,4.837,145.0,16.9,2015.2,2032.1,analysis/frames/16072/16072_beat_0177.png
16072.mp4,178,580.78,585.284,4.504,135.0,15.8,2032.1,2047.9,analysis/frames/16072/16072_beat_0178.png
16072.mp4,179,585.285,592.424,7.139,214.0,25.0,2047.9,2072.9,analysis/frames/16072/16072_beat_0179.png
16072.mp4,180,592.425,597.096,4.67,140.0,16.3,2072.9,2089.2,analysis/frames/16072/16072_beat_0180.png
16072.mp4,181,597.096,602.267,5.171,155.0,18.1,2089.2,2107.3,analysis/frames/16072/16072_beat_0181.png
16072.mp4,182,602.268,607.506,5.238,157.0,18.3,2107.3,2125.6,analysis/frames/16072/16072_beat_0182.png
16072.mp4,183,607.507,609.608,2.101,63.0,7.4,2125.6,2133.0,analysis/frames/16072/16072_beat_0183.png
16072.mp4,184,609.609,614.113,4.504,135.0,15.8,2133.0,2148.7,analysis/frames/16072/16072_beat_0184.png
16072.mp4,185,614.114,617.282,3.169,95.0,11.1,2148.7,2159.8,analysis/frames/16072/16072_beat_0185.png
16072.mp4,186,617.283,618.684,1.4,42.0,4.9,2159.8,2164.7,analysis/frames/16072/16072_beat_0186.png
16072.mp4,187,618.685,619.418,0.733,22.0,2.6,2164.7,2167.3,analysis/frames/16072/16072_beat_0187.png
16072.mp4,188,619.419,621.153,1.734,52.0,6.1,2167.3,2173.4,analysis/frames/16072/16072_beat_0188.png
16072.mp4,189,621.154,624.857,3.703,111.0,13.0,2173.4,2186.3,analysis/frames/16072/16072_beat_0189.png
16072.mp4,190,624.858,626.992,2.134,64.0,7.5,2186.3,2193.8,analysis/frames/16072/16072_beat_0190.png
16072.mp4,191,626.993,631.13,4.136,124.0,14.5,2193.8,2208.3,analysis/frames/16072/16072_beat_0191.png
16072.mp4,192,631.13,634.766,3.636,109.0,12.7,2208.3,2221.0,analysis/frames/16072/16072_beat_0192.png
16072.mp4,193,634.767,636.969,2.201,66.0,7.7,2221.0,2228.7,analysis/frames/16072/16072_beat_0193.png
16072.mp4,194,636.97,639.605,2.635,79.0,9.2,2228.7,2237.9,analysis/frames/16072/16072_beat_0194.png
16072.mp4,195,639.606,642.14,2.535,76.0,8.9,2237.9,2246.8,analysis/frames/16072/16072_beat_0195.png
16072.mp4,196,642.141,646.378,4.237,127.0,14.8,2246.8,2261.6,analysis/frames/16072/16072_beat_0196.png
16072.mp4,197,646.379,651.583,5.204,156.0,18.2,2261.6,2279.8,analysis/frames/16072/16072_beat_0197.png
16072.mp4,198,651.584,653.352,1.767,53.0,6.2,2279.8,2286.0,analysis/frames/16072/16072_beat_0198.png
16072.mp4,199,653.353,655.621,2.268,68.0,7.9,2286.0,2294.0,analysis/frames/16072/16072_beat_0199.png
16072.mp4,200,655.622,657.956,2.335,70.0,8.2,2294.0,2302.1,analysis/frames/16072/16072_beat_0200.png
16072.mp4,201,657.957,660.692,2.735,82.0,9.6,2302.1,2311.7,analysis/frames/16072/16072_beat_0201.png
16072.mp4,202,660.693,662.794,2.101,63.0,7.4,2311.7,2319.1,analysis/frames/16072/16072_beat_0202.png
16072.mp4,203,662.795,665.898,3.102,93.0,10.9,2319.1,2329.9,analysis/frames/16072/16072_beat_0203.png
16072.mp4,204,665.899,670.235,4.337,130.0,15.2,2329.9,2345.1,analysis/frames/16072/16072_beat_0204.png
16072.mp4,205,670.236,673.005,2.768,83.0,9.7,2345.1,2354.8,analysis/frames/16072/16072_beat_0205.png
16072.mp4,206,673.006,675.44,2.435,73.0,8.5,2354.8,2363.3,analysis/frames/16072/16072_beat_0206.png
16072.mp4,207,675.441,678.31,2.869,86.0,10.0,2363.3,2373.4,analysis/frames/16072/16072_beat_0207.png
16072.mp4,208,678.311,681.046,2.735,82.0,9.6,2373.4,2382.9,analysis/frames/16072/16072_beat_0208.png
16072.mp4,209,681.047,683.415,2.368,71.0,8.3,2382.9,2391.2,analysis/frames/16072/16072_beat_0209.png
16072.mp4,210,683.416,688.02,4.604,138.0,16.1,2391.2,2407.3,analysis/frames/16072/16072_beat_0210.png
16072.mp4,211,688.021,690.122,2.101,63.0,7.4,2407.3,2414.7,analysis/frames/16072/16072_beat_0211.png
16072.mp4,212,690.123,692.457,2.335,70.0,8.2,2414.7,2422.9,analysis/frames/16072/16072_beat_0212.png
16072.mp4,213,692.458,699.298,6.839,205.0,23.9,2422.9,2446.8,analysis/frames/16072/16072_beat_0213.png
16072.mp4,214,699.299,703.735,4.437,133.0,15.5,2446.8,2462.3,analysis/frames/16072/16072_beat_0214.png
16072.mp4,215,703.736,705.671,1.934,58.0,6.8,2462.3,2469.1,analysis/frames/16072/16072_beat_0215.png
16072.mp4,216,705.672,709.174,3.502,105.0,12.3,2469.1,2481.3,analysis/frames/16072/16072_beat_0216.png
16072.mp4,217,709.175,712.144,2.969,89.0,10.4,2481.3,2491.7,analysis/frames/16072/16072_beat_0217.png
16072.mp4,218,712.145,714.613,2.468,74.0,8.6,2491.7,2500.4,analysis/frames/16072/16072_beat_0218.png
16072.mp4,219,714.614,724.67,10.056,301.4,35.2,2500.4,2535.6,analysis/frames/16072/16072_beat_0219.png
16076.mp4,0,0.0,1.901,1.901,57.0,6.7,0.0,6.7,analysis/frames/16076/16076_beat_0000.png
16076.mp4,1,1.902,3.803,1.901,57.0,6.7,6.7,13.3,analysis/frames/16076/16076_beat_0001.png
16076.mp4,2,3.804,6.672,2.869,86.0,10.0,13.3,23.3,analysis/frames/16076/16076_beat_0002.png
16076.mp4,3,6.673,9.075,2.401,72.0,8.4,23.3,31.8,analysis/frames/16076/16076_beat_0003.png
16076.mp4,4,9.076,12.178,3.102,93.0,10.9,31.8,42.6,analysis/frames/16076/16076_beat_0004.png
16076.mp4,5,12.179,15.848,3.669,110.0,12.8,42.6,55.5,analysis/frames/16076/16076_beat_0005.png
16076.mp4,6,15.849,20.219,4.37,131.0,15.3,55.5,70.7,analysis/frames/16076/16076_beat_0006.png
16076.mp4,7,20.22,22.255,2.034,61.0,7.1,70.7,77.9,analysis/frames/16076/16076_beat_0007.png
16076.mp4,8,22.256,29.128,6.873,206.0,24.1,77.9,101.9,analysis/frames/16076/16076_beat_0008.png
16076.mp4,9,29.129,32.164,3.035,91.0,10.6,101.9,112.5,analysis/frames/16076/16076_beat_0009.png
16076.mp4,10,32.165,34.534,2.368,71.0,8.3,112.5,120.8,analysis/frames/16076/16076_beat_0010.png
16076.mp4,11,34.535,37.136,2.602,78.0,9.1,120.8,129.9,analysis/frames/16076/16076_beat_0011.png
16076.mp4,12,37.137,40.806,3.669,110.0,12.8,129.9,142.8,analysis/frames/16076/16076_beat_0012.png
16076.mp4,13,40.807,43.276,2.468,74.0,8.6,142.8,151.4,analysis/frames/16076/16076_beat_0013.png
16076.mp4,14,43.277,47.013,3.736,112.0,13.1,151.4,164.5,analysis/frames/16076/16076_beat_0014.png
16076.mp4,15,47.014,49.015,2.001,60.0,7.0,164.5,171.5,analysis/frames/16076/16076_beat_0015.png
16076.mp4,16,49.016,52.485,3.469,104.0,12.1,171.5,183.6,analysis/frames/16076/16076_beat_0016.png
16076.mp4,17,52.486,53.252,0.766,23.0,2.7,183.6,186.3,analysis/frames/16076/16076_beat_0017.png
16076.mp4,18,53.253,56.088,2.835,85.0,9.9,186.3,196.2,analysis/frames/16076/16076_beat_0018.png
16076.mp4,19,56.089,58.324,2.235,67.0,7.8,196.2,204.1,analysis/frames/16076/16076_beat_0019.png
16076.mp4,20,58.325,61.227,2.902,87.0,10.2,204.1,214.2,analysis/frames/16076/16076_beat_0020.png
16076.mp4,21,61.228,62.962,1.734,52.0,6.1,214.2,220.3,analysis/frames/16076/16076_beat_0021.png
16076.mp4,22,62.963,66.732,3.769,113.0,13.2,220.3,233.5,analysis/frames/16076/16076_beat_0022.png
16076.mp4,23,66.733,68.634,1.901,57.0,6.7,233.5,240.1,analysis/frames/16076/16076_beat_0023.png
16076.mp4,24,68.635,70.636,2.001,60.0,7.0,240.1,247.1,analysis/frames/16076/16076_beat_0024.png
16076.mp4,25,70.637,72.238,1.601,48.0,5.6,247.1,252.7,analysis/frames/16076/16076_beat_0025.png
16076.mp4,26,72.239,73.639,1.4,42.0,4.9,252.7,257.6,analysis/frames/16076/16076_beat_0026.png
16076.mp4,27,73.64,76.709,3.069,92.0,10.7,257.6,268.4,analysis/frames/16076/16076_beat_0027.png
16076.mp4,28,76.71,79.946,3.236,97.0,11.3,268.4,279.7,analysis/frames/16076/16076_beat_0028.png
16076.mp4,29,79.947,83.916,3.97,119.0,13.9,279.7,293.6,analysis/frames/16076/16076_beat_0029.png
16076.mp4,30,83.917,86.886,2.969,89.0,10.4,293.6,304.0,analysis/frames/16076/16076_beat_0030.png
16076.mp4,31,86.887,88.287,1.4,42.0,4.9,304.0,308.9,analysis/frames/16076/16076_beat_0031.png
16076.mp4,32,88.288,90.523,2.235,67.0,7.8,308.9,316.7,analysis/frames/16076/16076_beat_0032.png
16076.mp4,33,90.524,95.861,5.338,160.0,18.7,316.7,335.4,analysis/frames/16076/16076_beat_0033.png
16076.mp4,34,95.862,98.597,2.735,82.0,9.6,335.4,345.0,analysis/frames/16076/16076_beat_0034.png
16076.mp4,35,98.599,100.533,1.934,58.0,6.8,345.0,351.7,analysis/frames/16076/16076_beat_0035.png
16076.mp4,36,100.534,102.435,1.901,57.0,6.7,351.7,358.4,analysis/frames/16076/16076_beat_0036.png
16076.mp4,37,102.436,106.105,3.669,110.0,12.8,358.4,371.2,analysis/frames/16076/16076_beat_0037.png
16076.mp4,38,106.106,108.341,2.235,67.0,7.8,371.2,379.1,analysis/frames/16076/16076_beat_0038.png
16076.mp4,39,108.342,109.141,0.8,24.0,2.8,379.1,381.9,analysis/frames/16076/16076_beat_0039.png
16076.mp4,40,109.142,111.077,1.934,58.0,6.8,381.9,388.6,analysis/frames/16076/16076_beat_0040.png
16076.mp4,41,111.078,113.646,2.568,77.0,9.0,388.6,397.6,analysis/frames/16076/16076_beat_0041.png
16076.mp4,42,113.647,115.648,2.001,60.0,7.0,397.6,404.6,analysis/frames/16076/16076_beat_0042.png
16076.mp4,43,115.649,117.75,2.101,63.0,7.4,404.6,412.0,analysis/frames/16076/16076_beat_0043.png
16076.mp4,44,117.751,118.651,0.9,27.0,3.1,412.0,415.1,analysis/frames/16076/16076_beat_0044.png
16076.mp4,45,118.652,123.456,4.804,144.0,16.8,415.1,431.9,analysis/frames/16076/16076_beat_0045.png
16076.mp4,46,123.457,128.861,5.404,162.0,18.9,431.9,450.9,analysis/frames/16076/16076_beat_0046.png
16076.mp4,47,128.862,132.031,3.169,95.0,11.1,450.9,461.9,analysis/frames/16076/16076_beat_0047.png
16076.mp4,48,132.032,133.499,1.467,44.0,5.1,461.9,467.1,analysis/frames/16076/16076_beat_0048.png
16076.mp4,49,133.5,136.402,2.902,87.0,10.2,467.1,477.2,analysis/frames/16076/16076_beat_0049.png
16076.mp4,50,136.403,138.371,1.968,59.0,6.9,477.2,484.1,analysis/frames/16076/16076_beat_0050.png
16076.mp4,51,138.372,141.04,2.668,80.0,9.3,484.1,493.5,analysis/frames/16076/16076_beat_0051.png
16076.mp4,52,141.041,144.477,3.436,103.0,12.0,493.5,505.5,analysis/frames/16076/16076_beat_0052.png
16076.mp4,53,144.478,146.645,2.168,65.0,7.6,505.5,513.1,analysis/frames/16076/16076_beat_0053.png
16076.mp4,54,146.647,148.18,1.534,46.0,5.4,513.1,518.4,analysis/frames/16076/16076_beat_0054.png
16076.mp4,55,148.181,150.983,2.802,84.0,9.8,518.4,528.3,analysis/frames/16076/16076_beat_0055.png
16076.mp4,56,150.984,152.585,1.601,48.0,5.6,528.3,533.9,analysis/frames/16076/16076_beat_0056.png
16076.mp4,57,152.586,155.421,2.835,85.0,9.9,533.9,543.8,analysis/frames/16076/16076_beat_0057.png
16076.mp4,58,155.422,156.622,1.2,36.0,4.2,543.8,548.0,analysis/frames/16076/16076_beat_0058.png
16076.mp4,59,156.623,159.458,2.835,85.0,9.9,548.0,557.9,analysis/frames/16076/16076_beat_0059.png
16076.mp4,60,159.459,160.192,0.733,22.0,2.6,557.9,560.5,analysis/frames/16076/16076_beat_0060.png
16076.mp4,61,160.193,162.094,1.901,57.0,6.7,560.5,567.1,analysis/frames/16076/16076_beat_0061.png
16076.mp4,62,162.095,167.033,4.937,148.0,17.3,567.1,584.4,analysis/frames/16076/16076_beat_0062.png
16076.mp4,63,167.034,170.87,3.836,115.0,13.4,584.4,597.8,analysis/frames/16076/16076_beat_0063.png
16076.mp4,64,170.871,171.937,1.067,32.0,3.7,597.8,601.6,analysis/frames/16076/16076_beat_0064.png
16076.mp4,65,171.938,175.174,3.236,97.0,11.3,601.6,612.9,analysis/frames/16076/16076_beat_0065.png
16076.mp4,66,175.175,177.41,2.235,67.0,7.8,612.9,620.7,analysis/frames/16076/16076_beat_0066.png
16076.mp4,67,177.411,180.479,3.069,92.0,10.7,620.7,631.4,analysis/frames/16076/16076_beat_0067.png
16076.mp4,68,180.48,183.616,3.135,94.0,11.0,631.4,642.4,analysis/frames/16076/16076_beat_0068.png
16076.mp4,69,183.617,187.253,3.636,109.0,12.7,642.4,655.1,analysis/frames/16076/16076_beat_0069.png
16076.mp4,70,187.254,189.922,2.668,80.0,9.3,655.1,664.5,analysis/frames/16076/16076_beat_0070.png
16076.mp4,71,189.923,193.125,3.202,96.0,11.2,664.5,675.7,analysis/frames/16076/16076_beat_0071.png
16076.mp4,72,193.126,195.361,2.235,67.0,7.8,675.7,683.5,analysis/frames/16076/16076_beat_0072.png
16076.mp4,73,195.362,197.997,2.635,79.0,9.2,683.5,692.7,analysis/frames/16076/16076_beat_0073.png
16076.mp4,74,197.998,200.433,2.435,73.0,8.5,692.7,701.3,analysis/frames/16076/16076_beat_0074.png
16076.mp4,75,200.434,202.368,1.934,58.0,6.8,701.3,708.0,analysis/frames/16076/16076_beat_0075.png
16076.mp4,76,202.369,203.235,0.867,26.0,3.0,708.0,711.1,analysis/frames/16076/16076_beat_0076.png
16076.mp4,77,203.236,204.67,1.434,43.0,5.0,711.1,716.1,analysis/frames/16076/16076_beat_0077.png
16076.mp4,78,204.671,208.374,3.703,111.0,13.0,716.1,729.0,analysis/frames/16076/16076_beat_0078.png
16076.mp4,79,208.375,209.275,0.9,27.0,3.1,729.0,732.2,analysis/frames/16076/16076_beat_0079.png
16076.mp4,80,209.276,210.743,1.467,44.0,5.1,732.2,737.3,analysis/frames/16076/16076_beat_0080.png
16076.mp4,81,210.744,216.982,6.239,187.0,21.8,737.3,759.2,analysis/frames/16076/16076_beat_0081.png
16076.mp4,82,216.983,218.117,1.133,34.0,4.0,759.2,763.1,analysis/frames/16076/16076_beat_0082.png
16076.mp4,83,218.118,222.488,4.37,131.0,15.3,763.1,778.4,analysis/frames/16076/16076_beat_0083.png
16076.mp4,84,222.489,227.393,4.904,147.0,17.2,778.4,795.6,analysis/frames/16076/16076_beat_0084.png
16076.mp4,85,227.394,230.696,3.302,99.0,11.6,795.6,807.1,analysis/frames/16076/16076_beat_0085.png
16076.mp4,86,230.697,236.235,5.538,166.0,19.4,807.1,826.5,analysis/frames/16076/16076_beat_0086.png
16076.mp4,87,236.236,239.972,3.736,112.0,13.1,826.5,839.6,analysis/frames/16076/16076_beat_0087.png
16076.mp4,88,239.973,244.343,4.37,131.0,15.3,839.6,854.9,analysis/frames/16076/16076_beat_0088.png
16076.mp4,89,244.344,246.245,1.901,57.0,6.7,854.9,861.6,analysis/frames/16076/16076_beat_0089.png
16076.mp4,90,246.246,249.281,3.035,91.0,10.6,861.6,872.2,analysis/frames/16076/16076_beat_0090.png
16076.mp4,91,249.282,250.95,1.667,50.0,5.8,872.2,878.0,analysis/frames/16076/16076_beat_0091.png
16076.mp4,92,250.951,254.62,3.669,110.0,12.8,878.0,890.9,analysis/frames/16076/16076_beat_0092.png
16076.mp4,93,254.621,258.624,4.003,120.0,14.0,890.9,904.9,analysis/frames/16076/16076_beat_0093.png
16076.mp4,94,258.625,260.626,2.001,60.0,7.0,904.9,911.9,analysis/frames/16076/16076_beat_0094.png
16076.mp4,95,260.627,262.828,2.201,66.0,7.7,911.9,919.6,analysis/frames/16076/16076_beat_0095.png
16076.mp4,96,262.829,264.263,1.434,43.0,5.0,919.6,924.6,analysis/frames/16076/16076_beat_0096.png
16076.mp4,97,264.264,265.03,0.766,23.0,2.7,924.6,927.3,analysis/frames/16076/16076_beat_0097.png
16076.mp4,98,265.031,267.533,2.502,75.0,8.8,927.3,936.0,analysis/frames/16076/16076_beat_0098.png
16076.mp4,99,267.534,271.103,3.569,107.0,12.5,936.0,948.5,analysis/frames/16076/16076_beat_0099.png
16076.mp4,100,271.104,273.672,2.568,77.0,9.0,948.5,957.5,analysis/frames/16076/16076_beat_0100.png
16076.mp4,101,273.673,276.208,2.535,76.0,8.9,957.5,966.4,analysis/frames/16076/16076_beat_0101.png
16076.mp4,102,276.209,278.844,2.635,79.0,9.2,966.4,975.6,analysis/frames/16076/16076_beat_0102.png
16076.mp4,103,278.845,284.416,5.571,167.0,19.5,975.6,995.1,analysis/frames/16076/16076_beat_0103.png
16076.mp4,104,284.417,286.986,2.568,77.0,9.0,995.1,1004.1,analysis/frames/16076/16076_beat_0104.png
16076.mp4,105,286.987,290.322,3.336,100.0,11.7,1004.1,1015.8,analysis/frames/16076/16076_beat_0105.png
16076.mp4,106,290.323,292.892,2.568,77.0,9.0,1015.8,1024.8,analysis/frames/16076/16076_beat_0106.png
16076.mp4,107,292.893,297.997,5.104,153.0,17.9,1024.8,1042.6,analysis/frames/16076/16076_beat_0107.png
16076.mp4,108,297.998,302.735,4.737,142.0,16.6,1042.6,1059.2,analysis/frames/16076/16076_beat_0108.png
16076.mp4,109,302.736,309.074,6.339,190.0,22.2,1059.2,1081.4,analysis/frames/16076/16076_beat_0109.png
16076.mp4,110,309.075,313.913,4.837,145.0,16.9,1081.4,1098.3,analysis/frames/16076/16076_beat_0110.png
16076.mp4,111,313.914,316.549,2.635,79.0,9.2,1098.3,1107.5,analysis/frames/16076/16076_beat_0111.png
16076.mp4,112,316.55,317.316,0.766,23.0,2.7,1107.5,1110.2,analysis/frames/16076/16076_beat_0112.png
16076.mp4,113,317.317,318.951,1.634,49.0,5.7,1110.2,1115.9,analysis/frames/16076/16076_beat_0113.png
16076.mp4,114,318.952,321.086,2.134,64.0,7.5,1115.9,1123.4,analysis/frames/16076/16076_beat_0114.png
16076.mp4,115,321.087,324.39,3.302,99.0,11.6,1123.4,1135.0,analysis/frames/16076/16076_beat_0115.png
16076.mp4,116,324.391,329.495,5.104,153.0,17.9,1135.0,1152.8,analysis/frames/16076/16076_beat_0116.png
16076.mp4,117,329.496,332.464,2.969,89.0,10.4,1152.8,1163.2,analysis/frames/16076/16076_beat_0117.png
16076.mp4,118,332.465,337.603,5.137,154.0,18.0,1163.2,1181.2,analysis/frames/16076/16076_beat_0118.png
16076.mp4,119,337.604,338.904,1.3,39.0,4.5,1181.2,1185.7,analysis/frames/16076/16076_beat_0119.png
16076.mp4,120,338.905,340.072,1.167,35.0,4.1,1185.7,1189.8,analysis/frames/16076/16076_beat_0120.png
16076.mp4,121,340.073,342.575,2.502,75.0,8.8,1189.8,1198.6,analysis/frames/16076/16076_beat_0121.png
16076.mp4,122,342.576,346.412,3.836,115.0,13.4,1198.6,1212.0,analysis/frames/16076/16076_beat_0122.png
16076.mp4,123,346.413,349.381,2.969,89.0,10.4,1212.0,1222.4,analysis/frames/16076/16076_beat_0123.png
16076.mp4,124,349.382,353.319,3.936,118.0,13.8,1222.4,1236.2,analysis/frames/16076/16076_beat_0124.png
16076.mp4,125,353.32,355.321,2.001,60.0,7.0,1236.2,1243.2,analysis/frames/16076/16076_beat_0125.png
16076.mp4,126,355.322,358.991,3.669,110.0,12.8,1243.2,1256.0,analysis/frames/16076/16076_beat_0126.png
16076.mp4,127,358.992,361.56,2.568,77.0,9.0,1256.0,1265.0,analysis/frames/16076/16076_beat_0127.png
16076.mp4,128,361.561,363.529,1.968,59.0,6.9,1265.0,1271.9,analysis/frames/16076/16076_beat_0128.png
16076.mp4,129,363.53,366.565,3.035,91.0,10.6,1271.9,1282.5,analysis/frames/16076/16076_beat_0129.png
16076.mp4,130,366.566,369.034,2.468,74.0,8.6,1282.5,1291.2,analysis/frames/16076/16076_beat_0130.png
16076.mp4,131,369.035,372.271,3.236,97.0,11.3,1291.2,1302.5,analysis/frames/16076/16076_beat_0131.png
16076.mp4,132,372.272,373.005,0.733,22.0,2.6,1302.5,1305.1,analysis/frames/16076/16076_beat_0132.png
16076.mp4,133,373.006,374.039,1.033,31.0,3.6,1305.1,1308.7,analysis/frames/16076/16076_beat_0133.png
16076.mp4,134,374.04,379.612,5.571,167.0,19.5,1308.7,1328.2,analysis/frames/16076/16076_beat_0134.png
16076.mp4,135,379.613,383.148,3.536,106.0,12.4,1328.2,1340.5,analysis/frames/16076/16076_beat_0135.png
16076.mp4,136,383.149,386.318,3.169,95.0,11.1,1340.5,1351.6,analysis/frames/16076/16076_beat_0136.png
16076.mp4,137,386.319,388.254,1.934,58.0,6.8,1351.6,1358.4,analysis/frames/16076/16076_beat_0137.png
16076.mp4,138,388.255,389.822,1.567,47.0,5.5,1358.4,1363.9,analysis/frames/16076/16076_beat_0138.png
16076.mp4,139,389.823,392.458,2.635,79.0,9.2,1363.9,1373.1,analysis/frames/16076/16076_beat_0139.png
16076.mp4,140,392.459,395.127,2.668,80.0,9.3,1373.1,1382.4,analysis/frames/16076/16076_beat_0140.png
16076.mp4,141,395.128,399.431,4.303,129.0,15.1,1382.4,1397.5,analysis/frames/16076/16076_beat_0141.png
16076.mp4,142,399.432,407.706,8.274,248.0,29.0,1397.5,1426.5,analysis/frames/16076/16076_beat_0142.png
16076.mp4,143,407.707,414.647,6.939,208.0,24.3,1426.5,1450.8,analysis/frames/16076/16076_beat_0143.png
16076.mp4,144,414.648,416.682,2.034,61.0,7.1,1450.8,1457.9,analysis/frames/16076/16076_beat_0144.png
16076.mp4,145,416.683,419.718,3.035,91.0,10.6,1457.9,1468.5,analysis/frames/16076/16076_beat_0145.png
16076.mp4,146,419.719,422.087,2.368,71.0,8.3,1468.5,1476.8,analysis/frames/16076/16076_beat_0146.png
16076.mp4,147,422.088,425.791,3.703,111.0,13.0,1476.8,1489.7,analysis/frames/16076/16076_beat_0147.png
16076.mp4,148,425.792,429.628,3.836,115.0,13.4,1489.7,1503.2,analysis/frames/16076/16076_beat_0148.png
16076.mp4,149,429.629,430.429,0.8,24.0,2.8,1503.2,1506.0,analysis/frames/16076/16076_beat_0149.png
16076.mp4,150,430.43,433.065,2.635,79.0,9.2,1506.0,1515.2,analysis/frames/16076/16076_beat_0150.png
16076.mp4,151,433.066,436.802,3.736,112.0,13.1,1515.2,1528.3,analysis/frames/16076/16076_beat_0151.png
16076.mp4,152,436.803,440.072,3.269,98.0,11.4,1528.3,1539.7,analysis/frames/16076/16076_beat_0152.png
16076.mp4,153,440.073,445.377,5.304,159.0,18.6,1539.7,1558.3,analysis/frames/16076/16076_beat_0153.png
16076.mp4,154,445.378,448.747,3.369,101.0,11.8,1558.3,1570.1,analysis/frames/16076/16076_beat_0154.png
16076.mp4,155,448.748,451.016,2.268,68.0,7.9,1570.1,1578.0,analysis/frames/16076/16076_beat_0155.png
16076.mp4,156,451.017,451.717,0.7,21.0,2.4,1578.0,1580.5,analysis/frames/16076/16076_beat_0156.png
16076.mp4,157,451.718,456.522,4.804,144.0,16.8,1580.5,1597.3,analysis/frames/16076/16076_beat_0157.png
16076.mp4,158,456.523,459.358,2.835,85.0,9.9,1597.3,1607.2,analysis/frames/16076/16076_beat_0158.png
16076.mp4,159,459.359,463.495,4.136,124.0,14.5,1607.2,1621.7,analysis/frames/16076/16076_beat_0159.png
16076.mp4,160,463.496,464.997,1.5,45.0,5.2,1621.7,1626.9,analysis/frames/16076/16076_beat_0160.png
16076.mp4,161,464.998,468.467,3.469,104.0,12.1,1626.9,1639.1,analysis/frames/16076/16076_beat_0161.png
16076.mp4,162,468.468,472.538,4.07,122.0,14.2,1639.1,1653.3,analysis/frames/16076/16076_beat_0162.png
16076.mp4,163,472.539,476.175,3.636,109.0,12.7,1653.3,1666.0,analysis/frames/16076/16076_beat_0163.png
16076.mp4,164,476.176,478.31,2.134,64.0,7.5,1666.0,1673.5,analysis/frames/16076/16076_beat_0164.png
16076.mp4,165,478.311,479.678,1.367,41.0,4.8,1673.5,1678.3,analysis/frames/16076/16076_beat_0165.png
16076.mp4,166,479.679,482.781,3.102,93.0,10.9,1678.3,1689.1,analysis/frames/16076/16076_beat_0166.png
16076.mp4,167,482.782,486.285,3.502,105.0,12.3,1689.1,1701.4,analysis/frames/16076/16076_beat_0167.png
16076.mp4,168,486.286,488.153,1.868,56.0,6.5,1701.4,1707.9,analysis/frames/16076/16076_beat_0168.png
16076.mp4,169,488.154,491.757,3.603,108.0,12.6,1707.9,1720.5,analysis/frames/16076/16076_beat_0169.png
16076.mp4,170,491.758,496.195,4.437,133.0,15.5,1720.5,1736.1,analysis/frames/16076/16076_beat_0170.png
16076.mp4,171,496.196,497.93,1.734,52.0,6.1,1736.1,1742.1,analysis/frames/16076/16076_beat_0171.png
16076.mp4,172,497.931,500.766,2.835,85.0,9.9,1742.1,1752.1,analysis/frames/16076/16076_beat_0172.png
16076.mp4,173,500.767,510.91,10.143,304.0,35.5,1752.1,1787.6,analysis/frames/16076/16076_beat_0173.png
16080.mp4,0,0.0,1.801,1.801,54.0,6.3,0.0,6.3,analysis/frames/16080/16080_beat_0000.png
16080.mp4,1,1.802,2.802,1.0,30.0,3.5,6.3,9.8,analysis/frames/16080/16080_beat_0001.png
16080.mp4,2,2.803,4.17,1.367,41.0,4.8,9.8,14.6,analysis/frames/16080/16080_beat_0002.png
16080.mp4,3,4.171,7.506,3.336,100.0,11.7,14.6,26.3,analysis/frames/16080/16080_beat_0003.png
16080.mp4,4,7.508,11.711,4.203,126.0,14.7,26.3,41.0,analysis/frames/16080/16080_beat_0004.png
16080.mp4,5,11.712,15.514,3.803,114.0,13.3,41.0,54.3,analysis/frames/16080/16080_beat_0005.png
16080.mp4,6,15.515,21.153,5.638,169.0,19.7,54.3,74.0,analysis/frames/16080/16080_beat_0006.png
16080.mp4,7,21.154,27.326,6.172,185.0,21.6,74.0,95.6,analysis/frames/16080/16080_beat_0007.png
16080.mp4,8,27.327,28.995,1.667,50.0,5.8,95.6,101.5,analysis/frames/16080/16080_beat_0008.png
16080.mp4,9,28.996,32.565,3.569,107.0,12.5,101.5,113.9,analysis/frames/16080/16080_beat_0009.png
16080.mp4,10,32.566,42.708,10.142,304.0,35.5,113.9,149.4,analysis/frames/16080/16080_beat_0010.png
16080.mp4,11,42.709,45.711,3.002,90.0,10.5,149.4,160.0,analysis/frames/16080/16080_beat_0011.png
16080.mp4,12,45.712,48.881,3.169,95.0,11.1,160.0,171.0,analysis/frames/16080/16080_beat_0012.png
16080.mp4,13,48.882,51.217,2.335,70.0,8.2,171.0,179.2,analysis/frames/16080/16080_beat_0013.png
16080.mp4,14,51.218,54.954,3.736,112.0,13.1,179.2,192.3,analysis/frames/16080/16080_beat_0014.png
16080.mp4,15,54.955,58.291,3.336,100.0,11.7,192.3,204.0,analysis/frames/16080/16080_beat_0015.png
16080.mp4,16,58.292,61.594,3.302,99.0,11.6,204.0,215.5,analysis/frames/16080/16080_beat_0016.png
16080.mp4,17,61.595,64.697,3.102,93.0,10.9,215.5,226.4,analysis/frames/16080/16080_beat_0017.png
16080.mp4,18,64.698,65.564,0.867,26.0,3.0,226.4,229.4,analysis/frames/16080/16080_beat_0018.png
16080.mp4,19,65.566,67.967,2.401,72.0,8.4,229.4,237.8,analysis/frames/16080/16080_beat_0019.png
16080.mp4,20,67.968,73.973,6.005,180.0,21.0,237.8,258.8,analysis/frames/16080/16080_beat_0020.png
16080.mp4,21,73.974,76.042,2.068,62.0,7.2,258.8,266.1,analysis/frames/16080/16080_beat_0021.png
16080.mp4,22,76.043,78.511,2.468,74.0,8.6,266.1,274.7,analysis/frames/16080/16080_beat_0022.png
16080.mp4,23,78.512,84.417,5.905,177.0,20.7,274.7,295.4,analysis/frames/16080/16080_beat_0023.png
16080.mp4,24,84.418,88.22,3.803,114.0,13.3,295.4,308.7,analysis/frames/16080/16080_beat_0024.png
16080.mp4,25,88.221,92.758,4.537,136.0,15.9,308.7,324.6,analysis/frames/16080/16080_beat_0025.png
16080.mp4,26,92.759,97.797,5.037,151.0,17.6,324.6,342.2,analysis/frames/16080/16080_beat_0026.png
16080.mp4,27,97.798,105.137,7.34,220.0,25.7,342.2,367.9,analysis/frames/16080/16080_beat_0027.png
16080.mp4,28,105.138,110.209,5.071,152.0,17.7,367.9,385.6,analysis/frames/16080/16080_beat_0028.png
16080.mp4,29,110.21,114.413,4.203,126.0,14.7,385.6,400.3,analysis/frames/16080/16080_beat_0029.png
16080.mp4,30,114.414,120.519,6.105,183.0,21.4,400.3,421.7,analysis/frames/16080/16080_beat_0030.png
16080.mp4,31,120.52,125.358,4.837,145.0,16.9,421.7,438.6,analysis/frames/16080/16080_beat_0031.png
16080.mp4,32,125.359,126.125,0.766,23.0,2.7,438.6,441.3,analysis/frames/16080/16080_beat_0032.png
16080.mp4,33,126.126,127.326,1.2,36.0,4.2,441.3,445.5,analysis/frames/16080/16080_beat_0033.png
16080.mp4,34,127.327,128.427,1.1,33.0,3.9,445.5,449.4,analysis/frames/16080/16080_beat_0034.png
16080.mp4,35,128.428,130.763,2.335,70.0,8.2,449.4,457.5,analysis/frames/16080/16080_beat_0035.png
16080.mp4,36,130.764,132.698,1.934,58.0,6.8,457.5,464.3,analysis/frames/16080/16080_beat_0036.png
16080.mp4,37,132.699,134.9,2.201,66.0,7.7,464.3,472.0,analysis/frames/16080/16080_beat_0037.png
16080.mp4,38,134.901,136.268,1.367,41.0,4.8,472.0,476.8,analysis/frames/16080/16080_beat_0038.png
16080.mp4,39,136.269,140.272,4.003,120.0,14.0,476.8,490.8,analysis/frames/16080/16080_beat_0039.png
16080.mp4,40,140.273,145.211,4.937,148.0,17.3,490.8,508.1,analysis/frames/16080/16080_beat_0040.png
16080.mp4,41,145.212,149.882,4.67,140.0,16.3,508.1,524.4,analysis/frames/16080/16080_beat_0041.png
16080.mp4,42,149.883,152.218,2.335,70.0,8.2,524.4,532.6,analysis/frames/16080/16080_beat_0042.png
16080.mp4,43,152.219,157.356,5.137,154.0,18.0,532.6,550.6,analysis/frames/16080/16080_beat_0043.png
16080.mp4,44,157.357,159.492,2.134,64.0,7.5,550.6,558.1,analysis/frames/16080/16080_beat_0044.png
16080.mp4,45,159.493,160.159,0.666,20.0,2.3,558.1,560.4,analysis/frames/16080/16080_beat_0045.png
16080.mp4,46,160.16,160.793,0.633,19.0,2.2,560.4,562.6,analysis/frames/16080/16080_beat_0046.png
16080.mp4,47,160.794,164.03,3.236,97.0,11.3,562.6,573.9,analysis/frames/16080/16080_beat_0047.png
16080.mp4,48,164.031,168.601,4.57,137.0,16.0,573.9,589.9,analysis/frames/16080/16080_beat_0048.png
16080.mp4,49,168.602,176.742,8.14,244.0,28.5,589.9,618.4,analysis/frames/16080/16080_beat_0049.png
16080.mp4,50,176.743,177.443,0.7,21.0,2.4,618.4,620.9,analysis/frames/16080/16080_beat_0050.png
16080.mp4,51,177.444,179.378,1.934,58.0,6.8,620.9,627.6,analysis/frames/16080/16080_beat_0051.png
16080.mp4,52,179.379,185.051,5.671,170.0,19.8,627.6,647.5,analysis/frames/16080/16080_beat_0052.png
16080.mp4,53,185.052,187.053,2.001,60.0,7.0,647.5,654.5,analysis/frames/16080/16080_beat_0053.png
16080.mp4,54,187.054,193.893,6.839,205.0,23.9,654.5,678.4,analysis/frames/16080/16080_beat_0054.png
16080.mp4,55,193.894,199.732,5.838,175.0,20.4,678.4,698.9,analysis/frames/16080/16080_beat_0055.png
16080.mp4,56,199.733,203.903,4.17,125.0,14.6,698.9,713.5,analysis/frames/16080/16080_beat_0056.png
16080.mp4,57,203.904,213.245,9.342,280.0,32.7,713.5,746.2,analysis/frames/16080/16080_beat_0057.png
16080.mp4,58,213.246,218.851,5.605,168.0,19.6,746.2,765.8,analysis/frames/16080/16080_beat_0058.png
16080.mp4,59,218.852,222.121,3.269,98.0,11.4,765.8,777.2,analysis/frames/16080/16080_beat_0059.png
16080.mp4,60,222.122,228.594,6.472,194.0,22.7,777.2,799.9,analysis/frames/16080/16080_beat_0060.png
16080.mp4,61,228.595,230.062,1.467,44.0,5.1,799.9,805.0,analysis/frames/16080/16080_beat_0061.png
16080.mp4,62,230.063,231.864,1.801,54.0,6.3,805.0,811.3,analysis/frames/16080/16080_beat_0062.png
16080.mp4,63,231.865,234.8,2.935,88.0,10.3,811.3,821.6,analysis/frames/16080/16080_beat_0063.png
16080.mp4,64,234.801,240.339,5.538,166.0,19.4,821.6,841.0,analysis/frames/16080/16080_beat_0064.png
16080.mp4,65,240.34,241.14,0.8,24.0,2.8,841.0,843.8,analysis/frames/16080/16080_beat_0065.png
16080.mp4,66,241.141,243.042,1.901,57.0,6.7,843.8,850.4,analysis/frames/16080/16080_beat_0066.png
16080.mp4,67,243.043,246.779,3.736,112.0,13.1,850.4,863.5,analysis/frames/16080/16080_beat_0067.png
16080.mp4,68,246.78,254.62,7.84,235.0,27.4,863.5,890.9,analysis/frames/16080/16080_beat_0068.png
16080.mp4,69,254.621,259.125,4.504,135.0,15.8,890.9,906.7,analysis/frames/16080/16080_beat_0069.png
16080.mp4,70,259.126,260.793,1.667,50.0,5.8,906.7,912.5,analysis/frames/16080/16080_beat_0070.png
16080.mp4,71,260.794,265.197,4.403,132.0,15.4,912.5,927.9,analysis/frames/16080/16080_beat_0071.png
16080.mp4,72,265.198,275.407,10.209,306.0,35.7,927.9,963.7,analysis/frames/16080/16080_beat_0072.png
16080.mp4,73,275.408,280.78,5.371,161.0,18.8,963.7,982.5,analysis/frames/16080/16080_beat_0073.png
16080.mp4,74,280.781,286.418,5.638,169.0,19.7,982.5,1002.2,analysis/frames/16080/16080_beat_0074.png
16080.mp4,75,286.419,289.455,3.035,91.0,10.6,1002.2,1012.8,analysis/frames/16080/16080_beat_0075.png
16080.mp4,76,289.456,292.625,3.169,95.0,11.1,1012.8,1023.9,analysis/frames/16080/16080_beat_0076.png
16080.mp4,77,292.626,300.432,7.807,234.0,27.3,1023.9,1051.2,analysis/frames/16080/16080_beat_0077.png
16080.mp4,78,300.433,303.702,3.269,98.0,11.4,1051.2,1062.7,analysis/frames/16080/16080_beat_0078.png
16080.mp4,79,303.703,310.276,6.572,197.0,23.0,1062.7,1085.7,analysis/frames/16080/16080_beat_0079.png
16080.mp4,80,310.277,311.177,0.9,27.0,3.1,1085.7,1088.8,analysis/frames/16080/16080_beat_0080.png
16080.mp4,81,311.178,312.878,1.701,51.0,6.0,1088.8,1094.8,analysis/frames/16080/16080_beat_0081.png
16080.mp4,82,312.879,319.385,6.506,195.0,22.8,1094.8,1117.6,analysis/frames/16080/16080_beat_0082.png
16080.mp4,83,319.386,323.522,4.136,124.0,14.5,1117.6,1132.0,analysis/frames/16080/16080_beat_0083.png
16080.mp4,84,323.523,328.26,4.737,142.0,16.6,1132.0,1148.6,analysis/frames/16080/16080_beat_0084.png
16080.mp4,85,328.261,332.298,4.036,121.0,14.1,1148.6,1162.7,analysis/frames/16080/16080_beat_0085.png
16080.mp4,86,332.299,336.669,4.37,131.0,15.3,1162.7,1178.0,analysis/frames/16080/16080_beat_0086.png
16080.mp4,87,336.67,339.071,2.401,72.0,8.4,1178.0,1186.4,analysis/frames/16080/16080_beat_0087.png
16080.mp4,88,339.072,344.276,5.204,156.0,18.2,1186.4,1204.6,analysis/frames/16080/16080_beat_0088.png
16080.mp4,89,344.277,348.247,3.97,119.0,13.9,1204.6,1218.5,analysis/frames/16080/16080_beat_0089.png
16080.mp4,90,348.248,353.586,5.338,160.0,18.7,1218.5,1237.2,analysis/frames/16080/16080_beat_0090.png
16080.mp4,91,353.587,360.96,7.373,221.0,25.8,1237.2,1263.0,analysis/frames/16080/16080_beat_0091.png
16080.mp4,92,360.961,367.333,6.372,191.0,22.3,1263.0,1285.3,analysis/frames/16080/16080_beat_0092.png
16080.mp4,93,367.334,372.504,5.171,155.0,18.1,1285.3,1303.4,analysis/frames/16080/16080_beat_0093.png
16080.mp4,94,372.505,373.305,0.8,24.0,2.8,1303.4,1306.2,analysis/frames/16080/16080_beat_0094.png
16080.mp4,95,373.306,374.874,1.567,47.0,5.5,1306.2,1311.7,analysis/frames/16080/16080_beat_0095.png
16080.mp4,96,374.875,379.245,4.37,131.0,15.3,1311.7,1327.0,analysis/frames/16080/16080_beat_0096.png
16080.mp4,97,379.246,383.082,3.836,115.0,13.4,1327.0,1340.4,analysis/frames/16080/16080_beat_0097.png
16080.mp4,98,383.083,386.886,3.803,114.0,13.3,1340.4,1353.7,analysis/frames/16080/16080_beat_0098.png
16080.mp4,99,386.887,393.859,6.973,209.0,24.4,1353.7,1378.2,analysis/frames/16080/16080_beat_0099.png
16080.mp4,100,393.86,397.83,3.97,119.0,13.9,1378.2,1392.0,analysis/frames/16080/16080_beat_0100.png
16080.mp4,101,397.831,399.565,1.734,52.0,6.1,1392.0,1398.1,analysis/frames/16080/16080_beat_0101.png
16080.mp4,102,399.566,401.834,2.268,68.0,7.9,1398.1,1406.1,analysis/frames/16080/16080_beat_0102.png
16080.mp4,103,401.835,406.238,4.403,132.0,15.4,1406.1,1421.5,analysis/frames/16080/16080_beat_0103.png
16080.mp4,104,406.239,409.308,3.069,92.0,10.7,1421.5,1432.2,analysis/frames/16080/16080_beat_0104.png
16080.mp4,105,409.309,410.609,1.3,39.0,4.5,1432.2,1436.8,analysis/frames/16080/16080_beat_0105.png
16080.mp4,106,410.61,418.817,8.207,246.0,28.7,1436.8,1465.5,analysis/frames/16080/16080_beat_0106.png
16080.mp4,107,418.818,422.588,3.769,113.0,13.2,1465.5,1478.7,analysis/frames/16080/16080_beat_0107.png
16080.mp4,108,422.589,426.358,3.769,113.0,13.2,1478.7,1491.9,analysis/frames/16080/16080_beat_0108.png
16080.mp4,109,426.359,429.628,3.269,98.0,11.4,1491.9,1503.3,analysis/frames/16080/16080_beat_0109.png
16080.mp4,110,429.629,433.032,3.402,102.0,11.9,1503.3,1515.2,analysis/frames/16080/16080_beat_0110.png
16080.mp4,111,433.033,438.337,5.304,159.0,18.6,1515.2,1533.8,analysis/frames/16080/16080_beat_0111.png
16080.mp4,112,438.338,439.171,0.833,25.0,2.9,1533.8,1536.7,analysis/frames/16080/16080_beat_0112.png
16080.mp4,113,439.172,440.606,1.434,43.0,5.0,1536.7,1541.7,analysis/frames/16080/16080_beat_0113.png
16080.mp4,114,440.607,443.175,2.568,77.0,9.0,1541.7,1550.7,analysis/frames/16080/16080_beat_0114.png
16080.mp4,115,443.176,445.711,2.535,76.0,8.9,1550.7,1559.6,analysis/frames/16080/16080_beat_0115.png
16080.mp4,116,445.712,449.848,4.136,124.0,14.5,1559.6,1574.0,analysis/frames/16080/16080_beat_0116.png
16080.mp4,117,449.849,450.983,1.133,34.0,4.0,1574.0,1578.0,analysis/frames/16080/16080_beat_0117.png
16080.mp4,118,450.984,456.288,5.304,159.0,18.6,1578.0,1596.6,analysis/frames/16080/16080_beat_0118.png
16080.mp4,119,456.289,458.624,2.335,70.0,8.2,1596.6,1604.8,analysis/frames/16080/16080_beat_0119.png
16080.mp4,120,458.625,463.329,4.704,141.0,16.5,1604.8,1621.2,analysis/frames/16080/16080_beat_0120.png
16080.mp4,121,463.33,471.77,8.441,253.0,29.5,1621.2,1650.8,analysis/frames/16080/16080_beat_0121.png
16080.mp4,122,471.771,475.174,3.402,102.0,11.9,1650.8,1662.7,analysis/frames/16080/16080_beat_0122.png
16080.mp4,123,475.175,478.51,3.336,100.0,11.7,1662.7,1674.3,analysis/frames/16080/16080_beat_0123.png
16080.mp4,124,478.511,484.683,6.172,185.0,21.6,1674.3,1695.9,analysis/frames/16080/16080_beat_0124.png
16080.mp4,125,484.684,489.755,5.071,152.0,17.7,1695.9,1713.7,analysis/frames/16080/16080_beat_0125.png
16080.mp4,126,489.756,494.66,4.904,147.0,17.2,1713.7,1730.9,analysis/frames/16080/16080_beat_0126.png
16080.mp4,127,494.661,495.494,0.833,25.0,2.9,1730.9,1733.8,analysis/frames/16080/16080_beat_0127.png
16080.mp4,128,495.495,501.033,5.538,166.0,19.4,1733.8,1753.2,analysis/frames/16080/16080_beat_0128.png
16080.mp4,129,501.034,502.768,1.734,52.0,6.1,1753.2,1759.2,analysis/frames/16080/16080_beat_0129.png
16080.mp4,130,502.769,507.272,4.504,135.0,15.8,1759.2,1775.0,analysis/frames/16080/16080_beat_0130.png
16080.mp4,131,507.273,512.644,5.371,161.0,18.8,1775.0,1793.8,analysis/frames/16080/16080_beat_0131.png
16080.mp4,132,512.645,520.452,7.807,234.0,27.3,1793.8,1821.1,analysis/frames/16080/16080_beat_0132.png
16080.mp4,133,520.453,523.155,2.702,81.0,9.5,1821.1,1830.6,analysis/frames/16080/16080_beat_0133.png
16080.mp4,134,523.156,526.158,3.002,90.0,10.5,1830.6,1841.1,analysis/frames/16080/16080_beat_0134.png
16080.mp4,135,526.159,531.73,5.571,167.0,19.5,1841.1,1860.6,analysis/frames/16080/16080_beat_0135.png
16080.mp4,136,531.731,539.338,7.607,228.0,26.6,1860.6,1887.2,analysis/frames/16080/16080_beat_0136.png
16080.mp4,137,539.339,544.643,5.304,159.0,18.6,1887.2,1905.8,analysis/frames/16080/16080_beat_0137.png
16080.mp4,138,544.644,549.381,4.737,142.0,16.6,1905.8,1922.3,analysis/frames/16080/16080_beat_0138.png
16080.mp4,139,549.382,551.216,1.834,55.0,6.4,1922.3,1928.8,analysis/frames/16080/16080_beat_0139.png
16080.mp4,140,551.217,555.888,4.67,140.0,16.3,1928.8,1945.1,analysis/frames/16080/16080_beat_0140.png
16080.mp4,141,555.889,561.527,5.638,169.0,19.7,1945.1,1964.8,analysis/frames/16080/16080_beat_0141.png
16080.mp4,142,561.528,562.361,0.833,25.0,2.9,1964.8,1967.8,analysis/frames/16080/16080_beat_0142.png
16080.mp4,143,562.362,563.996,1.634,49.0,5.7,1967.8,1973.5,analysis/frames/16080/16080_beat_0143.png
16080.mp4,144,563.997,566.865,2.869,86.0,10.0,1973.5,1983.5,analysis/frames/16080/16080_beat_0144.png
16080.mp4,145,566.866,569.902,3.035,91.0,10.6,1983.5,1994.1,analysis/frames/16080/16080_beat_0145.png
16080.mp4,146,569.903,577.776,7.874,236.0,27.6,1994.1,2021.7,analysis/frames/16080/16080_beat_0146.png
16080.mp4,147,577.777,580.846,3.069,92.0,10.7,2021.7,2032.4,analysis/frames/16080/16080_beat_0147.png
16080.mp4,148,580.847,584.616,3.769,113.0,13.2,2032.4,2045.6,analysis/frames/16080/16080_beat_0148.png
16080.mp4,149,584.617,594.593,9.976,299.0,34.9,2045.6,2080.5,analysis/frames/16080/16080_beat_0149.png
16080.mp4,150,594.594,598.897,4.303,129.0,15.1,2080.5,2095.6,analysis/frames/16080/16080_beat_0150.png
16080.mp4,151,598.898,602.601,3.703,111.0,13.0,2095.6,2108.6,analysis/frames/16080/16080_beat_0151.png
16080.mp4,152,602.602,609.641,7.039,211.0,24.6,2108.6,2133.2,analysis/frames/16080/16080_beat_0152.png
16080.mp4,153,609.642,612.711,3.069,92.0,10.7,2133.2,2143.9,analysis/frames/16080/16080_beat_0153.png
16080.mp4,154,612.712,619.384,6.672,200.0,23.4,2143.9,2167.3,analysis/frames/16080/16080_beat_0154.png
16080.mp4,155,619.385,623.188,3.803,114.0,13.3,2167.3,2180.6,analysis/frames/16080/16080_beat_0155.png
16080.mp4,156,623.189,627.693,4.504,135.0,15.8,2180.6,2196.4,analysis/frames/16080/16080_beat_0156.png
16080.mp4,157,627.694,637.9,10.206,305.9,35.7,2196.4,2232.1,analysis/frames/16080/16080_beat_0157.png
16084.mp4,0,0.0,1.767,1.767,53.0,6.2,0.0,6.2,analysis/frames/16084/16084_beat_0000.png
16084.mp4,1,1.768,2.869,1.1,33.0,3.9,6.2,10.0,analysis/frames/16084/16084_beat_0001.png
16084.mp4,2,2.87,6.272,3.402,102.0,11.9,10.0,21.9,analysis/frames/16084/16084_beat_0002.png
16084.mp4,3,6.273,7.64,1.367,41.0,4.8,21.9,26.7,analysis/frames/16084/16084_beat_0003.png
16084.mp4,4,7.641,11.177,3.536,106.0,12.4,26.7,39.1,analysis/frames/16084/16084_beat_0004.png
16084.mp4,5,11.178,17.75,6.572,197.0,23.0,39.1,62.1,analysis/frames/16084/16084_beat_0005.png
16084.mp4,6,17.751,23.022,5.271,158.0,18.4,62.1,80.6,analysis/frames/16084/16084_beat_0006.png
16084.mp4,7,23.023,24.79,1.767,53.0,6.2,80.6,86.7,analysis/frames/16084/16084_beat_0007.png
16084.mp4,8,24.791,28.394,3.603,108.0,12.6,86.7,99.3,analysis/frames/16084/16084_beat_0008.png
16084.mp4,9,28.395,32.498,4.103,123.0,14.4,99.3,113.7,analysis/frames/16084/16084_beat_0009.png
16084.mp4,10,32.499,36.535,4.036,121.0,14.1,113.7,127.8,analysis/frames/16084/16084_beat_0010.png
16084.mp4,11,36.536,40.206,3.669,110.0,12.8,127.8,140.7,analysis/frames/16084/16084_beat_0011.png
16084.mp4,12,40.207,41.841,1.634,49.0,5.7,140.7,146.4,analysis/frames/16084/16084_beat_0012.png
16084.mp4,13,41.842,46.312,4.47,134.0,15.6,146.4,162.0,analysis/frames/16084/16084_beat_0013.png
16084.mp4,14,46.313,49.315,3.002,90.0,10.5,162.0,172.5,analysis/frames/16084/16084_beat_0014.png
16084.mp4,15,49.316,53.92,4.604,138.0,16.1,172.5,188.7,analysis/frames/16084/16084_beat_0015.png
16084.mp4,16,53.921,56.455,2.535,76.0,8.9,188.7,197.5,analysis/frames/16084/16084_beat_0016.png
16084.mp4,17,56.456,57.223,0.766,23.0,2.7,197.5,200.2,analysis/frames/16084/16084_beat_0017.png
16084.mp4,18,57.224,58.591,1.367,41.0,4.8,200.2,205.0,analysis/frames/16084/16084_beat_0018.png
16084.mp4,19,58.592,60.86,2.268,68.0,7.9,205.0,212.9,analysis/frames/16084/16084_beat_0019.png
16084.mp4,20,60.861,61.594,0.733,22.0,2.6,212.9,215.5,analysis/frames/16084/16084_beat_0020.png
16084.mp4,21,61.595,66.799,5.204,156.0,18.2,215.5,233.7,analysis/frames/16084/16084_beat_0021.png
16084.mp4,22,66.8,67.8,1.0,30.0,3.5,233.7,237.2,analysis/frames/16084/16084_beat_0022.png
16084.mp4,23,67.801,68.734,0.933,28.0,3.3,237.2,240.5,analysis/frames/16084/16084_beat_0023.png
16084.mp4,24,68.735,70.97,2.235,67.0,7.8,240.5,248.3,analysis/frames/16084/16084_beat_0024.png
16084.mp4,25,70.971,73.973,3.002,90.0,10.5,248.3,258.8,analysis/frames/16084/16084_beat_0025.png
16084.mp4,26,73.974,76.609,2.635,79.0,9.2,258.8,268.0,analysis/frames/16084/16084_beat_0026.png
16084.mp4,27,76.61,80.98,4.37,131.0,15.3,268.0,283.3,analysis/frames/16084/16084_beat_0027.png
16084.mp4,28,80.981,83.783,2.802,84.0,9.8,283.3,293.1,analysis/frames/16084/16084_beat_0028.png
16084.mp4,29,83.784,88.22,4.437,133.0,15.5,293.1,308.7,analysis/frames/16084/16084_beat_0029.png
16084.mp4,30,88.221,89.655,1.434,43.0,5.0,308.7,313.7,analysis/frames/16084/16084_beat_0030.png
16084.mp4,31,89.656,92.825,3.169,95.0,11.1,313.7,324.8,analysis/frames/16084/16084_beat_0031.png
16084.mp4,32,92.826,102.101,9.275,278.0,32.5,324.8,357.2,analysis/frames/16084/16084_beat_0032.png
16084.mp4,33,102.102,107.64,5.538,166.0,19.4,357.2,376.6,analysis/frames/16084/16084_beat_0033.png
16084.mp4,34,107.641,110.109,2.468,74.0,8.6,376.6,385.3,analysis/frames/16084/16084_beat_0034.png
16084.mp4,35,110.11,115.014,4.904,147.0,17.2,385.3,402.4,analysis/frames/16084/16084_beat_0035.png
16084.mp4,36,115.015,115.648,0.633,19.0,2.2,402.4,404.6,analysis/frames/16084/16084_beat_0036.png
16084.mp4,37,115.649,116.449,0.8,24.0,2.8,404.6,407.4,analysis/frames/16084/16084_beat_0037.png
16084.mp4,38,116.45,126.125,9.675,290.0,33.9,407.4,441.3,analysis/frames/16084/16084_beat_0038.png
16084.mp4,39,126.126,132.198,6.072,182.0,21.3,441.3,462.6,analysis/frames/16084/16084_beat_0039.png
16084.mp4,40,132.199,142.074,9.876,296.0,34.6,462.6,497.1,analysis/frames/16084/16084_beat_0040.png
16084.mp4,41,142.075,148.547,6.472,194.0,22.7,497.1,519.8,analysis/frames/16084/16084_beat_0041.png
16084.mp4,42,148.548,149.782,1.234,37.0,4.3,519.8,524.1,analysis/frames/16084/16084_beat_0042.png
16084.mp4,43,149.783,152.685,2.902,87.0,10.2,524.1,534.2,analysis/frames/16084/16084_beat_0043.png
16084.mp4,44,152.686,154.654,1.968,59.0,6.9,534.2,541.1,analysis/frames/16084/16084_beat_0044.png
16084.mp4,45,154.655,157.156,2.501,75.0,8.8,541.1,549.9,analysis/frames/16084/16084_beat_0045.png
16084.mp4,46,157.157,160.693,3.536,106.0,12.4,549.9,562.3,analysis/frames/16084/16084_beat_0046.png
16084.mp4,47,160.694,166.132,5.438,163.0,19.0,562.3,581.3,analysis/frames/16084/16084_beat_0047.png
16084.mp4,48,166.133,171.937,5.805,174.0,20.3,581.3,601.6,analysis/frames/16084/16084_beat_0048.png
16084.mp4,49,171.938,174.84,2.902,87.0,10.2,601.6,611.8,analysis/frames/16084/16084_beat_0049.png
16084.mp4,50,174.841,176.842,2.001,60.0,7.0,611.8,618.8,analysis/frames/16084/16084_beat_0050.png
16084.mp4,51,176.843,177.677,0.833,25.0,2.9,618.8,621.7,analysis/frames/16084/16084_beat_0051.png
16084.mp4,52,177.678,178.544,0.867,26.0,3.0,621.7,624.7,analysis/frames/16084/16084_beat_0052.png
16084.mp4,53,178.545,180.98,2.435,73.0,8.5,624.7,633.2,analysis/frames/16084/16084_beat_0053.png
16084.mp4,54,180.981,183.816,2.835,85.0,9.9,633.2,643.2,analysis/frames/16084/16084_beat_0054.png
16084.mp4,55,183.817,187.486,3.669,110.0,12.8,643.2,656.0,analysis/frames/16084/16084_beat_0055.png
16084.mp4,56,187.487,188.387,0.9,27.0,3.1,656.0,659.2,analysis/frames/16084/16084_beat_0056.png
16084.mp4,57,188.388,193.325,4.937,148.0,17.3,659.2,676.4,analysis/frames/16084/16084_beat_0057.png
16084.mp4,58,193.326,194.36,1.033,31.0,3.6,676.4,680.1,analysis/frames/16084/16084_beat_0058.png
16084.mp4,59,194.361,197.696,3.336,100.0,11.7,680.1,691.7,analysis/frames/16084/16084_beat_0059.png
16084.mp4,60,197.697,203.536,5.838,175.0,20.4,691.7,712.2,analysis/frames/16084/16084_beat_0060.png
16084.mp4,61,203.537,206.172,2.635,79.0,9.2,712.2,721.4,analysis/frames/16084/16084_beat_0061.png
16084.mp4,62,206.173,212.111,5.938,178.0,20.8,721.4,742.2,analysis/frames/16084/16084_beat_0062.png
16084.mp4,63,212.112,214.013,1.901,57.0,6.7,742.2,748.8,analysis/frames/16084/16084_beat_0063.png
16084.mp4,64,214.014,215.948,1.934,58.0,6.8,748.8,755.6,analysis/frames/16084/16084_beat_0064.png
16084.mp4,65,215.949,219.585,3.636,109.0,12.7,755.6,768.3,analysis/frames/16084/16084_beat_0065.png
16084.mp4,66,219.586,221.754,2.168,65.0,7.6,768.3,775.9,analysis/frames/16084/16084_beat_0066.png
16084.mp4,67,221.755,222.621,0.867,26.0,3.0,775.9,778.9,analysis/frames/16084/16084_beat_0067.png
16084.mp4,68,222.622,223.522,0.9,27.0,3.1,778.9,782.1,analysis/frames/16084/16084_beat_0068.png
16084.mp4,69,223.523,225.291,1.767,53.0,6.2,782.1,788.3,analysis/frames/16084/16084_beat_0069.png
16084.mp4,70,225.292,232.198,6.906,207.0,24.2,788.3,812.4,analysis/frames/16084/16084_beat_0070.png
16084.mp4,71,232.199,235.067,2.869,86.0,10.0,812.4,822.5,analysis/frames/16084/16084_beat_0071.png
16084.mp4,72,235.068,238.437,3.369,101.0,11.8,822.5,834.3,analysis/frames/16084/16084_beat_0072.png
16084.mp4,73,238.438,242.808,4.37,131.0,15.3,834.3,849.6,analysis/frames/16084/16084_beat_0073.png
16084.mp4,74,242.809,243.976,1.167,35.0,4.1,849.6,853.7,analysis/frames/16084/16084_beat_0074.png
16084.mp4,75,243.977,245.244,1.267,38.0,4.4,853.7,858.1,analysis/frames/16084/16084_beat_0075.png
16084.mp4,76,245.245,250.683,5.438,163.0,19.0,858.1,877.1,analysis/frames/16084/16084_beat_0076.png
16084.mp4,77,250.684,253.452,2.768,83.0,9.7,877.1,886.8,analysis/frames/16084/16084_beat_0077.png
16084.mp4,78,253.453,255.121,1.667,50.0,5.8,886.8,892.7,analysis/frames/16084/16084_beat_0078.png
16084.mp4,79,255.122,256.622,1.501,45.0,5.3,892.7,897.9,analysis/frames/16084/16084_beat_0079.png
16084.mp4,80,256.623,261.694,5.071,152.0,17.7,897.9,915.7,analysis/frames/16084/16084_beat_0080.png
16084.mp4,81,261.695,265.131,3.436,103.0,12.0,915.7,927.7,analysis/frames/16084/16084_beat_0081.png
16084.mp4,82,265.132,267.8,2.668,80.0,9.3,927.7,937.0,analysis/frames/16084/16084_beat_0082.png
16084.mp4,83,267.801,270.803,3.002,90.0,10.5,937.0,947.5,analysis/frames/16084/16084_beat_0083.png
16084.mp4,84,270.804,273.405,2.602,78.0,9.1,947.5,956.6,analysis/frames/16084/16084_beat_0084.png
16084.mp4,85,273.406,278.077,4.67,140.0,16.3,956.6,973.0,analysis/frames/16084/16084_beat_0085.png
16084.mp4,86,278.078,281.847,3.769,113.0,13.2,973.0,986.2,analysis/frames/16084/16084_beat_0086.png
16084.mp4,87,281.848,282.681,0.833,25.0,2.9,986.2,989.1,analysis/frames/16084/16084_beat_0087.png
16084.mp4,88,282.682,283.883,1.2,36.0,4.2,989.1,993.3,analysis/frames/16084/16084_beat_0088.png
16084.mp4,89,283.884,286.819,2.935,88.0,10.3,993.3,1003.6,analysis/frames/16084/16084_beat_0089.png
16084.mp4,90,286.82,289.522,2.702,81.0,9.5,1003.6,1013.0,analysis/frames/16084/16084_beat_0090.png
16084.mp4,91,289.523,291.323,1.801,54.0,6.3,1013.0,1019.3,analysis/frames/16084/16084_beat_0091.png
16084.mp4,92,291.324,297.73,6.405,192.0,22.4,1019.3,1041.7,analysis/frames/16084/16084_beat_0092.png
16084.mp4,93,297.731,301.901,4.17,125.0,14.6,1041.7,1056.3,analysis/frames/16084/16084_beat_0093.png
16084.mp4,94,301.902,305.538,3.636,109.0,12.7,1056.3,1069.1,analysis/frames/16084/16084_beat_0094.png
16084.mp4,95,305.539,307.873,2.335,70.0,8.2,1069.1,1077.2,analysis/frames/16084/16084_beat_0095.png
16084.mp4,96,307.874,309.475,1.601,48.0,5.6,1077.2,1082.8,analysis/frames/16084/16084_beat_0096.png
16084.mp4,97,309.476,312.411,2.935,88.0,10.3,1082.8,1093.1,analysis/frames/16084/16084_beat_0097.png
16084.mp4,98,312.412,315.347,2.935,88.0,10.3,1093.1,1103.4,analysis/frames/16084/16084_beat_0098.png
16084.mp4,99,315.348,321.62,6.272,188.0,22.0,1103.4,1125.3,analysis/frames/16084/16084_beat_0099.png
16084.mp4,100,321.621,322.888,1.267,38.0,4.4,1125.3,1129.8,analysis/frames/16084/16084_beat_0100.png
16084.mp4,101,322.889,324.456,1.567,47.0,5.5,1129.8,1135.2,analysis/frames/16084/16084_beat_0101.png
16084.mp4,102,324.457,326.158,1.701,51.0,6.0,1135.2,1141.2,analysis/frames/16084/16084_beat_0102.png
16084.mp4,103,326.159,327.893,1.734,52.0,6.1,1141.2,1147.3,analysis/frames/16084/16084_beat_0103.png
16084.mp4,104,327.894,334.7,6.806,204.0,23.8,1147.3,1171.1,analysis/frames/16084/16084_beat_0104.png
16084.mp4,105,334.701,337.203,2.502,75.0,8.8,1171.1,1179.8,analysis/frames/16084/16084_beat_0105.png
16084.mp4,106,337.204,339.939,2.735,82.0,9.6,1179.8,1189.4,analysis/frames/16084/16084_beat_0106.png
16084.mp4,107,339.94,340.639,0.7,21.0,2.4,1189.4,1191.9,analysis/frames/16084/16084_beat_0107.png
16084.mp4,108,340.64,341.907,1.267,38.0,4.4,1191.9,1196.3,analysis/frames/16084/16084_beat_0108.png
16084.mp4,109,341.908,344.543,2.635,79.0,9.2,1196.3,1205.5,analysis/frames/16084/16084_beat_0109.png
16084.mp4,110,344.544,349.982,5.438,163.0,19.0,1205.5,1224.6,analysis/frames/16084/16084_beat_0110.png
16084.mp4,111,349.983,351.55,1.567,47.0,5.5,1224.6,1230.0,analysis/frames/16084/16084_beat_0111.png
16084.mp4,112,351.551,355.187,3.636,109.0,12.7,1230.0,1242.8,analysis/frames/16084/16084_beat_0112.png
16084.mp4,113,355.188,357.656,2.468,74.0,8.6,1242.8,1251.4,analysis/frames/16084/16084_beat_0113.png
16084.mp4,114,357.657,361.994,4.337,130.0,15.2,1251.4,1266.6,analysis/frames/16084/16084_beat_0114.png
16084.mp4,115,361.995,364.997,3.002,90.0,10.5,1266.6,1277.1,analysis/frames/16084/16084_beat_0115.png
16084.mp4,116,364.998,369.768,4.77,143.0,16.7,1277.1,1293.8,analysis/frames/16084/16084_beat_0116.png
16084.mp4,117,369.769,377.042,7.273,218.0,25.5,1293.8,1319.2,analysis/frames/16084/16084_beat_0117.png
16084.mp4,118,377.043,380.145,3.102,93.0,10.9,1319.2,1330.1,analysis/frames/16084/16084_beat_0118.png
16084.mp4,119,380.146,383.883,3.736,112.0,13.1,1330.1,1343.2,analysis/frames/16084/16084_beat_0119.png
16084.mp4,120,383.884,387.62,3.736,112.0,13.1,1343.2,1356.3,analysis/frames/16084/16084_beat_0120.png
16084.mp4,121,387.621,390.456,2.835,85.0,9.9,1356.3,1366.2,analysis/frames/16084/16084_beat_0121.png
16084.mp4,122,390.457,392.725,2.268,68.0,7.9,1366.2,1374.1,analysis/frames/16084/16084_beat_0122.png
16084.mp4,123,392.726,395.828,3.102,93.0,10.9,1374.1,1385.0,analysis/frames/16084/16084_beat_0123.png
16084.mp4,124,395.829,398.23,2.401,72.0,8.4,1385.0,1393.4,analysis/frames/16084/16084_beat_0124.png
16084.mp4,125,398.231,406.538,8.307,249.0,29.1,1393.4,1422.4,analysis/frames/16084/16084_beat_0125.png
16084.mp4,126,406.539,407.273,0.733,22.0,2.6,1422.4,1425.0,analysis/frames/16084/16084_beat_0126.png
16084.mp4,127,407.274,408.54,1.267,38.0,4.4,1425.0,1429.4,analysis/frames/16084/16084_beat_0127.png
16084.mp4,128,408.541,412.711,4.17,125.0,14.6,1429.4,1444.0,analysis/frames/16084/16084_beat_0128.png
16084.mp4,129,412.712,415.648,2.935,88.0,10.3,1444.0,1454.3,analysis/frames/16084/16084_beat_0129.png
16084.mp4,130,415.649,417.116,1.467,44.0,5.1,1454.3,1459.5,analysis/frames/16084/16084_beat_0130.png
16084.mp4,131,417.117,418.918,1.801,54.0,6.3,1459.5,1465.8,analysis/frames/16084/16084_beat_0131.png
16084.mp4,132,418.918,421.72,2.802,84.0,9.8,1465.8,1475.6,analysis/frames/16084/16084_beat_0132.png
16084.mp4,133,421.721,425.291,3.569,107.0,12.5,1475.6,1488.1,analysis/frames/16084/16084_beat_0133.png
16084.mp4,134,425.292,426.892,1.601,48.0,5.6,1488.1,1493.7,analysis/frames/16084/16084_beat_0134.png
16084.mp4,135,426.893,430.596,3.703,111.0,13.0,1493.7,1506.6,analysis/frames/16084/16084_beat_0135.png
16084.mp4,136,430.597,433.866,3.269,98.0,11.4,1506.6,1518.1,analysis/frames/16084/16084_beat_0136.png
16084.mp4,137,433.867,435.301,1.434,43.0,5.0,1518.1,1523.1,analysis/frames/16084/16084_beat_0137.png
16084.mp4,138,435.302,436.335,1.033,31.0,3.6,1523.1,1526.7,analysis/frames/16084/16084_beat_0138.png
16084.mp4,139,436.336,438.137,1.801,54.0,6.3,1526.7,1533.0,analysis/frames/16084/16084_beat_0139.png
16084.mp4,140,438.138,442.441,4.303,129.0,15.1,1533.0,1548.1,analysis/frames/16084/16084_beat_0140.png
16084.mp4,141,442.442,445.144,2.702,81.0,9.5,1548.1,1557.5,analysis/frames/16084/16084_beat_0141.png
16084.mp4,142,445.145,448.647,3.502,105.0,12.3,1557.5,1569.8,analysis/frames/16084/16084_beat_0142.png
16084.mp4,143,448.648,451.951,3.302,99.0,11.6,1569.8,1581.3,analysis/frames/16084/16084_beat_0143.png
16084.mp4,144,451.952,453.886,1.934,58.0,6.8,1581.3,1588.1,analysis/frames/16084/16084_beat_0144.png
16084.mp4,145,453.887,456.822,2.935,88.0,10.3,1588.1,1598.4,analysis/frames/16084/16084_beat_0145.png
16084.mp4,146,456.823,459.925,3.102,93.0,10.9,1598.4,1609.2,analysis/frames/16084/16084_beat_0146.png
16084.mp4,147,459.926,460.693,0.766,23.0,2.7,1609.2,1611.9,analysis/frames/16084/16084_beat_0147.png
16084.mp4,148,460.694,461.994,1.3,39.0,4.5,1611.9,1616.5,analysis/frames/16084/16084_beat_0148.png
16084.mp4,149,461.995,464.73,2.735,82.0,9.6,1616.5,1626.0,analysis/frames/16084/16084_beat_0149.png
16084.mp4,150,464.731,468.233,3.503,105.0,12.3,1626.0,1638.3,analysis/frames/16084/16084_beat_0150.png
16084.mp4,151,468.234,470.336,2.101,63.0,7.4,1638.3,1645.6,analysis/frames/16084/16084_beat_0151.png
16084.mp4,152,470.337,473.305,2.969,89.0,10.4,1645.6,1656.0,analysis/frames/16084/16084_beat_0152.png
16084.mp4,153,473.306,478.51,5.204,156.0,18.2,1656.0,1674.2,analysis/frames/16084/16084_beat_0153.png
16084.mp4,154,478.511,483.215,4.704,141.0,16.5,1674.2,1690.7,analysis/frames/16084/16084_beat_0154.png
16084.mp4,155,483.216,485.918,2.702,81.0,9.5,1690.7,1700.2,analysis/frames/16084/16084_beat_0155.png
16084.mp4,156,485.919,487.853,1.934,58.0,6.8,1700.2,1706.9,analysis/frames/16084/16084_beat_0156.png
16084.mp4,157,487.854,490.522,2.668,80.0,9.3,1706.9,1716.3,analysis/frames/16084/16084_beat_0157.png
16084.mp4,158,490.523,492.825,2.301,69.0,8.1,1716.3,1724.3,analysis/frames/16084/16084_beat_0158.png
16084.mp4,159,492.826,494.56,1.734,52.0,6.1,1724.3,1730.4,analysis/frames/16084/16084_beat_0159.png
16084.mp4,160,494.561,497.83,3.269,98.0,11.4,1730.4,1741.8,analysis/frames/16084/16084_beat_0160.png
16084.mp4,161,497.831,501.734,3.903,117.0,13.7,1741.8,1755.5,analysis/frames/16084/16084_beat_0161.png
16084.mp4,162,501.735,503.969,2.235,67.0,7.8,1755.5,1763.3,analysis/frames/16084/16084_beat_0162.png
16084.mp4,163,503.97,506.005,2.034,61.0,7.1,1763.3,1770.4,analysis/frames/16084/16084_beat_0163.png
16084.mp4,164,506.005,508.04,2.034,61.0,7.1,1770.4,1777.6,analysis/frames/16084/16084_beat_0164.png
16084.mp4,165,508.041,509.541,1.501,45.0,5.3,1777.6,1782.8,analysis/frames/16084/16084_beat_0165.png
16084.mp4,166,509.542,512.778,3.236,97.0,11.3,1782.8,1794.1,analysis/frames/16084/16084_beat_0166.png
16084.mp4,167,512.779,518.55,5.771,173.0,20.2,1794.1,1814.3,analysis/frames/16084/16084_beat_0167.png
16084.mp4,168,518.551,520.252,1.701,51.0,6.0,1814.3,1820.3,analysis/frames/16084/16084_beat_0168.png
16084.mp4,169,520.253,522.154,1.901,57.0,6.7,1820.3,1826.9,analysis/frames/16084/16084_beat_0169.png
16084.mp4,170,522.155,522.888,0.733,22.0,2.6,1826.9,1829.5,analysis/frames/16084/16084_beat_0170.png
16084.mp4,171,522.889,524.523,1.634,49.0,5.7,1829.5,1835.2,analysis/frames/16084/16084_beat_0171.png
16084.mp4,172,524.524,527.726,3.202,96.0,11.2,1835.2,1846.4,analysis/frames/16084/16084_beat_0172.png
16084.mp4,173,527.727,529.661,1.934,58.0,6.8,1846.4,1853.2,analysis/frames/16084/16084_beat_0173.png
16084.mp4,174,529.662,533.098,3.436,103.0,12.0,1853.2,1865.2,analysis/frames/16084/16084_beat_0174.png
16084.mp4,175,533.099,536.301,3.202,96.0,11.2,1865.2,1876.4,analysis/frames/16084/16084_beat_0175.png
16084.mp4,176,536.302,539.505,3.202,96.0,11.2,1876.4,1887.6,analysis/frames/16084/16084_beat_0176.png
16084.mp4,177,539.506,542.441,2.935,88.0,10.3,1887.6,1897.9,analysis/frames/16084/16084_beat_0177.png
16084.mp4,178,542.442,544.877,2.435,73.0,8.5,1897.9,1906.4,analysis/frames/16084/16084_beat_0178.png
16084.mp4,179,544.878,546.412,1.534,46.0,5.4,1906.4,1911.8,analysis/frames/16084/16084_beat_0179.png
16084.mp4,180,546.413,550.816,4.403,132.0,15.4,1911.8,1927.2,analysis/frames/16084/16084_beat_0180.png
16084.mp4,181,550.817,555.387,4.57,137.0,16.0,1927.2,1943.2,analysis/frames/16084/16084_beat_0181.png
16084.mp4,182,555.388,557.189,1.801,54.0,6.3,1943.2,1949.5,analysis/frames/16084/16084_beat_0182.png
16084.mp4,183,557.19,563.295,6.105,183.0,21.4,1949.5,1970.9,analysis/frames/16084/16084_beat_0183.png
16084.mp4,184,563.296,567.066,3.769,113.0,13.2,1970.9,1984.1,analysis/frames/16084/16084_beat_0184.png
16084.mp4,185,567.067,569.968,2.902,87.0,10.2,1984.1,1994.2,analysis/frames/16084/16084_beat_0185.png
16084.mp4,186,569.969,572.871,2.902,87.0,10.2,1994.2,2004.4,analysis/frames/16084/16084_beat_0186.png
16084.mp4,187,572.872,575.908,3.035,91.0,10.6,2004.4,2015.0,analysis/frames/16084/16084_beat_0187.png
16084.mp4,188,575.909,580.045,4.136,124.0,14.5,2015.0,2029.5,analysis/frames/16084/16084_beat_0188.png
16084.mp4,189,580.046,584.55,4.503,135.0,15.8,2029.5,2045.3,analysis/frames/16084/16084_beat_0189.png
16084.mp4,190,584.551,587.319,2.768,83.0,9.7,2045.3,2054.9,analysis/frames/16084/16084_beat_0190.png
16084.mp4,191,587.32,597.96,10.64,318.9,37.2,2054.9,2092.2,analysis/frames/16084/16084_beat_0191.png
16088.mp4,0,0.0,1.801,1.801,54.0,6.3,0.0,6.3,analysis/frames/16088/16088_beat_0000.png
16088.mp4,1,1.802,2.869,1.067,32.0,3.7,6.3,10.0,analysis/frames/16088/16088_beat_0001.png
16088.mp4,2,2.87,5.504,2.635,79.0,9.2,10.0,19.3,analysis/frames/16088/16088_beat_0002.png
16088.mp4,3,5.505,6.606,1.1,33.0,3.9,19.3,23.1,analysis/frames/16088/16088_beat_0003.png
16088.mp4,4,6.607,10.376,3.769,113.0,13.2,23.1,36.3,analysis/frames/16088/16088_beat_0004.png
16088.mp4,5,10.377,13.846,3.469,104.0,12.1,36.3,48.4,analysis/frames/16088/16088_beat_0005.png
16088.mp4,6,13.847,16.849,3.002,90.0,10.5,48.4,59.0,analysis/frames/16088/16088_beat_0006.png
16088.mp4,7,16.85,20.519,3.669,110.0,12.8,59.0,71.8,analysis/frames/16088/16088_beat_0007.png
16088.mp4,8,20.52,23.623,3.102,93.0,10.9,71.8,82.6,analysis/frames/16088/16088_beat_0008.png
16088.mp4,9,23.624,27.093,3.469,104.0,12.1,82.6,94.8,analysis/frames/16088/16088_beat_0009.png
16088.mp4,10,27.094,27.927,0.833,25.0,2.9,94.8,97.7,analysis/frames/16088/16088_beat_0010.png
16088.mp4,11,27.928,29.295,1.367,41.0,4.8,97.7,102.5,analysis/frames/16088/16088_beat_0011.png
16088.mp4,12,29.296,32.498,3.202,96.0,11.2,102.5,113.7,analysis/frames/16088/16088_beat_0012.png
16088.mp4,13,32.499,35.067,2.568,77.0,9.0,113.7,122.7,analysis/frames/16088/16088_beat_0013.png
16088.mp4,14,35.068,36.469,1.4,42.0,4.9,122.7,127.6,analysis/frames/16088/16088_beat_0014.png
16088.mp4,15,36.47,39.739,3.269,98.0,11.4,127.6,139.0,analysis/frames/16088/16088_beat_0015.png
16088.mp4,16,39.74,41.841,2.101,63.0,7.4,139.0,146.4,analysis/frames/16088/16088_beat_0016.png
16088.mp4,17,41.842,43.442,1.601,48.0,5.6,146.4,152.0,analysis/frames/16088/16088_beat_0017.png
16088.mp4,18,43.443,46.412,2.969,89.0,10.4,152.0,162.4,analysis/frames/16088/16088_beat_0018.png
16088.mp4,19,46.413,48.18,1.767,53.0,6.2,162.4,168.6,analysis/frames/16088/16088_beat_0019.png
16088.mp4,20,48.181,51.651,3.469,104.0,12.1,168.6,180.7,analysis/frames/16088/16088_beat_0020.png
16088.mp4,21,51.652,56.422,4.77,143.0,16.7,180.7,197.4,analysis/frames/16088/16088_beat_0021.png
16088.mp4,22,56.423,59.392,2.969,89.0,10.4,197.4,207.8,analysis/frames/16088/16088_beat_0022.png
16088.mp4,23,59.393,62.261,2.869,86.0,10.0,207.8,217.8,analysis/frames/16088/16088_beat_0023.png
16088.mp4,24,62.262,64.43,2.168,65.0,7.6,217.8,225.4,analysis/frames/16088/16088_beat_0024.png
16088.mp4,25,64.431,65.531,1.1,33.0,3.9,225.4,229.3,analysis/frames/16088/16088_beat_0025.png
16088.mp4,26,65.532,68.401,2.869,86.0,10.0,229.3,239.3,analysis/frames/16088/16088_beat_0026.png
16088.mp4,27,68.402,70.403,2.001,60.0,7.0,239.3,246.3,analysis/frames/16088/16088_beat_0027.png
16088.mp4,28,70.404,71.137,0.733,22.0,2.6,246.3,248.9,analysis/frames/16088/16088_beat_0028.png
16088.mp4,29,71.138,72.705,1.567,47.0,5.5,248.9,254.4,analysis/frames/16088/16088_beat_0029.png
16088.mp4,30,72.706,78.744,6.038,181.0,21.1,254.4,275.5,analysis/frames/16088/16088_beat_0030.png
16088.mp4,31,78.745,81.881,3.135,94.0,11.0,275.5,286.5,analysis/frames/16088/16088_beat_0031.png
16088.mp4,32,81.882,83.883,2.001,60.0,7.0,286.5,293.5,analysis/frames/16088/16088_beat_0032.png
16088.mp4,33,83.884,86.652,2.768,83.0,9.7,293.5,303.2,analysis/frames/16088/16088_beat_0033.png
16088.mp4,34,86.653,89.455,2.802,84.0,9.8,303.2,313.0,analysis/frames/16088/16088_beat_0034.png
16088.mp4,35,89.456,91.19,1.734,52.0,6.1,313.0,319.0,analysis/frames/16088/16088_beat_0035.png
16088.mp4,36,91.191,92.325,1.133,34.0,4.0,319.0,323.0,analysis/frames/16088/16088_beat_0036.png
16088.mp4,37,92.326,94.46,2.134,64.0,7.5,323.0,330.5,analysis/frames/16088/16088_beat_0037.png
16088.mp4,38,94.461,98.497,4.036,121.0,14.1,330.5,344.6,analysis/frames/16088/16088_beat_0038.png
16088.mp4,39,98.498,100.299,1.801,54.0,6.3,344.6,350.9,analysis/frames/16088/16088_beat_0039.png
16088.mp4,40,100.3,104.203,3.903,117.0,13.7,350.9,364.6,analysis/frames/16088/16088_beat_0040.png
16088.mp4,41,104.204,106.706,2.501,75.0,8.8,364.6,373.3,analysis/frames/16088/16088_beat_0041.png
16088.mp4,42,106.707,110.676,3.97,119.0,13.9,373.3,387.2,analysis/frames/16088/16088_beat_0042.png
16088.mp4,43,110.677,113.746,3.069,92.0,10.7,387.2,397.9,analysis/frames/16088/16088_beat_0043.png
16088.mp4,44,113.747,118.05,4.303,129.0,15.1,397.9,413.0,analysis/frames/16088/16088_beat_0044.png
16088.mp4,45,118.051,120.186,2.134,64.0,7.5,413.0,420.5,analysis/frames/16088/16088_beat_0045.png
16088.mp4,46,120.187,121.954,1.767,53.0,6.2,420.5,426.7,analysis/frames/16088/16088_beat_0046.png
16088.mp4,47,121.955,125.124,3.169,95.0,11.1,426.7,437.8,analysis/frames/16088/16088_beat_0047.png
16088.mp4,48,125.125,127.56,2.435,73.0,8.5,437.8,446.3,analysis/frames/16088/16088_beat_0048.png
16088.mp4,49,127.561,129.629,2.068,62.0,7.2,446.3,453.5,analysis/frames/16088/16088_beat_0049.png
16088.mp4,50,129.63,130.396,0.766,23.0,2.7,453.5,456.2,analysis/frames/16088/16088_beat_0050.png
16088.mp4,51,130.397,132.498,2.101,63.0,7.4,456.2,463.6,analysis/frames/16088/16088_beat_0051.png
16088.mp4,52,132.499,135.801,3.302,99.0,11.6,463.6,475.1,analysis/frames/16088/16088_beat_0052.png
16088.mp4,53,135.802,136.869,1.067,32.0,3.7,475.1,478.8,analysis/frames/16088/16088_beat_0053.png
16088.mp4,54,136.87,140.039,3.169,95.0,11.1,478.8,489.9,analysis/frames/16088/16088_beat_0054.png
16088.mp4,55,140.04,144.21,4.17,125.0,14.6,489.9,504.5,analysis/frames/16088/16088_beat_0055.png
16088.mp4,56,144.211,148.247,4.036,121.0,14.1,504.5,518.7,analysis/frames/16088/16088_beat_0056.png
16088.mp4,57,148.248,152.685,4.437,133.0,15.5,518.7,534.2,analysis/frames/16088/16088_beat_0057.png
16088.mp4,58,152.686,156.622,3.936,118.0,13.8,534.2,548.0,analysis/frames/16088/16088_beat_0058.png
16088.mp4,59,156.623,160.059,3.436,103.0,12.0,548.0,560.0,analysis/frames/16088/16088_beat_0059.png
16088.mp4,60,160.06,164.53,4.47,134.0,15.6,560.0,575.6,analysis/frames/16088/16088_beat_0060.png
16088.mp4,61,164.531,170.269,5.738,172.0,20.1,575.6,595.7,analysis/frames/16088/16088_beat_0061.png
16088.mp4,62,170.27,175.641,5.371,161.0,18.8,595.7,614.5,analysis/frames/16088/16088_beat_0062.png
16088.mp4,63,175.642,182.248,6.606,198.0,23.1,614.5,637.6,analysis/frames/16088/16088_beat_0063.png
16088.mp4,64,182.249,184.316,2.068,62.0,7.2,637.6,644.9,analysis/frames/16088/16088_beat_0064.png
16088.mp4,65,184.317,186.318,2.001,60.0,7.0,644.9,651.9,analysis/frames/16088/16088_beat_0065.png
16088.mp4,66,186.319,188.854,2.535,76.0,8.9,651.9,660.7,analysis/frames/16088/16088_beat_0066.png
16088.mp4,67,188.855,189.622,0.766,23.0,2.7,660.7,663.4,analysis/frames/16088/16088_beat_0067.png
16088.mp4,68,189.623,191.357,1.734,52.0,6.1,663.4,669.5,analysis/frames/16088/16088_beat_0068.png
16088.mp4,69,191.358,193.059,1.701,51.0,6.0,669.5,675.5,analysis/frames/16088/16088_beat_0069.png
16088.mp4,70,193.06,194.16,1.1,33.0,3.9,675.5,679.3,analysis/frames/16088/16088_beat_0070.png
16088.mp4,71,194.161,195.127,0.967,29.0,3.4,679.3,682.7,analysis/frames/16088/16088_beat_0071.png
16088.mp4,72,195.128,196.028,0.9,27.0,3.1,682.7,685.8,analysis/frames/16088/16088_beat_0072.png
16088.mp4,73,196.029,198.998,2.969,89.0,10.4,685.8,696.2,analysis/frames/16088/16088_beat_0073.png
16088.mp4,74,198.999,201.867,2.869,86.0,10.0,696.2,706.3,analysis/frames/16088/16088_beat_0074.png
16088.mp4,75,201.868,203.702,1.834,55.0,6.4,706.3,712.7,analysis/frames/16088/16088_beat_0075.png
16088.mp4,76,203.703,208.674,4.971,149.0,17.4,712.7,730.1,analysis/frames/16088/16088_beat_0076.png
16088.mp4,77,208.675,210.81,2.134,64.0,7.5,730.1,737.6,analysis/frames/16088/16088_beat_0077.png
16088.mp4,78,210.811,213.245,2.435,73.0,8.5,737.6,746.1,analysis/frames/16088/16088_beat_0078.png
16088.mp4,79,213.246,219.618,6.372,191.0,22.3,746.1,768.4,analysis/frames/16088/16088_beat_0079.png
16088.mp4,80,219.619,222.188,2.568,77.0,9.0,768.4,777.4,analysis/frames/16088/16088_beat_0080.png
16088.mp4,81,222.189,223.322,1.133,34.0,4.0,777.4,781.3,analysis/frames/16088/16088_beat_0081.png
16088.mp4,82,223.323,227.593,4.27,128.0,14.9,781.3,796.3,analysis/frames/16088/16088_beat_0082.png
16088.mp4,83,227.594,229.361,1.767,53.0,6.2,796.3,802.5,analysis/frames/16088/16088_beat_0083.png
16088.mp4,84,229.362,231.897,2.535,76.0,8.9,802.5,811.3,analysis/frames/16088/16088_beat_0084.png
16088.mp4,85,231.898,233.732,1.834,55.0,6.4,811.3,817.8,analysis/frames/16088/16088_beat_0085.png
16088.mp4,86,233.733,234.633,0.9,27.0,3.1,817.8,820.9,analysis/frames/16088/16088_beat_0086.png
16088.mp4,87,234.634,236.068,1.434,43.0,5.0,820.9,825.9,analysis/frames/16088/16088_beat_0087.png
16088.mp4,88,236.069,238.537,2.468,74.0,8.6,825.9,834.6,analysis/frames/16088/16088_beat_0088.png
16088.mp4,89,238.538,239.538,1.0,30.0,3.5,834.6,838.1,analysis/frames/16088/16088_beat_0089.png
16088.mp4,90,239.539,242.441,2.902,87.0,10.2,838.1,848.2,analysis/frames/16088/16088_beat_0090.png
16088.mp4,91,242.442,245.778,3.336,100.0,11.7,848.2,859.9,analysis/frames/16088/16088_beat_0091.png
16088.mp4,92,245.779,247.313,1.534,46.0,5.4,859.9,865.3,analysis/frames/16088/16088_beat_0092.png
16088.mp4,93,247.314,250.916,3.603,108.0,12.6,865.3,877.9,analysis/frames/16088/16088_beat_0093.png
16088.mp4,94,250.917,254.987,4.07,122.0,14.2,877.9,892.1,analysis/frames/16088/16088_beat_0094.png
16088.mp4,95,254.988,257.323,2.335,70.0,8.2,892.1,900.3,analysis/frames/16088/16088_beat_0095.png
16088.mp4,96,257.324,259.658,2.335,70.0,8.2,900.3,908.5,analysis/frames/16088/16088_beat_0096.png
16088.mp4,97,259.659,261.427,1.767,53.0,6.2,908.5,914.6,analysis/frames/16088/16088_beat_0097.png
16088.mp4,98,261.428,263.729,2.301,69.0,8.1,914.6,922.7,analysis/frames/16088/16088_beat_0098.png
16088.mp4,99,263.73,265.164,1.434,43.0,5.0,922.7,927.7,analysis/frames/16088/16088_beat_0099.png
16088.mp4,100,265.165,269.568,4.403,132.0,15.4,927.7,943.1,analysis/frames/16088/16088_beat_0100.png
16088.mp4,101,269.569,272.171,2.602,78.0,9.1,943.1,952.2,analysis/frames/16088/16088_beat_0101.png
16088.mp4,102,272.172,275.241,3.069,92.0,10.7,952.2,963.0,analysis/frames/16088/16088_beat_0102.png
16088.mp4,103,275.242,277.81,2.568,77.0,9.0,963.0,972.0,analysis/frames/16088/16088_beat_0103.png
16088.mp4,104,277.811,281.046,3.236,97.0,11.3,972.0,983.3,analysis/frames/16088/16088_beat_0104.png
16088.mp4,105,281.047,283.549,2.502,75.0,8.8,983.3,992.1,analysis/frames/16088/16088_beat_0105.png
16088.mp4,106,283.55,285.985,2.435,73.0,8.5,992.1,1000.6,analysis/frames/16088/16088_beat_0106.png
16088.mp4,107,285.986,288.988,3.002,90.0,10.5,1000.6,1011.1,analysis/frames/16088/16088_beat_0107.png
16088.mp4,108,288.989,291.39,2.401,72.0,8.4,1011.1,1019.5,analysis/frames/16088/16088_beat_0108.png
16088.mp4,109,291.391,292.291,0.9,27.0,3.1,1019.5,1022.6,analysis/frames/16088/16088_beat_0109.png
16088.mp4,110,292.292,294.226,1.934,58.0,6.8,1022.6,1029.4,analysis/frames/16088/16088_beat_0110.png
16088.mp4,111,294.227,296.762,2.535,76.0,8.9,1029.4,1038.3,analysis/frames/16088/16088_beat_0111.png
16088.mp4,112,296.763,297.897,1.133,34.0,4.0,1038.3,1042.2,analysis/frames/16088/16088_beat_0112.png
16088.mp4,113,297.898,301.3,3.402,102.0,11.9,1042.2,1054.1,analysis/frames/16088/16088_beat_0113.png
16088.mp4,114,301.301,304.236,2.935,88.0,10.3,1054.1,1064.4,analysis/frames/16088/16088_beat_0114.png
16088.mp4,115,304.237,305.771,1.534,46.0,5.4,1064.4,1069.8,analysis/frames/16088/16088_beat_0115.png
16088.mp4,116,305.772,313.179,7.406,222.0,25.9,1069.8,1095.7,analysis/frames/16088/16088_beat_0116.png
16088.mp4,117,313.18,319.018,5.838,175.0,20.4,1095.7,1116.1,analysis/frames/16088/16088_beat_0117.png
16088.mp4,118,319.019,321.887,2.869,86.0,10.0,1116.1,1126.2,analysis/frames/16088/16088_beat_0118.png
16088.mp4,119,321.888,327.159,5.271,158.0,18.4,1126.2,1144.6,analysis/frames/16088/16088_beat_0119.png
16088.mp4,120,327.16,330.596,3.436,103.0,12.0,1144.6,1156.7,analysis/frames/16088/16088_beat_0120.png
16088.mp4,121,330.597,337.269,6.672,200.0,23.4,1156.7,1180.0,analysis/frames/16088/16088_beat_0121.png
16088.mp4,122,337.27,339.238,1.968,59.0,6.9,1180.0,1186.9,analysis/frames/16088/16088_beat_0122.png
16088.mp4,123,339.239,342.875,3.636,109.0,12.7,1186.9,1199.6,analysis/frames/16088/16088_beat_0123.png
16088.mp4,124,342.876,347.646,4.77,143.0,16.7,1199.6,1216.3,analysis/frames/16088/16088_beat_0124.png
16088.mp4,125,347.647,351.35,3.703,111.0,13.0,1216.3,1229.3,analysis/frames/16088/16088_beat_0125.png
16088.mp4,126,351.351,352.151,0.8,24.0,2.8,1229.3,1232.1,analysis/frames/16088/16088_beat_0126.png
16088.mp4,127,352.152,354.286,2.134,64.0,7.5,1232.1,1239.5,analysis/frames/16088/16088_beat_0127.png
16088.mp4,128,354.287,357.223,2.935,88.0,10.3,1239.5,1249.8,analysis/frames/16088/16088_beat_0128.png
16088.mp4,129,357.224,359.525,2.301,69.0,8.1,1249.8,1257.9,analysis/frames/16088/16088_beat_0129.png
16088.mp4,130,359.526,361.46,1.934,58.0,6.8,1257.9,1264.6,analysis/frames/16088/16088_beat_0130.png
16088.mp4,131,361.461,364.797,3.336,100.0,11.7,1264.6,1276.3,analysis/frames/16088/16088_beat_0131.png
16088.mp4,132,364.798,368.601,3.803,114.0,13.3,1276.3,1289.6,analysis/frames/16088/16088_beat_0132.png
16088.mp4,133,368.602,371.003,2.401,72.0,8.4,1289.6,1298.0,analysis/frames/16088/16088_beat_0133.png
16088.mp4,134,371.004,377.409,6.405,192.0,22.4,1298.0,1320.5,analysis/frames/16088/16088_beat_0134.png
16088.mp4,135,377.41,381.914,4.504,135.0,15.8,1320.5,1336.2,analysis/frames/16088/16088_beat_0135.png
16088.mp4,136,381.915,384.316,2.401,72.0,8.4,1336.2,1344.6,analysis/frames/16088/16088_beat_0136.png
16088.mp4,137,384.317,387.686,3.369,101.0,11.8,1344.6,1356.4,analysis/frames/16088/16088_beat_0137.png
16088.mp4,138,387.687,389.722,2.034,61.0,7.1,1356.4,1363.5,analysis/frames/16088/16088_beat_0138.png
16088.mp4,139,389.723,392.091,2.368,71.0,8.3,1363.5,1371.8,analysis/frames/16088/16088_beat_0139.png
16088.mp4,140,392.092,393.492,1.4,42.0,4.9,1371.8,1376.7,analysis/frames/16088/16088_beat_0140.png
16088.mp4,141,393.493,395.027,1.534,46.0,5.4,1376.7,1382.1,analysis/frames/16088/16088_beat_0141.png
16088.mp4,142,395.028,397.463,2.435,73.0,8.5,1382.1,1390.6,analysis/frames/16088/16088_beat_0142.png
16088.mp4,143,397.464,400.866,3.402,102.0,11.9,1390.6,1402.5,analysis/frames/16088/16088_beat_0143.png
16088.mp4,144,400.867,402.401,1.534,46.0,5.4,1402.5,1407.9,analysis/frames/16088/16088_beat_0144.png
16088.mp4,145,402.402,403.168,0.766,23.0,2.7,1407.9,1410.6,analysis/frames/16088/16088_beat_0145.png
16088.mp4,146,403.169,405.204,2.034,61.0,7.1,1410.6,1417.7,analysis/frames/16088/16088_beat_0146.png
16088.mp4,147,405.205,406.272,1.067,32.0,3.7,1417.7,1421.4,analysis/frames/16088/16088_beat_0147.png
16088.mp4,148,406.273,410.342,4.07,122.0,14.2,1421.4,1435.7,analysis/frames/16088/16088_beat_0148.png
16088.mp4,149,410.343,412.378,2.034,61.0,7.1,1435.7,1442.8,analysis/frames/16088/16088_beat_0149.png
16088.mp4,150,412.379,414.513,2.134,64.0,7.5,1442.8,1450.3,analysis/frames/16088/16088_beat_0150.png
16088.mp4,151,414.514,416.081,1.567,47.0,5.5,1450.3,1455.7,analysis/frames/16088/16088_beat_0151.png
16088.mp4,152,416.082,419.852,3.769,113.0,13.2,1455.7,1468.9,analysis/frames/16088/16088_beat_0152.png
16088.mp4,153,419.853,423.956,4.103,123.0,14.4,1468.9,1483.3,analysis/frames/16088/16088_beat_0153.png
16088.mp4,154,423.957,425.124,1.167,35.0,4.1,1483.3,1487.4,analysis/frames/16088/16088_beat_0154.png
16088.mp4,155,425.125,428.394,3.269,98.0,11.4,1487.4,1498.8,analysis/frames/16088/16088_beat_0155.png
16088.mp4,156,428.395,429.929,1.534,46.0,5.4,1498.8,1504.2,analysis/frames/16088/16088_beat_0156.png
16088.mp4,157,429.93,435.0,5.071,152.0,17.7,1504.2,1521.9,analysis/frames/16088/16088_beat_0157.png
16088.mp4,158,435.001,439.138,4.136,124.0,14.5,1521.9,1536.4,analysis/frames/16088/16088_beat_0158.png
16088.mp4,159,439.139,441.373,2.235,67.0,7.8,1536.4,1544.2,analysis/frames/16088/16088_beat_0159.png
16088.mp4,160,441.374,443.909,2.535,76.0,8.9,1544.2,1553.1,analysis/frames/16088/16088_beat_0160.png
16088.mp4,161,443.91,445.511,1.601,48.0,5.6,1553.1,1558.7,analysis/frames/16088/16088_beat_0161.png
16088.mp4,162,445.512,448.314,2.802,84.0,9.8,1558.7,1568.5,analysis/frames/16088/16088_beat_0162.png
16088.mp4,163,448.315,451.35,3.035,91.0,10.6,1568.5,1579.1,analysis/frames/16088/16088_beat_0163.png
16088.mp4,164,451.351,453.919,2.568,77.0,9.0,1579.1,1588.1,analysis/frames/16088/16088_beat_0164.png
16088.mp4,165,453.92,457.69,3.769,113.0,13.2,1588.1,1601.3,analysis/frames/16088/16088_beat_0165.png
16088.mp4,166,457.691,460.993,3.302,99.0,11.6,1601.3,1612.9,analysis/frames/16088/16088_beat_0166.png
16088.mp4,167,460.994,463.228,2.235,67.0,7.8,1612.9,1620.7,analysis/frames/16088/16088_beat_0167.png
16088.mp4,168,463.229,465.464,2.235,67.0,7.8,1620.7,1628.5,analysis/frames/16088/16088_beat_0168.png
16088.mp4,169,465.465,466.498,1.033,31.0,3.6,1628.5,1632.1,analysis/frames/16088/16088_beat_0169.png
16088.mp4,170,466.499,467.966,1.467,44.0,5.1,1632.1,1637.3,analysis/frames/16088/16088_beat_0170.png
16088.mp4,171,467.967,468.701,0.733,22.0,2.6,1637.3,1639.8,analysis/frames/16088/16088_beat_0171.png
16088.mp4,172,468.702,470.436,1.734,52.0,6.1,1639.8,1645.9,analysis/frames/16088/16088_beat_0172.png
16088.mp4,173,470.437,476.175,5.738,172.0,20.1,1645.9,1666.0,analysis/frames/16088/16088_beat_0173.png
16088.mp4,174,476.176,480.612,4.437,133.0,15.5,1666.0,1681.5,analysis/frames/16088/16088_beat_0174.png
16088.mp4,175,480.613,482.848,2.235,67.0,7.8,1681.5,1689.3,analysis/frames/16088/16088_beat_0175.png
16088.mp4,176,482.849,487.619,4.77,143.0,16.7,1689.3,1706.0,analysis/frames/16088/16088_beat_0176.png
16088.mp4,177,487.62,492.191,4.57,137.0,16.0,1706.0,1722.0,analysis/frames/16088/16088_beat_0177.png
16088.mp4,178,492.192,495.06,2.869,86.0,10.0,1722.0,1732.1,analysis/frames/16088/16088_beat_0178.png
16088.mp4,179,495.061,498.597,3.536,106.0,12.4,1732.1,1744.4,analysis/frames/16088/16088_beat_0179.png
16088.mp4,180,498.598,503.435,4.837,145.0,16.9,1744.4,1761.4,analysis/frames/16088/16088_beat_0180.png
16088.mp4,181,503.436,506.138,2.702,81.0,9.5,1761.4,1770.8,analysis/frames/16088/16088_beat_0181.png
16088.mp4,182,506.139,508.107,1.968,59.0,6.9,1770.8,1777.7,analysis/frames/16088/16088_beat_0182.png
16088.mp4,183,508.108,510.209,2.101,63.0,7.4,1777.7,1785.1,analysis/frames/16088/16088_beat_0183.png
16088.mp4,184,510.21,512.211,2.001,60.0,7.0,1785.1,1792.1,analysis/frames/16088/16088_beat_0184.png
16088.mp4,185,512.212,514.58,2.368,71.0,8.3,1792.1,1800.4,analysis/frames/16088/16088_beat_0185.png
16088.mp4,186,514.581,518.65,4.07,122.0,14.2,1800.4,1814.6,analysis/frames/16088/16088_beat_0186.png
16088.mp4,187,518.651,521.453,2.802,84.0,9.8,1814.6,1824.4,analysis/frames/16088/16088_beat_0187.png
16088.mp4,188,521.454,526.225,4.77,143.0,16.7,1824.4,1841.1,analysis/frames/16088/16088_beat_0188.png
16088.mp4,189,526.226,530.996,4.77,143.0,16.7,1841.1,1857.8,analysis/frames/16088/16088_beat_0189.png
16088.mp4,190,530.997,532.664,1.667,50.0,5.8,1857.8,1863.6,analysis/frames/16088/16088_beat_0190.png
16088.mp4,191,532.665,535.968,3.302,99.0,11.6,1863.6,1875.2,analysis/frames/16088/16088_beat_0191.png
16088.mp4,192,535.969,538.771,2.802,84.0,9.8,1875.2,1885.0,analysis/frames/16088/16088_beat_0192.png
16088.mp4,193,538.772,539.505,0.733,22.0,2.6,1885.0,1887.6,analysis/frames/16088/16088_beat_0193.png
16088.mp4,194,539.506,542.641,3.135,94.0,11.0,1887.6,1898.5,analysis/frames/16088/16088_beat_0194.png
16088.mp4,195,542.642,546.612,3.97,119.0,13.9,1898.5,1912.4,analysis/frames/16088/16088_beat_0195.png
16088.mp4,196,546.613,551.05,4.437,133.0,15.5,1912.4,1928.0,analysis/frames/16088/16088_beat_0196.png
16088.mp4,197,551.051,552.384,1.334,40.0,4.7,1928.0,1932.6,analysis/frames/16088/16088_beat_0197.png
16088.mp4,198,552.385,554.653,2.268,68.0,7.9,1932.6,1940.6,analysis/frames/16088/16088_beat_0198.png
16088.mp4,199,554.654,557.222,2.568,77.0,9.0,1940.6,1949.6,analysis/frames/16088/16088_beat_0199.png
16088.mp4,200,557.223,559.324,2.101,63.0,7.4,1949.6,1956.9,analysis/frames/16088/16088_beat_0200.png
16088.mp4,201,559.325,566.765,7.44,223.0,26.0,1956.9,1983.0,analysis/frames/16088/16088_beat_0201.png
16088.mp4,202,566.766,568.5,1.734,52.0,6.1,1983.0,1989.0,analysis/frames/16088/16088_beat_0202.png
16088.mp4,203,568.501,570.135,1.634,49.0,5.7,1989.0,1994.7,analysis/frames/16088/16088_beat_0203.png
16088.mp4,204,570.136,575.974,5.838,175.0,20.4,1994.7,2015.2,analysis/frames/16088/16088_beat_0204.png
16088.mp4,205,575.975,579.244,3.269,98.0,11.4,2015.2,2026.6,analysis/frames/16088/16088_beat_0205.png
16088.mp4,206,579.245,586.118,6.873,206.0,24.1,2026.6,2050.7,analysis/frames/16088/16088_beat_0206.png
16088.mp4,207,586.119,591.19,5.071,152.0,17.7,2050.7,2068.4,analysis/frames/16088/16088_beat_0207.png
16088.mp4,208,591.191,594.126,2.935,88.0,10.3,2068.4,2078.7,analysis/frames/16088/16088_beat_0208.png
16088.mp4,209,594.127,595.894,1.767,53.0,6.2,2078.7,2084.9,analysis/frames/16088/16088_beat_0209.png
16088.mp4,210,595.895,597.763,1.868,56.0,6.5,2084.9,2091.4,analysis/frames/16088/16088_beat_0210.png
16088.mp4,211,597.764,599.565,1.801,54.0,6.3,2091.4,2097.7,analysis/frames/16088/16088_beat_0211.png
16088.mp4,212,599.566,600.933,1.367,41.0,4.8,2097.7,2102.5,analysis/frames/16088/16088_beat_0212.png
16088.mp4,213,600.934,601.7,0.766,23.0,2.7,2102.5,2105.2,analysis/frames/16088/16088_beat_0213.png
16088.mp4,214,601.701,605.804,4.103,123.0,14.4,2105.2,2119.5,analysis/frames/16088/16088_beat_0214.png
16088.mp4,215,605.805,610.008,4.203,126.0,14.7,2119.5,2134.3,analysis/frames/16088/16088_beat_0215.png
16088.mp4,216,610.009,610.742,0.733,22.0,2.6,2134.3,2136.8,analysis/frames/16088/16088_beat_0216.png
16088.mp4,217,610.743,612.845,2.101,63.0,7.4,2136.8,2144.2,analysis/frames/16088/16088_beat_0217.png
16088.mp4,218,612.846,616.915,4.07,122.0,14.2,2144.2,2158.4,analysis/frames/16088/16088_beat_0218.png
16088.mp4,219,616.916,626.99,10.074,301.9,35.3,2158.4,2193.7,analysis/frames/16088/16088_beat_0219.png
16092.mp4,0,0.0,1.834,1.834,55.0,6.4,0.0,6.4,analysis/frames/16092/16092_beat_0000.png
16092.mp4,1,1.835,2.668,0.833,25.0,2.9,6.4,9.3,analysis/frames/16092/16092_beat_0001.png
16092.mp4,2,2.669,6.639,3.97,119.0,13.9,9.3,23.2,analysis/frames/16092/16092_beat_0002.png
16092.mp4,3,6.64,8.14,1.501,45.0,5.3,23.2,28.5,analysis/frames/16092/16092_beat_0003.png
16092.mp4,4,8.141,13.079,4.937,148.0,17.3,28.5,45.8,analysis/frames/16092/16092_beat_0004.png
16092.mp4,5,13.08,15.181,2.101,63.0,7.4,45.8,53.1,analysis/frames/16092/16092_beat_0005.png
16092.mp4,6,15.182,22.788,7.607,228.0,26.6,53.1,79.7,analysis/frames/16092/16092_beat_0006.png
16092.mp4,7,22.789,24.123,1.334,40.0,4.7,79.7,84.4,analysis/frames/16092/16092_beat_0007.png
16092.mp4,8,24.124,32.365,8.241,247.0,28.8,84.4,113.3,analysis/frames/16092/16092_beat_0008.png
16092.mp4,9,32.366,35.935,3.569,107.0,12.5,113.3,125.7,analysis/frames/16092/16092_beat_0009.png
16092.mp4,10,35.936,40.873,4.937,148.0,17.3,125.7,143.0,analysis/frames/16092/16092_beat_0010.png
16092.mp4,11,40.874,46.212,5.338,160.0,18.7,143.0,161.7,analysis/frames/16092/16092_beat_0011.png
16092.mp4,12,46.213,51.45,5.238,157.0,18.3,161.7,180.0,analysis/frames/16092/16092_beat_0012.png
16092.mp4,13,51.451,52.885,1.434,43.0,5.0,180.0,185.1,analysis/frames/16092/16092_beat_0013.png
16092.mp4,14,52.886,56.155,3.269,98.0,11.4,185.1,196.5,analysis/frames/16092/16092_beat_0014.png
16092.mp4,15,56.156,57.723,1.567,47.0,5.5,196.5,202.0,analysis/frames/16092/16092_beat_0015.png
16092.mp4,16,57.724,59.525,1.801,54.0,6.3,202.0,208.3,analysis/frames/16092/16092_beat_0016.png
16092.mp4,17,59.526,60.293,0.766,23.0,2.7,208.3,211.0,analysis/frames/16092/16092_beat_0017.png
16092.mp4,18,60.294,62.194,1.901,57.0,6.7,211.0,217.6,analysis/frames/16092/16092_beat_0018.png
16092.mp4,19,62.195,67.333,5.137,154.0,18.0,217.6,235.6,analysis/frames/16092/16092_beat_0019.png
16092.mp4,20,67.334,69.969,2.635,79.0,9.2,235.6,244.8,analysis/frames/16092/16092_beat_0020.png
16092.mp4,21,69.97,75.074,5.104,153.0,17.9,244.8,262.7,analysis/frames/16092/16092_beat_0021.png
16092.mp4,22,75.075,79.979,4.904,147.0,17.2,262.7,279.9,analysis/frames/16092/16092_beat_0022.png
16092.mp4,23,79.98,82.782,2.802,84.0,9.8,279.9,289.7,analysis/frames/16092/16092_beat_0023.png
16092.mp4,24,82.783,86.585,3.803,114.0,13.3,289.7,303.0,analysis/frames/16092/16092_beat_0024.png
16092.mp4,25,86.587,88.587,2.001,60.0,7.0,303.0,310.0,analysis/frames/16092/16092_beat_0025.png
16092.mp4,26,88.588,92.224,3.636,109.0,12.7,310.0,322.7,analysis/frames/16092/16092_beat_0026.png
16092.mp4,27,92.225,93.192,0.967,29.0,3.4,322.7,326.1,analysis/frames/16092/16092_beat_0027.png
16092.mp4,28,93.193,94.193,1.0,30.0,3.5,326.1,329.6,analysis/frames/16092/16092_beat_0028.png
16092.mp4,29,94.194,98.631,4.437,133.0,15.5,329.6,345.1,analysis/frames/16092/16092_beat_0029.png
16092.mp4,30,98.632,100.933,2.301,69.0,8.1,345.1,353.2,analysis/frames/16092/16092_beat_0030.png
16092.mp4,31,100.934,105.137,4.203,126.0,14.7,353.2,367.9,analysis/frames/16092/16092_beat_0031.png
16092.mp4,32,105.138,111.477,6.339,190.0,22.2,367.9,390.1,analysis/frames/16092/16092_beat_0032.png
16092.mp4,33,111.478,114.347,2.869,86.0,10.0,390.1,400.1,analysis/frames/16092/16092_beat_0033.png
16092.mp4,34,114.348,119.018,4.67,140.0,16.3,400.1,416.5,analysis/frames/16092/16092_beat_0034.png
16092.mp4,35,119.019,122.888,3.87,116.0,13.5,416.5,430.0,analysis/frames/16092/16092_beat_0035.png
16092.mp4,36,122.889,125.291,2.401,72.0,8.4,430.0,438.4,analysis/frames/16092/16092_beat_0036.png
16092.mp4,37,125.292,126.025,0.733,22.0,2.6,438.4,441.0,analysis/frames/16092/16092_beat_0037.png
16092.mp4,38,126.026,127.86,1.834,55.0,6.4,441.0,447.4,analysis/frames/16092/16092_beat_0038.png
16092.mp4,39,127.861,138.504,10.643,319.0,37.3,447.4,484.6,analysis/frames/16092/16092_beat_0039.png
16092.mp4,40,138.505,143.242,4.737,142.0,16.6,484.6,501.2,analysis/frames/16092/16092_beat_0040.png
16092.mp4,41,143.243,145.711,2.468,74.0,8.6,501.2,509.9,analysis/frames/16092/16092_beat_0041.png
16092.mp4,42,145.712,147.647,1.934,58.0,6.8,509.9,516.6,analysis/frames/16092/16092_beat_0042.png
16092.mp4,43,147.648,150.149,2.501,75.0,8.8,516.6,525.4,analysis/frames/16092/16092_beat_0043.png
16092.mp4,44,150.15,153.486,3.336,100.0,11.7,525.4,537.1,analysis/frames/16092/16092_beat_0044.png
16092.mp4,45,153.487,156.122,2.635,79.0,9.2,537.1,546.3,analysis/frames/16092/16092_beat_0045.png
16092.mp4,46,156.123,161.527,5.404,162.0,18.9,546.3,565.2,analysis/frames/16092/16092_beat_0046.png
16092.mp4,47,161.528,162.762,1.234,37.0,4.3,565.2,569.5,analysis/frames/16092/16092_beat_0047.png
16092.mp4,48,162.763,164.196,1.434,43.0,5.0,569.5,574.5,analysis/frames/16092/16092_beat_0048.png
16092.mp4,49,164.197,168.534,4.337,130.0,15.2,574.5,589.7,analysis/frames/16092/16092_beat_0049.png
16092.mp4,50,168.535,171.17,2.635,79.0,9.2,589.7,598.9,analysis/frames/16092/16092_beat_0050.png
16092.mp4,51,171.171,177.61,6.439,193.0,22.5,598.9,621.5,analysis/frames/16092/16092_beat_0051.png
16092.mp4,52,177.611,182.515,4.904,147.0,17.2,621.5,638.6,analysis/frames/16092/16092_beat_0052.png
16092.mp4,53,182.516,189.088,6.572,197.0,23.0,638.6,661.6,analysis/frames/16092/16092_beat_0053.png
16092.mp4,54,189.089,189.889,0.8,24.0,2.8,661.6,664.4,analysis/frames/16092/16092_beat_0054.png
16092.mp4,55,189.89,192.024,2.134,64.0,7.5,664.4,671.9,analysis/frames/16092/16092_beat_0055.png
16092.mp4,56,192.025,199.065,7.039,211.0,24.6,671.9,696.5,analysis/frames/16092/16092_beat_0056.png
16092.mp4,57,199.066,203.169,4.103,123.0,14.4,696.5,710.9,analysis/frames/16092/16092_beat_0057.png
16092.mp4,58,203.17,204.67,1.5,45.0,5.2,710.9,716.1,analysis/frames/16092/16092_beat_0058.png
16092.mp4,59,204.671,207.306,2.635,79.0,9.2,716.1,725.4,analysis/frames/16092/16092_beat_0059.png
16092.mp4,60,207.307,212.511,5.204,156.0,18.2,725.4,743.6,analysis/frames/16092/16092_beat_0060.png
16092.mp4,61,212.512,217.383,4.871,146.0,17.0,743.6,760.6,analysis/frames/16092/16092_beat_0061.png
16092.mp4,62,217.384,219.852,2.468,74.0,8.6,760.6,769.3,analysis/frames/16092/16092_beat_0062.png
16092.mp4,63,219.853,221.954,2.101,63.0,7.4,769.3,776.6,analysis/frames/16092/16092_beat_0063.png
16092.mp4,64,221.955,223.656,1.701,51.0,6.0,776.6,782.6,analysis/frames/16092/16092_beat_0064.png
16092.mp4,65,223.657,228.961,5.304,159.0,18.6,782.6,801.1,analysis/frames/16092/16092_beat_0065.png
16092.mp4,66,228.962,230.896,1.934,58.0,6.8,801.1,807.9,analysis/frames/16092/16092_beat_0066.png
16092.mp4,67,230.897,237.303,6.405,192.0,22.4,807.9,830.3,analysis/frames/16092/16092_beat_0067.png
16092.mp4,68,237.304,240.206,2.902,87.0,10.2,830.3,840.5,analysis/frames/16092/16092_beat_0068.png
16092.mp4,69,240.207,244.877,4.67,140.0,16.3,840.5,856.8,analysis/frames/16092/16092_beat_0069.png
16092.mp4,70,244.878,249.215,4.337,130.0,15.2,856.8,872.0,analysis/frames/16092/16092_beat_0070.png
16092.mp4,71,249.216,253.219,4.003,120.0,14.0,872.0,886.0,analysis/frames/16092/16092_beat_0071.png
16092.mp4,72,253.22,254.153,0.933,28.0,3.3,886.0,889.3,analysis/frames/16092/16092_beat_0072.png
16092.mp4,73,254.154,255.588,1.434,43.0,5.0,889.3,894.3,analysis/frames/16092/16092_beat_0073.png
16092.mp4,74,255.589,263.662,8.074,242.0,28.3,894.3,922.6,analysis/frames/16092/16092_beat_0074.png
16092.mp4,75,263.663,269.568,5.905,177.0,20.7,922.6,943.2,analysis/frames/16092/16092_beat_0075.png
16092.mp4,76,269.569,274.54,4.971,149.0,17.4,943.2,960.6,analysis/frames/16092/16092_beat_0076.png
16092.mp4,77,274.541,281.514,6.973,209.0,24.4,960.6,985.0,analysis/frames/16092/16092_beat_0077.png
16092.mp4,78,281.515,286.485,4.971,149.0,17.4,985.0,1002.4,analysis/frames/16092/16092_beat_0078.png
16092.mp4,79,286.486,290.022,3.536,106.0,12.4,1002.4,1014.8,analysis/frames/16092/16092_beat_0079.png
16092.mp4,80,290.023,295.961,5.938,178.0,20.8,1014.8,1035.6,analysis/frames/16092/16092_beat_0080.png
16092.mp4,81,295.962,302.334,6.372,191.0,22.3,1035.6,1057.9,analysis/frames/16092/16092_beat_0081.png
16092.mp4,82,302.335,306.572,4.237,127.0,14.8,1057.9,1072.7,analysis/frames/16092/16092_beat_0082.png
16092.mp4,83,306.573,310.776,4.203,126.0,14.7,1072.7,1087.4,analysis/frames/16092/16092_beat_0083.png
16092.mp4,84,310.777,311.544,0.766,23.0,2.7,1087.4,1090.1,analysis/frames/16092/16092_beat_0084.png
16092.mp4,85,311.545,313.245,1.701,51.0,6.0,1090.1,1096.1,analysis/frames/16092/16092_beat_0085.png
16092.mp4,86,313.246,316.949,3.703,111.0,13.0,1096.1,1109.0,analysis/frames/16092/16092_beat_0086.png
16092.mp4,87,316.95,320.82,3.87,116.0,13.5,1109.0,1122.6,analysis/frames/16092/16092_beat_0087.png
16092.mp4,88,320.82,325.524,4.704,141.0,16.5,1122.6,1139.0,analysis/frames/16092/16092_beat_0088.png
16092.mp4,89,325.525,327.76,2.235,67.0,7.8,1139.0,1146.9,analysis/frames/16092/16092_beat_0089.png
16092.mp4,90,327.761,333.332,5.571,167.0,19.5,1146.9,1166.4,analysis/frames/16092/16092_beat_0090.png
16092.mp4,91,333.333,336.368,3.035,91.0,10.6,1166.4,1177.0,analysis/frames/16092/16092_beat_0091.png
16092.mp4,92,336.369,337.77,1.4,42.0,4.9,1177.0,1181.9,analysis/frames/16092/16092_beat_0092.png
16092.mp4,93,337.771,338.404,0.633,19.0,2.2,1181.9,1184.1,analysis/frames/16092/16092_beat_0093.png
16092.mp4,94,338.405,341.34,2.935,88.0,10.3,1184.1,1194.4,analysis/frames/16092/16092_beat_0094.png
16092.mp4,95,341.341,345.611,4.27,128.0,14.9,1194.4,1209.3,analysis/frames/16092/16092_beat_0095.png
16092.mp4,96,345.612,348.08,2.468,74.0,8.6,1209.3,1218.0,analysis/frames/16092/16092_beat_0096.png
16092.mp4,97,348.081,351.65,3.569,107.0,12.5,1218.0,1230.4,analysis/frames/16092/16092_beat_0097.png
16092.mp4,98,351.651,354.687,3.035,91.0,10.6,1230.4,1241.1,analysis/frames/16092/16092_beat_0098.png
16092.mp4,99,354.688,357.423,2.735,82.0,9.6,1241.1,1250.6,analysis/frames/16092/16092_beat_0099.png
16092.mp4,100,357.424,361.327,3.903,117.0,13.7,1250.6,1264.3,analysis/frames/16092/16092_beat_0100.png
16092.mp4,101,361.328,367.399,6.072,182.0,21.3,1264.3,1285.5,analysis/frames/16092/16092_beat_0101.png
16092.mp4,102,367.4,373.038,5.638,169.0,19.7,1285.5,1305.3,analysis/frames/16092/16092_beat_0102.png
16092.mp4,103,373.039,375.507,2.468,74.0,8.6,1305.3,1313.9,analysis/frames/16092/16092_beat_0103.png
16092.mp4,104,375.508,376.475,0.967,29.0,3.4,1313.9,1317.3,analysis/frames/16092/16092_beat_0104.png
16092.mp4,105,376.476,377.443,0.967,29.0,3.4,1317.3,1320.7,analysis/frames/16092/16092_beat_0105.png
16092.mp4,106,377.444,378.477,1.033,31.0,3.6,1320.7,1324.3,analysis/frames/16092/16092_beat_0106.png
16092.mp4,107,378.478,379.211,0.733,22.0,2.6,1324.3,1326.9,analysis/frames/16092/16092_beat_0107.png
16092.mp4,108,379.212,380.913,1.701,51.0,6.0,1326.9,1332.8,analysis/frames/16092/16092_beat_0108.png
16092.mp4,109,380.914,385.818,4.904,147.0,17.2,1332.8,1350.0,analysis/frames/16092/16092_beat_0109.png
16092.mp4,110,385.819,387.319,1.501,45.0,5.3,1350.0,1355.2,analysis/frames/16092/16092_beat_0110.png
16092.mp4,111,387.32,391.891,4.57,137.0,16.0,1355.2,1371.2,analysis/frames/16092/16092_beat_0111.png
16092.mp4,112,391.892,396.996,5.104,153.0,17.9,1371.2,1389.1,analysis/frames/16092/16092_beat_0112.png
16092.mp4,113,396.997,403.402,6.405,192.0,22.4,1389.1,1411.5,analysis/frames/16092/16092_beat_0113.png
16092.mp4,114,403.403,405.137,1.734,52.0,6.1,1411.5,1417.6,analysis/frames/16092/16092_beat_0114.png
16092.mp4,115,405.138,407.84,2.702,81.0,9.5,1417.6,1427.0,analysis/frames/16092/16092_beat_0115.png
16092.mp4,116,407.841,413.913,6.072,182.0,21.3,1427.0,1448.3,analysis/frames/16092/16092_beat_0116.png
16092.mp4,117,413.913,416.282,2.368,71.0,8.3,1448.3,1456.6,analysis/frames/16092/16092_beat_0117.png
16092.mp4,118,416.283,419.351,3.069,92.0,10.7,1456.6,1467.3,analysis/frames/16092/16092_beat_0118.png
16092.mp4,119,419.352,422.821,3.469,104.0,12.1,1467.3,1479.5,analysis/frames/16092/16092_beat_0119.png
16092.mp4,120,422.822,426.091,3.269,98.0,11.4,1479.5,1490.9,analysis/frames/16092/16092_beat_0120.png
16092.mp4,121,426.092,428.46,2.368,71.0,8.3,1490.9,1499.2,analysis/frames/16092/16092_beat_0121.png
16092.mp4,122,428.461,432.131,3.669,110.0,12.8,1499.2,1512.0,analysis/frames/16092/16092_beat_0122.png
16092.mp4,123,432.132,437.102,4.971,149.0,17.4,1512.0,1529.4,analysis/frames/16092/16092_beat_0123.png
16092.mp4,124,437.103,441.106,4.003,120.0,14.0,1529.4,1543.4,analysis/frames/16092/16092_beat_0124.png
16092.mp4,125,441.107,441.907,0.8,24.0,2.8,1543.4,1546.2,analysis/frames/16092/16092_beat_0125.png
16092.mp4,126,441.908,444.276,2.368,71.0,8.3,1546.2,1554.5,analysis/frames/16092/16092_beat_0126.png
16092.mp4,127,444.277,449.081,4.804,144.0,16.8,1554.5,1571.3,analysis/frames/16092/16092_beat_0127.png
16092.mp4,128,449.082,455.688,6.606,198.0,23.1,1571.3,1594.5,analysis/frames/16092/16092_beat_0128.png
16092.mp4,129,455.689,459.258,3.569,107.0,12.5,1594.5,1607.0,analysis/frames/16092/16092_beat_0129.png
16092.mp4,130,459.259,460.492,1.234,37.0,4.3,1607.0,1611.3,analysis/frames/16092/16092_beat_0130.png
16092.mp4,131,460.493,463.495,3.002,90.0,10.5,1611.3,1621.8,analysis/frames/16092/16092_beat_0131.png
16092.mp4,132,463.496,467.132,3.636,109.0,12.7,1621.8,1634.5,analysis/frames/16092/16092_beat_0132.png
16092.mp4,133,467.133,472.137,5.004,150.0,17.5,1634.5,1652.0,analysis/frames/16092/16092_beat_0133.png
16092.mp4,134,472.138,475.874,3.736,112.0,13.1,1652.0,1665.1,analysis/frames/16092/16092_beat_0134.png
16092.mp4,135,475.875,477.977,2.101,63.0,7.4,1665.1,1672.5,analysis/frames/16092/16092_beat_0135.png
16092.mp4,136,477.978,479.445,1.467,44.0,5.1,1672.5,1677.6,analysis/frames/16092/16092_beat_0136.png
16092.mp4,137,479.446,481.447,2.001,60.0,7.0,1677.6,1684.6,analysis/frames/16092/16092_beat_0137.png
16092.mp4,138,481.448,484.049,2.602,78.0,9.1,1684.6,1693.7,analysis/frames/16092/16092_beat_0138.png
16092.mp4,139,484.05,486.051,2.001,60.0,7.0,1693.7,1700.7,analysis/frames/16092/16092_beat_0139.png
16092.mp4,140,486.052,490.723,4.67,140.0,16.3,1700.7,1717.1,analysis/frames/16092/16092_beat_0140.png
16092.mp4,141,490.724,493.826,3.102,93.0,10.9,1717.1,1727.9,analysis/frames/16092/16092_beat_0141.png
16092.mp4,142,493.827,497.229,3.402,102.0,11.9,1727.9,1739.8,analysis/frames/16092/16092_beat_0142.png
16092.mp4,143,497.23,498.697,1.467,44.0,5.1,1739.8,1744.9,analysis/frames/16092/16092_beat_0143.png
16092.mp4,144,498.698,499.898,1.2,36.0,4.2,1744.9,1749.1,analysis/frames/16092/16092_beat_0144.png
16092.mp4,145,499.899,500.699,0.8,24.0,2.8,1749.1,1751.9,analysis/frames/16092/16092_beat_0145.png
16092.mp4,146,500.7,502.935,2.235,67.0,7.8,1751.9,1759.8,analysis/frames/16092/16092_beat_0146.png
16092.mp4,147,502.936,505.337,2.401,72.0,8.4,1759.8,1768.2,analysis/frames/16092/16092_beat_0147.png
16092.mp4,148,505.338,510.342,5.004,150.0,17.5,1768.2,1785.7,analysis/frames/16092/16092_beat_0148.png
16092.mp4,149,510.343,513.445,3.102,93.0,10.9,1785.7,1796.5,analysis/frames/16092/16092_beat_0149.png
16092.mp4,150,513.446,517.549,4.103,123.0,14.4,1796.5,1810.9,analysis/frames/16092/16092_beat_0150.png
16092.mp4,151,517.55,520.652,3.102,93.0,10.9,1810.9,1821.8,analysis/frames/16092/16092_beat_0151.png
16092.mp4,152,520.653,523.255,2.602,78.0,9.1,1821.8,1830.9,analysis/frames/16092/16092_beat_0152.png
16092.mp4,153,523.256,525.791,2.535,76.0,8.9,1830.9,1839.7,analysis/frames/16092/16092_beat_0153.png
16092.mp4,154,525.792,528.861,3.069,92.0,10.7,1839.7,1850.5,analysis/frames/16092/16092_beat_0154.png
16092.mp4,155,528.862,532.364,3.503,105.0,12.3,1850.5,1862.7,analysis/frames/16092/16092_beat_0155.png
16092.mp4,156,532.365,535.434,3.069,92.0,10.7,1862.7,1873.5,analysis/frames/16092/16092_beat_0156.png
16092.mp4,157,535.435,538.437,3.002,90.0,10.5,1873.5,1884.0,analysis/frames/16092/16092_beat_0157.png
16092.mp4,158,538.438,542.541,4.103,123.0,14.4,1884.0,1898.4,analysis/frames/16092/16092_beat_0158.png
16092.mp4,159,542.542,544.376,1.834,55.0,6.4,1898.4,1904.8,analysis/frames/16092/16092_beat_0159.png
16092.mp4,160,544.377,547.012,2.635,79.0,9.2,1904.8,1914.0,analysis/frames/16092/16092_beat_0160.png
16092.mp4,161,547.013,550.883,3.87,116.0,13.5,1914.0,1927.5,analysis/frames/16092/16092_beat_0161.png
16092.mp4,162,550.884,556.088,5.204,156.0,18.2,1927.5,1945.8,analysis/frames/16092/16092_beat_0162.png
16092.mp4,163,556.089,559.792,3.703,111.0,13.0,1945.8,1958.7,analysis/frames/16092/16092_beat_0163.png
16092.mp4,164,559.793,563.662,3.87,116.0,13.5,1958.7,1972.3,analysis/frames/16092/16092_beat_0164.png
16092.mp4,165,563.663,564.363,0.7,21.0,2.4,1972.3,1974.7,analysis/frames/16092/16092_beat_0165.png
16092.mp4,166,564.364,566.598,2.235,67.0,7.8,1974.7,1982.5,analysis/frames/16092/16092_beat_0166.png
16092.mp4,167,566.599,571.537,4.937,148.0,17.3,1982.5,1999.8,analysis/frames/16092/16092_beat_0167.png
16092.mp4,168,571.538,573.906,2.368,71.0,8.3,1999.8,2008.1,analysis/frames/16092/16092_beat_0168.png
16092.mp4,169,573.907,574.773,0.867,26.0,3.0,2008.1,2011.1,analysis/frames/16092/16092_beat_0169.png
16092.mp4,170,574.774,581.547,6.772,203.0,23.7,2011.1,2034.8,analysis/frames/16092/16092_beat_0170.png
16092.mp4,171,581.548,586.452,4.904,147.0,17.2,2034.8,2052.0,analysis/frames/16092/16092_beat_0171.png
16092.mp4,172,586.453,588.587,2.134,64.0,7.5,2052.0,2059.5,analysis/frames/16092/16092_beat_0172.png
16092.mp4,173,588.588,591.323,2.735,82.0,9.6,2059.5,2069.0,analysis/frames/16092/16092_beat_0173.png
16092.mp4,174,591.324,595.861,4.537,136.0,15.9,2069.0,2084.9,analysis/frames/16092/16092_beat_0174.png
16092.mp4,175,595.862,602.468,6.606,198.0,23.1,2084.9,2108.0,analysis/frames/16092/16092_beat_0175.png
16092.mp4,176,602.469,607.239,4.77,143.0,16.7,2108.0,2124.7,analysis/frames/16092/16092_beat_0176.png
16092.mp4,177,607.24,608.407,1.167,35.0,4.1,2124.7,2128.8,analysis/frames/16092/16092_beat_0177.png
16092.mp4,178,608.408,613.178,4.77,143.0,16.7,2128.8,2145.5,analysis/frames/16092/16092_beat_0178.png
16092.mp4,179,613.179,614.746,1.567,47.0,5.5,2145.5,2151.0,analysis/frames/16092/16092_beat_0179.png
16092.mp4,180,614.747,618.684,3.936,118.0,13.8,2151.0,2164.8,analysis/frames/16092/16092_beat_0180.png
16092.mp4,181,618.685,619.485,0.8,24.0,2.8,2164.8,2167.6,analysis/frames/16092/16092_beat_0181.png
16092.mp4,182,619.486,625.724,6.239,187.0,21.8,2167.6,2189.4,analysis/frames/16092/16092_beat_0182.png
16092.mp4,183,625.725,629.528,3.803,114.0,13.3,2189.4,2202.7,analysis/frames/16092/16092_beat_0183.png
16092.mp4,184,629.529,632.764,3.236,97.0,11.3,2202.7,2214.1,analysis/frames/16092/16092_beat_0184.png
16092.mp4,185,632.765,633.632,0.867,26.0,3.0,2214.1,2217.1,analysis/frames/16092/16092_beat_0185.png
16092.mp4,186,633.633,637.769,4.136,124.0,14.5,2217.1,2231.6,analysis/frames/16092/16092_beat_0186.png
16092.mp4,187,637.77,647.88,10.11,303.0,35.4,2231.6,2266.9,analysis/frames/16092/16092_beat_0187.png
